; @ICARO-PRO v1.0
; @FRAMES 15
; @GRID 128x96
; @GENERATED 2026-06-12T08:53:42.297Z
;
; @CLIP id=1 start=1 len=15 collapsed=false
C FRAME 1
CLR 1
PNT 0 6 128 1 0
PNT 0 7 128 1 0
PNT 110 8 1 1 5
PNT 109 9 1 1 5
PNT 116 9 1 1 5
PNT 0 10 20 1 0
PNT 22 10 62 1 0
PNT 86 10 19 1 0
PNT 105 10 1 1 5
PNT 106 10 1 1 0
PNT 107 10 1 1 7
PNT 108 10 2 1 5
PNT 110 10 5 1 0
PNT 115 10 1 1 5
PNT 116 10 12 1 0
PNT 0 11 105 1 0
PNT 105 11 1 1 5
PNT 106 11 2 1 0
PNT 108 11 1 1 5
PNT 109 11 3 1 0
PNT 112 11 1 1 5
PNT 113 11 1 1 0
PNT 114 11 1 1 7
PNT 115 11 2 1 5
PNT 117 11 11 1 0
PNT 106 12 2 1 5
PNT 108 12 1 1 6
PNT 109 12 1 1 5
PNT 112 12 1 1 5
PNT 114 12 2 1 5
PNT 106 13 2 1 5
PNT 108 13 1 1 6
PNT 109 13 1 1 5
PNT 113 13 1 1 5
PNT 114 13 1 1 6
PNT 115 13 1 1 5
PNT 0 14 105 1 0
PNT 105 14 2 1 5
PNT 107 14 1 1 7
PNT 108 14 1 1 5
PNT 109 14 4 1 0
PNT 113 14 3 1 5
PNT 116 14 12 1 0
PNT 0 15 105 1 0
PNT 105 15 4 1 5
PNT 109 15 4 1 0
PNT 113 15 1 1 7
PNT 114 15 1 1 5
PNT 115 15 13 1 0
PNT 106 16 2 1 5
PNT 113 16 3 1 5
PNT 86 17 1 1 4
PNT 106 17 2 1 5
PNT 108 17 3 1 6
PNT 112 17 1 1 5
PNT 114 17 1 1 5
PNT 0 18 6 1 0
PNT 10 18 52 1 0
PNT 64 18 2 1 0
PNT 66 18 1 1 3
PNT 67 18 18 1 0
PNT 85 18 1 1 4
PNT 86 18 1 1 0
PNT 87 18 1 1 4
PNT 88 18 6 1 0
PNT 96 18 7 1 0
PNT 103 18 11 1 7
PNT 114 18 1 1 6
PNT 115 18 13 1 0
PNT 0 19 10 1 0
PNT 13 19 17 1 0
PNT 32 19 35 1 0
PNT 67 19 2 1 3
PNT 69 19 15 1 0
PNT 84 19 1 1 5
PNT 85 19 1 1 0
PNT 86 19 1 1 4
PNT 87 19 1 1 0
PNT 88 19 1 1 4
PNT 89 19 12 1 0
PNT 101 19 2 1 7
PNT 103 19 1 1 6
PNT 104 19 1 1 7
PNT 105 19 5 1 5
PNT 110 19 1 1 7
PNT 111 19 1 1 5
PNT 113 19 1 1 5
PNT 114 19 2 1 7
PNT 116 19 2 1 0
PNT 118 19 2 1 4
PNT 120 19 8 1 0
PNT 68 20 2 1 3
PNT 70 20 1 1 4
PNT 84 20 1 1 5
PNT 98 20 1 1 3
PNT 99 20 1 1 2
PNT 100 20 1 1 3
PNT 101 20 3 1 2
PNT 104 20 2 1 5
PNT 106 20 5 1 3
PNT 111 20 3 1 5
PNT 114 20 1 1 2
PNT 115 20 1 1 5
PNT 116 20 2 1 7
PNT 74 21 1 1 4
PNT 83 21 1 1 5
PNT 85 21 1 1 5
PNT 87 21 1 1 4
PNT 97 21 1 1 2
PNT 98 21 1 1 7
PNT 99 21 1 1 6
PNT 101 21 1 1 2
PNT 106 21 5 1 5
PNT 111 21 2 1 3
PNT 113 21 3 1 5
PNT 116 21 1 1 7
PNT 117 21 1 1 4
PNT 118 21 1 1 7
PNT 0 22 22 1 0
PNT 26 22 16 1 0
PNT 45 22 27 1 0
PNT 72 22 2 1 4
PNT 77 22 6 1 0
PNT 83 22 1 1 5
PNT 84 22 1 1 0
PNT 85 22 1 1 5
PNT 86 22 8 1 0
PNT 95 22 1 1 0
PNT 96 22 1 1 3
PNT 97 22 1 1 6
PNT 99 22 2 1 2
PNT 103 22 3 1 2
PNT 109 22 2 1 0
PNT 111 22 1 1 7
PNT 112 22 1 1 6
PNT 113 22 3 1 5
PNT 116 22 2 1 4
PNT 118 22 1 1 2
PNT 119 22 1 1 7
PNT 120 22 8 1 0
PNT 0 23 26 1 0
PNT 29 23 17 1 0
PNT 48 23 26 1 0
PNT 74 23 2 1 4
PNT 76 23 1 1 0
PNT 77 23 1 1 5
PNT 80 23 2 1 0
PNT 82 23 1 1 5
PNT 83 23 1 1 0
PNT 84 23 1 1 5
PNT 85 23 1 1 0
PNT 86 23 1 1 5
PNT 87 23 7 1 0
PNT 94 23 2 1 2
PNT 97 23 1 1 2
PNT 98 23 1 1 6
PNT 100 23 1 1 3
PNT 101 23 2 1 5
PNT 104 23 1 1 3
PNT 105 23 1 1 5
PNT 106 23 1 1 4
PNT 107 23 1 1 3
PNT 108 23 1 1 2
PNT 112 23 2 1 2
PNT 114 23 1 1 3
PNT 115 23 5 1 4
PNT 121 23 1 1 4
PNT 122 23 6 1 0
PNT 76 24 1 1 4
PNT 77 24 1 1 5
PNT 79 24 2 1 5
PNT 82 24 1 1 5
PNT 84 24 1 1 5
PNT 94 24 1 1 3
PNT 95 24 1 1 2
PNT 96 24 1 1 6
PNT 98 24 1 1 3
PNT 99 24 1 1 2
PNT 102 24 4 1 4
PNT 106 24 1 1 3
PNT 107 24 1 1 2
PNT 114 24 2 1 2
PNT 116 24 1 1 5
PNT 117 24 5 1 4
PNT 122 24 1 1 2
PNT 78 25 2 1 5
PNT 81 25 3 1 5
PNT 85 25 1 1 5
PNT 93 25 1 1 2
PNT 94 25 1 1 7
PNT 95 25 2 1 6
PNT 97 25 1 1 2
PNT 99 25 1 1 6
PNT 100 25 1 1 5
PNT 101 25 1 1 6
PNT 102 25 3 1 4
PNT 105 25 1 1 3
PNT 106 25 1 1 2
PNT 109 25 1 1 2
PNT 112 25 1 1 2
PNT 113 25 2 1 3
PNT 116 25 1 1 2
PNT 117 25 1 1 4
PNT 118 25 1 1 7
PNT 119 25 1 1 4
PNT 120 25 1 1 7
PNT 0 26 80 1 0
PNT 80 26 2 1 5
PNT 82 26 1 1 0
PNT 83 26 2 1 5
PNT 85 26 5 1 0
PNT 91 26 1 1 0
PNT 92 26 1 1 3
PNT 93 26 1 1 2
PNT 94 26 1 1 6
PNT 96 26 1 1 3
PNT 97 26 5 1 6
PNT 102 26 2 1 7
PNT 104 26 1 1 3
PNT 105 26 1 1 4
PNT 109 26 3 1 6
PNT 112 26 1 1 5
PNT 113 26 1 1 2
PNT 118 26 2 1 4
PNT 120 26 1 1 3
PNT 121 26 7 1 0
PNT 0 27 80 1 0
PNT 80 27 1 1 5
PNT 81 27 1 1 0
PNT 82 27 4 1 5
PNT 86 27 4 1 0
PNT 90 27 1 1 2
PNT 91 27 1 1 7
PNT 93 27 2 1 6
PNT 95 27 1 1 2
PNT 97 27 1 1 5
PNT 98 27 2 1 6
PNT 101 27 2 1 6
PNT 103 27 2 1 4
PNT 105 27 1 1 7
PNT 106 27 2 1 5
PNT 108 27 1 1 3
PNT 112 27 1 1 3
PNT 113 27 3 1 5
PNT 116 27 1 1 4
PNT 117 27 1 1 5
PNT 118 27 1 1 4
PNT 119 27 1 1 7
PNT 120 27 8 1 0
PNT 80 28 1 1 6
PNT 81 28 1 1 0
PNT 82 28 1 1 7
PNT 83 28 1 1 6
PNT 84 28 2 1 5
PNT 90 28 1 1 6
PNT 91 28 1 1 2
PNT 92 28 1 1 6
PNT 94 28 1 1 3
PNT 95 28 1 1 6
PNT 96 28 1 1 5
PNT 97 28 5 1 6
PNT 104 28 1 1 4
PNT 105 28 1 1 5
PNT 106 28 2 1 7
PNT 108 28 1 1 5
PNT 109 28 1 1 2
PNT 110 28 1 1 3
PNT 111 28 1 1 2
PNT 112 28 2 1 5
PNT 114 28 1 1 4
PNT 116 28 1 1 4
PNT 117 28 2 1 7
PNT 78 29 1 1 6
PNT 79 29 1 1 0
PNT 80 29 1 1 7
PNT 81 29 1 1 6
PNT 82 29 1 1 7
PNT 83 29 1 1 6
PNT 84 29 1 1 0
PNT 86 29 1 1 5
PNT 89 29 1 1 6
PNT 90 29 1 1 7
PNT 91 29 2 1 6
PNT 93 29 1 1 2
PNT 95 29 1 1 5
PNT 96 29 2 1 6
PNT 99 29 3 1 6
PNT 103 29 1 1 4
PNT 106 29 1 1 4
PNT 107 29 1 1 5
PNT 108 29 3 1 7
PNT 114 29 1 1 4
PNT 115 29 2 1 7
PNT 117 29 1 1 4
PNT 0 30 10 1 0
PNT 12 30 54 1 0
PNT 68 30 8 1 0
PNT 76 30 1 1 6
PNT 77 30 1 1 0
PNT 78 30 1 1 7
PNT 79 30 1 1 6
PNT 80 30 1 1 7
PNT 81 30 1 1 5
PNT 82 30 1 1 0
PNT 83 30 1 1 2
PNT 84 30 1 1 6
PNT 85 30 1 1 0
PNT 87 30 2 1 6
PNT 89 30 1 1 7
PNT 90 30 1 1 3
PNT 92 30 1 1 3
PNT 93 30 2 1 5
PNT 95 30 3 1 6
PNT 100 30 2 1 0
PNT 102 30 1 1 4
PNT 103 30 2 1 0
PNT 105 30 1 1 4
PNT 106 30 4 1 0
PNT 110 30 1 1 5
PNT 111 30 4 1 7
PNT 115 30 1 1 4
PNT 116 30 2 1 0
PNT 118 30 1 1 4
PNT 119 30 9 1 0
PNT 0 31 14 1 0
PNT 16 31 18 1 0
PNT 36 31 38 1 0
PNT 74 31 1 1 6
PNT 75 31 1 1 0
PNT 76 31 1 1 7
PNT 77 31 1 1 6
PNT 78 31 1 1 7
PNT 79 31 1 1 5
PNT 80 31 1 1 0
PNT 81 31 1 1 2
PNT 83 31 2 1 5
PNT 85 31 1 1 4
PNT 86 31 1 1 2
PNT 87 31 1 1 6
PNT 89 31 2 1 7
PNT 91 31 1 1 2
PNT 93 31 3 1 6
PNT 97 31 3 1 6
PNT 100 31 4 1 0
PNT 104 31 1 1 4
PNT 105 31 11 1 0
PNT 116 31 1 1 4
PNT 117 31 11 1 0
PNT 72 32 1 1 6
PNT 73 32 1 1 0
PNT 74 32 1 1 7
PNT 75 32 1 1 6
PNT 76 32 1 1 7
PNT 77 32 1 1 5
PNT 78 32 1 1 0
PNT 79 32 1 1 2
PNT 81 32 2 1 5
PNT 83 32 1 1 4
PNT 85 32 2 1 6
PNT 87 32 1 1 2
PNT 88 32 1 1 7
PNT 89 32 1 1 2
PNT 92 32 2 1 6
PNT 96 32 2 1 6
PNT 70 33 1 1 5
PNT 71 33 1 1 0
PNT 72 33 2 1 6
PNT 76 33 1 1 0
PNT 77 33 1 1 2
PNT 80 33 1 1 5
PNT 81 33 2 1 4
PNT 83 33 1 1 7
PNT 85 33 1 1 6
PNT 87 33 1 1 7
PNT 88 33 1 1 5
PNT 89 33 1 1 2
PNT 91 33 3 1 6
PNT 95 33 1 1 6
PNT 0 34 26 1 0
PNT 28 34 2 1 0
PNT 32 34 16 1 0
PNT 51 34 17 1 0
PNT 68 34 1 1 5
PNT 69 34 1 1 0
PNT 70 34 1 1 6
PNT 71 34 1 1 5
PNT 72 34 1 1 6
PNT 73 34 1 1 5
PNT 74 34 1 1 0
PNT 75 34 1 1 2
PNT 77 34 2 1 5
PNT 79 34 1 1 4
PNT 83 34 1 1 4
PNT 84 34 1 1 6
PNT 85 34 1 1 2
PNT 86 34 1 1 6
PNT 87 34 1 1 7
PNT 88 34 1 1 3
PNT 89 34 1 1 5
PNT 90 34 6 1 6
PNT 96 34 16 1 0
PNT 115 34 13 1 0
PNT 0 35 32 1 0
PNT 35 35 9 1 0
PNT 44 35 6 1 7
PNT 52 35 8 1 7
PNT 60 35 1 1 6
PNT 61 35 5 1 0
PNT 66 35 1 1 5
PNT 67 35 1 1 0
PNT 68 35 1 1 6
PNT 69 35 1 1 5
PNT 70 35 1 1 6
PNT 71 35 1 1 4
PNT 72 35 1 1 0
PNT 73 35 1 1 2
PNT 75 35 2 1 5
PNT 77 35 2 1 4
PNT 79 35 1 1 6
PNT 80 35 2 1 4
PNT 85 35 1 1 6
PNT 86 35 1 1 7
PNT 87 35 1 1 2
PNT 89 35 3 1 6
PNT 93 35 3 1 6
PNT 96 35 18 1 0
PNT 116 35 12 1 0
PNT 38 36 1 1 2
PNT 40 36 4 1 7
PNT 44 36 14 1 6
PNT 58 36 1 1 2
PNT 59 36 1 1 6
PNT 60 36 4 1 7
PNT 64 36 1 1 4
PNT 65 36 1 1 0
PNT 66 36 1 1 6
PNT 67 36 1 1 5
PNT 68 36 1 1 6
PNT 69 36 1 1 4
PNT 70 36 1 1 0
PNT 71 36 1 1 2
PNT 73 36 4 1 4
PNT 77 36 1 1 6
PNT 78 36 2 1 4
PNT 80 36 1 1 6
PNT 81 36 1 1 5
PNT 82 36 3 1 6
PNT 86 36 1 1 7
PNT 87 36 1 1 2
PNT 88 36 6 1 6
PNT 34 37 1 1 2
PNT 36 37 4 1 7
PNT 40 37 2 1 6
PNT 42 37 1 1 2
PNT 43 37 1 1 6
PNT 44 37 1 1 2
PNT 45 37 1 1 6
PNT 46 37 1 1 2
PNT 47 37 15 1 6
PNT 62 37 1 1 2
PNT 63 37 1 1 0
PNT 64 37 4 1 7
PNT 68 37 1 1 0
PNT 69 37 1 1 2
PNT 71 37 2 1 4
PNT 73 37 1 1 3
PNT 74 37 1 1 4
PNT 75 37 1 1 6
PNT 76 37 2 1 4
PNT 78 37 4 1 5
PNT 83 37 1 1 6
PNT 85 37 2 1 7
PNT 87 37 2 1 6
PNT 89 37 1 1 5
PNT 91 37 3 1 6
PNT 0 38 10 1 0
PNT 10 38 1 1 2
PNT 11 38 19 1 0
PNT 30 38 1 1 2
PNT 31 38 1 1 0
PNT 32 38 4 1 7
PNT 36 38 2 1 6
PNT 38 38 1 1 2
PNT 39 38 1 1 6
PNT 40 38 1 1 2
PNT 41 38 1 1 6
PNT 42 38 1 1 7
PNT 43 38 1 1 0
PNT 44 38 3 1 7
PNT 47 38 1 1 0
PNT 48 38 3 1 7
PNT 51 38 1 1 0
PNT 52 38 1 1 7
PNT 54 38 1 1 7
PNT 55 38 1 1 0
PNT 56 38 1 1 6
PNT 58 38 1 1 6
PNT 60 38 1 1 6
PNT 61 38 1 1 0
PNT 62 38 1 1 5
PNT 64 38 1 1 5
PNT 65 38 1 1 4
PNT 66 38 1 1 0
PNT 67 38 1 1 2
PNT 69 38 3 1 7
PNT 72 38 1 1 3
PNT 73 38 1 1 6
PNT 74 38 2 1 4
PNT 76 38 2 1 0
PNT 78 38 1 1 6
PNT 79 38 3 1 5
PNT 84 38 1 1 3
PNT 85 38 1 1 7
PNT 86 38 1 1 3
PNT 87 38 1 1 6
PNT 88 38 4 1 5
PNT 92 38 36 1 0
PNT 0 39 9 1 0
PNT 9 39 1 1 3
PNT 10 39 18 1 0
PNT 29 39 3 1 7
PNT 32 39 2 1 4
PNT 34 39 1 1 2
PNT 35 39 1 1 6
PNT 36 39 1 1 2
PNT 37 39 1 1 6
PNT 38 39 1 1 7
PNT 39 39 1 1 0
PNT 40 39 5 1 7
PNT 45 39 1 1 0
PNT 46 39 2 1 7
PNT 48 39 1 1 0
PNT 49 39 2 1 7
PNT 51 39 1 1 0
PNT 52 39 2 1 7
PNT 54 39 1 1 0
PNT 55 39 4 1 7
PNT 59 39 1 1 0
PNT 60 39 2 1 6
PNT 62 39 1 1 5
PNT 63 39 2 1 3
PNT 65 39 1 1 2
PNT 67 39 2 1 4
PNT 69 39 1 1 3
PNT 70 39 1 1 2
PNT 71 39 1 1 5
PNT 72 39 4 1 7
PNT 76 39 2 1 0
PNT 78 39 2 1 5
PNT 81 39 2 1 5
PNT 83 39 1 1 2
PNT 84 39 1 1 7
PNT 85 39 1 1 5
PNT 86 39 1 1 6
PNT 87 39 1 1 5
PNT 89 39 3 1 5
PNT 92 39 36 1 0
PNT 6 40 1 1 4
PNT 8 40 1 1 3
PNT 11 40 1 1 6
PNT 25 40 2 1 6
PNT 27 40 2 1 7
PNT 29 40 3 1 4
PNT 32 40 1 1 2
PNT 33 40 1 1 6
PNT 34 40 1 1 7
PNT 35 40 1 1 0
PNT 36 40 3 1 7
PNT 39 40 1 1 0
PNT 40 40 1 1 7
PNT 42 40 1 1 7
PNT 43 40 1 1 6
PNT 44 40 1 1 2
PNT 45 40 1 1 5
PNT 46 40 1 1 7
PNT 48 40 2 1 5
PNT 50 40 1 1 7
PNT 51 40 2 1 5
PNT 54 40 1 1 7
PNT 55 40 1 1 5
PNT 56 40 1 1 7
PNT 57 40 1 1 0
PNT 58 40 2 1 7
PNT 60 40 1 1 4
PNT 61 40 1 1 5
PNT 62 40 1 1 7
PNT 63 40 1 1 2
PNT 65 40 2 1 3
PNT 67 40 2 1 6
PNT 70 40 1 1 6
PNT 73 40 2 1 5
PNT 75 40 1 1 6
PNT 76 40 3 1 7
PNT 79 40 3 1 5
PNT 82 40 1 1 2
PNT 83 40 1 1 7
PNT 84 40 1 1 5
PNT 85 40 1 1 2
PNT 86 40 2 1 5
PNT 89 40 1 1 5
PNT 5 41 1 1 4
PNT 7 41 1 1 4
PNT 9 41 1 1 6
PNT 12 41 1 1 6
PNT 23 41 2 1 6
PNT 25 41 2 1 7
PNT 27 41 1 1 4
PNT 28 41 1 1 2
PNT 29 41 1 1 6
PNT 30 41 1 1 2
PNT 31 41 1 1 0
PNT 32 41 4 1 7
PNT 36 41 1 1 0
PNT 37 41 2 1 7
PNT 39 41 2 1 6
PNT 41 41 4 1 5
PNT 45 41 1 1 2
PNT 46 41 1 1 5
PNT 47 41 1 1 2
PNT 48 41 1 1 5
PNT 49 41 1 1 2
PNT 50 41 1 1 5
PNT 51 41 1 1 2
PNT 52 41 1 1 5
PNT 53 41 1 1 2
PNT 54 41 1 1 5
PNT 55 41 2 1 2
PNT 57 41 1 1 5
PNT 58 41 1 1 7
PNT 59 41 1 1 5
PNT 60 41 1 1 3
PNT 61 41 1 1 5
PNT 63 41 1 1 0
PNT 64 41 2 1 7
PNT 66 41 1 1 6
PNT 67 41 1 1 0
PNT 68 41 1 1 3
PNT 69 41 4 1 6
PNT 74 41 1 1 2
PNT 75 41 1 1 6
PNT 77 41 2 1 5
PNT 79 41 2 1 7
PNT 81 41 1 1 5
PNT 82 41 2 1 7
PNT 84 41 1 1 6
PNT 85 41 1 1 5
PNT 87 41 2 1 5
PNT 89 41 1 1 2
PNT 0 42 4 1 0
PNT 4 42 1 1 5
PNT 5 42 1 1 0
PNT 6 42 4 1 4
PNT 10 42 1 1 6
PNT 11 42 1 1 0
PNT 12 42 1 1 6
PNT 13 42 8 1 0
PNT 21 42 1 1 7
PNT 22 42 1 1 6
PNT 23 42 2 1 7
PNT 25 42 1 1 5
PNT 26 42 1 1 2
PNT 27 42 1 1 0
PNT 28 42 1 1 6
PNT 29 42 1 1 7
PNT 30 42 2 1 6
PNT 32 42 1 1 7
PNT 33 42 1 1 0
PNT 34 42 1 1 7
PNT 36 42 1 1 6
PNT 37 42 3 1 5
PNT 40 42 1 1 0
PNT 42 42 1 1 5
PNT 43 42 1 1 0
PNT 44 42 1 1 5
PNT 46 42 1 1 0
PNT 47 42 2 1 5
PNT 49 42 1 1 0
PNT 50 42 2 1 5
PNT 52 42 2 1 0
PNT 54 42 1 1 5
PNT 55 42 1 1 0
PNT 56 42 1 1 5
PNT 57 42 1 1 2
PNT 58 42 1 1 0
PNT 59 42 1 1 2
PNT 60 42 1 1 5
PNT 61 42 1 1 2
PNT 62 42 1 1 7
PNT 63 42 1 1 5
PNT 64 42 1 1 7
PNT 65 42 1 1 2
PNT 66 42 1 1 0
PNT 67 42 1 1 7
PNT 68 42 1 1 6
PNT 69 42 1 1 2
PNT 70 42 1 1 6
PNT 71 42 1 1 0
PNT 72 42 2 1 6
PNT 77 42 4 1 5
PNT 81 42 1 1 7
PNT 82 42 2 1 6
PNT 84 42 1 1 3
PNT 85 42 1 1 5
PNT 86 42 1 1 2
PNT 88 42 1 1 2
PNT 89 42 39 1 0
PNT 0 43 3 1 0
PNT 3 43 4 1 5
PNT 7 43 2 1 4
PNT 9 43 1 1 0
PNT 10 43 2 1 4
PNT 12 43 1 1 0
PNT 13 43 1 1 6
PNT 14 43 1 1 0
PNT 15 43 1 1 7
PNT 16 43 3 1 6
PNT 19 43 2 1 7
PNT 21 43 1 1 2
PNT 22 43 1 1 7
PNT 23 43 1 1 5
PNT 24 43 1 1 2
PNT 25 43 1 1 5
PNT 26 43 1 1 6
PNT 27 43 1 1 7
PNT 28 43 2 1 6
PNT 30 43 1 1 7
PNT 31 43 1 1 6
PNT 32 43 1 1 2
PNT 33 43 2 1 6
PNT 35 43 2 1 5
PNT 37 43 1 1 0
PNT 38 43 2 1 5
PNT 40 43 1 1 3
PNT 41 43 1 1 5
PNT 43 43 1 1 5
PNT 44 43 1 1 3
PNT 45 43 1 1 6
PNT 47 43 1 1 5
PNT 48 43 1 1 3
PNT 49 43 1 1 6
PNT 51 43 1 1 5
PNT 52 43 1 1 3
PNT 53 43 1 1 6
PNT 55 43 1 1 5
PNT 56 43 1 1 3
PNT 58 43 2 1 5
PNT 60 43 3 1 2
PNT 63 43 1 1 5
PNT 64 43 1 1 2
PNT 65 43 1 1 5
PNT 66 43 1 1 7
PNT 67 43 3 1 4
PNT 70 43 1 1 3
PNT 71 43 1 1 6
PNT 73 43 2 1 6
PNT 75 43 1 1 0
PNT 76 43 1 1 6
PNT 78 43 1 1 2
PNT 79 43 1 1 6
PNT 81 43 2 1 6
PNT 83 43 1 1 2
PNT 84 43 1 1 5
PNT 85 43 1 1 2
PNT 86 43 1 1 5
PNT 87 43 1 1 2
PNT 88 43 2 1 4
PNT 90 43 38 1 0
PNT 2 44 1 1 5
PNT 3 44 3 1 4
PNT 6 44 1 1 5
PNT 7 44 1 1 0
PNT 8 44 5 1 4
PNT 13 44 1 1 7
PNT 14 44 1 1 2
PNT 15 44 4 1 6
PNT 19 44 1 1 2
PNT 20 44 1 1 7
PNT 21 44 1 1 3
PNT 22 44 2 1 5
PNT 24 44 1 1 6
PNT 25 44 2 1 7
PNT 27 44 1 1 6
PNT 29 44 1 1 2
PNT 30 44 2 1 5
PNT 32 44 1 1 6
PNT 34 44 1 1 0
PNT 35 44 1 1 5
PNT 36 44 1 1 3
PNT 37 44 1 1 5
PNT 39 44 1 1 5
PNT 40 44 1 1 6
PNT 41 44 1 1 2
PNT 42 44 1 1 5
PNT 44 44 1 1 3
PNT 45 44 1 1 6
PNT 46 44 1 1 5
PNT 48 44 2 1 6
PNT 52 44 1 1 6
PNT 53 44 1 1 2
PNT 54 44 1 1 5
PNT 57 44 1 1 6
PNT 59 44 1 1 2
PNT 60 44 1 1 3
PNT 62 44 1 1 0
PNT 63 44 1 1 2
PNT 64 44 1 1 3
PNT 65 44 1 1 4
PNT 66 44 2 1 2
PNT 68 44 1 1 7
PNT 69 44 1 1 2
PNT 70 44 1 1 7
PNT 71 44 1 1 2
PNT 72 44 1 1 4
PNT 73 44 5 1 6
PNT 78 44 1 1 7
PNT 80 44 1 1 2
PNT 81 44 1 1 6
PNT 82 44 1 1 3
PNT 83 44 1 1 5
PNT 84 44 1 1 2
PNT 85 44 1 1 4
PNT 86 44 1 1 2
PNT 87 44 1 1 3
PNT 88 44 2 1 4
PNT 91 44 2 1 5
PNT 2 45 2 1 4
PNT 4 45 1 1 5
PNT 5 45 1 1 0
PNT 6 45 2 1 4
PNT 8 45 2 1 5
PNT 10 45 1 1 4
PNT 11 45 1 1 7
PNT 12 45 1 1 2
PNT 14 45 3 1 6
PNT 17 45 1 1 2
PNT 18 45 1 1 3
PNT 19 45 1 1 7
PNT 20 45 2 1 5
PNT 22 45 1 1 2
PNT 23 45 1 1 7
PNT 24 45 2 1 6
PNT 27 45 1 1 7
PNT 28 45 3 1 5
PNT 32 45 1 1 3
PNT 33 45 1 1 2
PNT 35 45 1 1 2
PNT 36 45 2 1 6
PNT 38 45 1 1 2
PNT 40 45 2 1 6
PNT 42 45 2 1 5
PNT 45 45 1 1 2
PNT 46 45 2 1 5
PNT 49 45 3 1 5
PNT 53 45 3 1 5
PNT 57 45 1 1 5
PNT 58 45 1 1 2
PNT 60 45 2 1 6
PNT 62 45 1 1 4
PNT 63 45 1 1 2
PNT 64 45 6 1 6
PNT 70 45 1 1 2
PNT 71 45 1 1 7
PNT 72 45 1 1 3
PNT 73 45 1 1 6
PNT 74 45 1 1 7
PNT 75 45 1 1 6
PNT 77 45 1 1 2
PNT 78 45 1 1 0
PNT 79 45 1 1 2
PNT 80 45 1 1 6
PNT 81 45 1 1 2
PNT 82 45 1 1 5
PNT 83 45 1 1 2
PNT 84 45 1 1 3
PNT 85 45 1 1 2
PNT 86 45 2 1 4
PNT 88 45 1 1 2
PNT 89 45 2 1 5
PNT 0 46 1 1 0
PNT 1 46 1 1 5
PNT 2 46 1 1 6
PNT 3 46 1 1 0
PNT 4 46 2 1 4
PNT 6 46 2 1 5
PNT 8 46 1 1 4
PNT 9 46 1 1 7
PNT 10 46 1 1 2
PNT 12 46 1 1 7
PNT 13 46 1 1 6
PNT 14 46 1 1 4
PNT 15 46 1 1 6
PNT 16 46 1 1 3
PNT 17 46 1 1 6
PNT 18 46 1 1 7
PNT 19 46 1 1 5
PNT 20 46 1 1 6
PNT 21 46 1 1 7
PNT 22 46 1 1 6
PNT 23 46 1 1 3
PNT 25 46 1 1 7
PNT 26 46 3 1 5
PNT 30 46 2 1 5
PNT 32 46 1 1 2
PNT 33 46 1 1 6
PNT 34 46 1 1 5
PNT 36 46 1 1 6
PNT 37 46 1 1 2
PNT 38 46 2 1 5
PNT 41 46 1 1 5
PNT 43 46 2 1 5
PNT 46 46 1 1 3
PNT 47 46 2 1 5
PNT 51 46 2 1 5
PNT 55 46 2 1 5
PNT 59 46 1 1 5
PNT 61 46 1 1 4
PNT 62 46 1 1 3
PNT 63 46 2 1 6
PNT 65 46 1 1 7
PNT 66 46 1 1 6
PNT 67 46 1 1 7
PNT 68 46 5 1 6
PNT 73 46 1 1 2
PNT 75 46 2 1 4
PNT 77 46 1 1 6
PNT 78 46 1 1 2
PNT 79 46 1 1 6
PNT 80 46 2 1 3
PNT 82 46 1 1 2
PNT 83 46 1 1 5
PNT 84 46 1 1 3
PNT 85 46 1 1 2
PNT 86 46 2 1 4
PNT 88 46 1 1 5
PNT 89 46 1 1 4
PNT 90 46 1 1 0
PNT 91 46 2 1 4
PNT 93 46 35 1 0
PNT 0 47 2 1 0
PNT 2 47 2 1 4
PNT 4 47 2 1 5
PNT 6 47 1 1 4
PNT 7 47 1 1 6
PNT 8 47 1 1 2
PNT 10 47 1 1 7
PNT 11 47 1 1 6
PNT 12 47 2 1 4
PNT 14 47 1 1 6
PNT 15 47 1 1 2
PNT 16 47 1 1 6
PNT 17 47 1 1 5
PNT 18 47 1 1 4
PNT 19 47 1 1 7
PNT 20 47 2 1 6
PNT 24 47 1 1 2
PNT 25 47 2 1 5
PNT 28 47 4 1 5
PNT 32 47 1 1 2
PNT 33 47 1 1 6
PNT 34 47 2 1 5
PNT 37 47 1 1 5
PNT 39 47 2 1 5
PNT 42 47 2 1 5
PNT 44 47 1 1 6
PNT 45 47 1 1 2
PNT 46 47 1 1 6
PNT 47 47 1 1 2
PNT 48 47 1 1 6
PNT 49 47 1 1 2
PNT 50 47 3 1 6
PNT 53 47 1 1 2
PNT 54 47 3 1 6
PNT 57 47 1 1 2
PNT 58 47 2 1 6
PNT 60 47 1 1 4
PNT 61 47 1 1 2
PNT 62 47 1 1 6
PNT 63 47 1 1 7
PNT 64 47 3 1 2
PNT 67 47 5 1 6
PNT 73 47 1 1 6
PNT 74 47 1 1 3
PNT 75 47 1 1 2
PNT 76 47 1 1 6
PNT 77 47 1 1 4
PNT 78 47 1 1 0
PNT 79 47 1 1 2
PNT 80 47 2 1 6
PNT 82 47 1 1 2
PNT 83 47 1 1 5
PNT 84 47 1 1 2
PNT 86 47 5 1 4
PNT 91 47 37 1 0
PNT 0 48 1 1 7
PNT 1 48 1 1 5
PNT 2 48 1 1 4
PNT 3 48 3 1 5
PNT 8 48 1 1 7
PNT 9 48 1 1 5
PNT 10 48 2 1 4
PNT 12 48 1 1 6
PNT 13 48 1 1 4
PNT 14 48 1 1 3
PNT 15 48 2 1 5
PNT 17 48 1 1 2
PNT 18 48 1 1 7
PNT 19 48 1 1 4
PNT 23 48 2 1 5
PNT 25 48 1 1 3
PNT 26 48 4 1 5
PNT 30 48 2 1 2
PNT 33 48 1 1 5
PNT 35 48 2 1 2
PNT 38 48 2 1 5
PNT 40 48 1 1 2
PNT 41 48 3 1 6
PNT 44 48 1 1 2
PNT 45 48 3 1 6
PNT 48 48 1 1 3
PNT 49 48 3 1 6
PNT 52 48 1 1 2
PNT 53 48 3 1 6
PNT 56 48 1 1 2
PNT 57 48 2 1 6
PNT 59 48 1 1 2
PNT 60 48 1 1 3
PNT 61 48 1 1 7
PNT 62 48 2 1 2
PNT 64 48 3 1 6
PNT 67 48 3 1 5
PNT 71 48 1 1 2
PNT 72 48 3 1 6
PNT 75 48 2 1 2
PNT 78 48 1 1 3
PNT 79 48 1 1 4
PNT 80 48 1 1 3
PNT 81 48 1 1 6
PNT 84 48 2 1 5
PNT 87 48 3 1 4
PNT 0 49 3 1 4
PNT 3 49 2 1 5
PNT 5 49 1 1 6
PNT 6 49 1 1 2
PNT 7 49 1 1 5
PNT 8 49 2 1 4
PNT 10 49 1 1 5
PNT 11 49 1 1 4
PNT 12 49 2 1 3
PNT 14 49 1 1 6
PNT 15 49 2 1 2
PNT 17 49 1 1 5
PNT 18 49 1 1 7
PNT 20 49 1 1 7
PNT 21 49 2 1 5
PNT 25 49 1 1 5
PNT 26 49 1 1 2
PNT 27 49 3 1 5
PNT 30 49 1 1 2
PNT 31 49 2 1 5
PNT 34 49 2 1 2
PNT 36 49 2 1 6
PNT 38 49 1 1 5
PNT 39 49 2 1 2
PNT 41 49 1 1 6
PNT 42 49 1 1 5
PNT 43 49 2 1 2
PNT 45 49 1 1 6
PNT 46 49 1 1 5
PNT 47 49 3 1 2
PNT 50 49 1 1 5
PNT 51 49 2 1 2
PNT 53 49 1 1 6
PNT 54 49 1 1 5
PNT 55 49 2 1 2
PNT 57 49 1 1 6
PNT 59 49 1 1 2
PNT 60 49 1 1 6
PNT 61 49 1 1 2
PNT 62 49 2 1 6
PNT 64 49 4 1 5
PNT 69 49 3 1 5
PNT 73 49 1 1 2
PNT 74 49 2 1 6
PNT 76 49 1 1 3
PNT 77 49 1 1 2
PNT 78 49 2 1 5
PNT 82 49 1 1 5
PNT 83 49 2 1 7
PNT 85 49 1 1 5
PNT 86 49 1 1 4
PNT 88 49 2 1 4
PNT 0 50 1 1 4
PNT 1 50 4 1 5
PNT 6 50 2 1 4
PNT 8 50 1 1 5
PNT 9 50 1 1 4
PNT 10 50 3 1 3
PNT 13 50 2 1 2
PNT 16 50 1 1 0
PNT 18 50 1 1 3
PNT 19 50 2 1 7
PNT 21 50 1 1 4
PNT 22 50 1 1 7
PNT 23 50 3 1 5
PNT 27 50 1 1 3
PNT 28 50 1 1 5
PNT 29 50 2 1 2
PNT 31 50 3 1 4
PNT 34 50 1 1 2
PNT 35 50 1 1 5
PNT 36 50 2 1 4
PNT 38 50 2 1 2
PNT 40 50 2 1 0
PNT 42 50 2 1 2
PNT 44 50 2 1 0
PNT 46 50 2 1 2
PNT 48 50 2 1 0
PNT 50 50 1 1 3
PNT 51 50 1 1 2
PNT 52 50 2 1 0
PNT 54 50 2 1 2
PNT 56 50 2 1 0
PNT 58 50 1 1 3
PNT 60 50 1 1 0
PNT 62 50 1 1 3
PNT 63 50 1 1 5
PNT 65 50 1 1 4
PNT 68 50 2 1 4
PNT 70 50 5 1 5
PNT 75 50 1 1 4
PNT 77 50 3 1 5
PNT 80 50 3 1 7
PNT 83 50 1 1 5
PNT 85 50 1 1 5
PNT 86 50 2 1 0
PNT 89 50 39 1 0
PNT 0 51 1 1 4
PNT 1 51 3 1 5
PNT 4 51 1 1 2
PNT 5 51 1 1 4
PNT 6 51 1 1 5
PNT 7 51 1 1 4
PNT 8 51 3 1 3
PNT 11 51 1 1 2
PNT 12 51 1 1 3
PNT 13 51 1 1 4
PNT 14 51 1 1 0
PNT 16 51 2 1 5
PNT 18 51 1 1 6
PNT 20 51 1 1 5
PNT 21 51 2 1 7
PNT 23 51 1 1 5
PNT 24 51 1 1 7
PNT 25 51 3 1 5
PNT 29 51 1 1 5
PNT 30 51 1 1 2
PNT 32 51 1 1 4
PNT 33 51 2 1 2
PNT 35 51 3 1 4
PNT 38 51 1 1 2
PNT 39 51 3 1 4
PNT 42 51 1 1 2
PNT 43 51 3 1 4
PNT 46 51 1 1 2
PNT 47 51 3 1 4
PNT 50 51 2 1 2
PNT 52 51 2 1 4
PNT 54 51 1 1 2
PNT 55 51 2 1 4
PNT 57 51 1 1 2
PNT 58 51 2 1 4
PNT 61 51 1 1 4
PNT 63 51 1 1 3
PNT 65 51 2 1 4
PNT 67 51 1 1 2
PNT 70 51 1 1 2
PNT 71 51 1 1 4
PNT 73 51 2 1 4
PNT 75 51 1 1 5
PNT 76 51 1 1 7
PNT 77 51 1 1 5
PNT 78 51 3 1 7
PNT 81 51 1 1 3
PNT 82 51 1 1 4
PNT 83 51 2 1 0
PNT 86 51 3 1 0
PNT 90 51 38 1 0
PNT 0 52 2 1 5
PNT 2 52 1 1 3
PNT 4 52 2 1 4
PNT 6 52 3 1 3
PNT 9 52 1 1 5
PNT 10 52 2 1 3
PNT 12 52 1 1 0
PNT 14 52 1 1 4
PNT 15 52 1 1 5
PNT 16 52 1 1 6
PNT 18 52 2 1 5
PNT 20 52 2 1 3
PNT 22 52 1 1 5
PNT 23 52 2 1 7
PNT 25 52 4 1 5
PNT 29 52 1 1 3
PNT 31 52 1 1 4
PNT 32 52 1 1 2
PNT 34 52 1 1 5
PNT 36 52 3 1 2
PNT 39 52 2 1 4
PNT 41 52 2 1 2
PNT 43 52 2 1 4
PNT 45 52 2 1 2
PNT 47 52 2 1 4
PNT 49 52 2 1 2
PNT 51 52 1 1 4
PNT 52 52 1 1 3
PNT 53 52 1 1 2
PNT 54 52 2 1 4
PNT 56 52 1 1 3
PNT 58 52 2 1 4
PNT 60 52 1 1 2
PNT 64 52 2 1 3
PNT 66 52 1 1 5
PNT 67 52 5 1 4
PNT 72 52 1 1 7
PNT 74 52 4 1 7
PNT 78 52 1 1 6
PNT 79 52 1 1 3
PNT 80 52 2 1 5
PNT 1 53 1 1 3
PNT 2 53 1 1 2
PNT 3 53 1 1 4
PNT 4 53 3 1 3
PNT 7 53 1 1 4
PNT 8 53 2 1 3
PNT 10 53 1 1 0
PNT 11 53 1 1 3
PNT 13 53 1 1 4
PNT 14 53 1 1 5
PNT 15 53 1 1 4
PNT 16 53 2 1 6
PNT 18 53 2 1 5
PNT 22 53 2 1 3
PNT 24 53 1 1 6
PNT 25 53 2 1 7
PNT 27 53 1 1 5
PNT 28 53 1 1 7
PNT 29 53 1 1 5
PNT 30 53 1 1 2
PNT 31 53 1 1 5
PNT 33 53 2 1 3
PNT 35 53 1 1 5
PNT 36 53 1 1 2
PNT 37 53 2 1 5
PNT 40 53 1 1 2
PNT 41 53 1 1 4
PNT 42 53 1 1 2
PNT 44 53 1 1 2
PNT 46 53 1 1 4
PNT 48 53 1 1 2
PNT 49 53 2 1 4
PNT 52 53 2 1 2
PNT 54 53 1 1 3
PNT 55 53 1 1 2
PNT 56 53 4 1 4
PNT 61 53 1 1 5
PNT 63 53 1 1 5
PNT 65 53 1 1 5
PNT 66 53 2 1 3
PNT 68 53 1 1 7
PNT 69 53 1 1 6
PNT 70 53 4 1 7
PNT 74 53 2 1 6
PNT 76 53 3 1 3
PNT 80 53 2 1 5
PNT 0 54 1 1 5
PNT 2 54 1 1 4
PNT 3 54 2 1 3
PNT 5 54 1 1 4
PNT 6 54 2 1 3
PNT 8 54 1 1 0
PNT 9 54 2 1 3
PNT 12 54 1 1 4
PNT 13 54 3 1 5
PNT 16 54 2 1 6
PNT 18 54 5 1 0
PNT 23 54 1 1 7
PNT 24 54 1 1 6
PNT 25 54 2 1 3
PNT 27 54 3 1 7
PNT 30 54 2 1 3
PNT 32 54 1 1 7
PNT 33 54 1 1 5
PNT 35 54 8 1 5
PNT 43 54 1 1 0
PNT 44 54 3 1 5
PNT 47 54 1 1 0
PNT 48 54 3 1 5
PNT 51 54 1 1 0
PNT 52 54 3 1 5
PNT 55 54 1 1 4
PNT 57 54 1 1 5
PNT 59 54 5 1 5
PNT 64 54 1 1 7
PNT 66 54 2 1 7
PNT 68 54 1 1 2
PNT 69 54 1 1 7
PNT 70 54 6 1 3
PNT 76 54 2 1 5
PNT 78 54 1 1 0
PNT 79 54 2 1 4
PNT 81 54 47 1 0
PNT 0 55 1 1 3
PNT 1 55 1 1 2
PNT 2 55 1 1 3
PNT 3 55 1 1 4
PNT 4 55 2 1 3
PNT 6 55 1 1 0
PNT 7 55 1 1 3
PNT 8 55 2 1 0
PNT 11 55 1 1 0
PNT 12 55 1 1 5
PNT 13 55 1 1 0
PNT 14 55 2 1 5
PNT 16 55 1 1 0
PNT 17 55 1 1 4
PNT 18 55 5 1 0
PNT 23 55 1 1 7
PNT 24 55 1 1 2
PNT 25 55 1 1 4
PNT 26 55 2 1 5
PNT 28 55 1 1 4
PNT 29 55 1 1 5
PNT 30 55 3 1 7
PNT 33 55 1 1 3
PNT 34 55 1 1 2
PNT 35 55 1 1 6
PNT 36 55 1 1 7
PNT 37 55 1 1 5
PNT 39 55 7 1 5
PNT 47 55 1 1 5
PNT 49 55 1 1 5
PNT 51 55 1 1 5
PNT 53 55 1 1 5
PNT 55 55 1 1 4
PNT 56 55 4 1 5
PNT 60 55 1 1 7
PNT 61 55 1 1 5
PNT 62 55 4 1 7
PNT 66 55 3 1 6
PNT 70 55 1 1 4
PNT 71 55 4 1 5
PNT 75 55 2 1 4
PNT 78 55 50 1 0
PNT 1 56 3 1 3
PNT 4 56 1 1 0
PNT 6 56 1 1 4
PNT 7 56 5 1 3
PNT 12 56 4 1 5
PNT 22 56 1 1 5
PNT 24 56 1 1 6
PNT 26 56 2 1 4
PNT 28 56 1 1 5
PNT 29 56 2 1 4
PNT 32 56 2 1 4
PNT 34 56 1 1 5
PNT 35 56 1 1 3
PNT 36 56 1 1 2
PNT 37 56 1 1 3
PNT 38 56 1 1 4
PNT 39 56 1 1 5
PNT 40 56 1 1 7
PNT 41 56 1 1 5
PNT 43 56 1 1 5
PNT 44 56 1 1 7
PNT 45 56 3 1 5
PNT 48 56 1 1 7
PNT 49 56 3 1 5
PNT 52 56 1 1 7
PNT 53 56 1 1 5
PNT 54 56 2 1 4
PNT 56 56 1 1 7
PNT 57 56 1 1 5
PNT 58 56 1 1 2
PNT 59 56 3 1 7
PNT 62 56 2 1 6
PNT 64 56 1 1 5
PNT 65 56 2 1 4
PNT 67 56 1 1 5
PNT 68 56 1 1 2
PNT 69 56 2 1 5
PNT 71 56 3 1 4
PNT 0 57 1 1 4
PNT 1 57 1 1 3
PNT 2 57 1 1 0
PNT 3 57 1 1 4
PNT 4 57 1 1 3
PNT 5 57 1 1 4
PNT 6 57 1 1 3
PNT 8 57 4 1 3
PNT 12 57 2 1 5
PNT 22 57 1 1 5
PNT 24 57 1 1 2
PNT 25 57 1 1 6
PNT 26 57 2 1 5
PNT 28 57 4 1 4
PNT 32 57 1 1 5
PNT 33 57 1 1 4
PNT 34 57 1 1 2
PNT 35 57 1 1 5
PNT 36 57 2 1 4
PNT 38 57 1 1 2
PNT 39 57 1 1 3
PNT 40 57 1 1 2
PNT 41 57 17 1 7
PNT 58 57 1 1 5
PNT 60 57 1 1 5
PNT 61 57 2 1 4
PNT 64 57 2 1 5
PNT 66 57 1 1 6
PNT 67 57 1 1 4
PNT 68 57 1 1 6
PNT 70 57 3 1 5
PNT 73 57 1 1 4
PNT 74 57 1 1 5
PNT 0 58 1 1 0
PNT 1 58 1 1 2
PNT 2 58 2 1 3
PNT 4 58 1 1 4
PNT 5 58 4 1 3
PNT 9 58 1 1 0
PNT 10 58 2 1 3
PNT 12 58 2 1 5
PNT 14 58 8 1 0
PNT 22 58 1 1 5
PNT 23 58 1 1 0
PNT 24 58 1 1 6
PNT 26 58 3 1 5
PNT 29 58 1 1 4
PNT 30 58 1 1 0
PNT 31 58 2 1 4
PNT 33 58 2 1 5
PNT 36 58 1 1 5
PNT 37 58 2 1 4
PNT 39 58 1 1 0
PNT 40 58 1 1 4
PNT 41 58 1 1 0
PNT 42 58 2 1 6
PNT 44 58 1 1 4
PNT 45 58 1 1 0
PNT 46 58 2 1 6
PNT 48 58 1 1 4
PNT 49 58 1 1 0
PNT 50 58 2 1 6
PNT 52 58 1 1 4
PNT 53 58 1 1 0
PNT 54 58 2 1 6
PNT 56 58 2 1 4
PNT 58 58 1 1 2
PNT 59 58 3 1 5
PNT 62 58 3 1 4
PNT 65 58 1 1 6
PNT 66 58 1 1 5
PNT 67 58 1 1 0
PNT 68 58 1 1 2
PNT 69 58 1 1 6
PNT 70 58 4 1 5
PNT 74 58 1 1 4
PNT 75 58 1 1 5
PNT 76 58 52 1 0
PNT 0 59 2 1 0
PNT 2 59 1 1 4
PNT 3 59 2 1 3
PNT 5 59 1 1 4
PNT 6 59 5 1 3
PNT 11 59 1 1 4
PNT 12 59 10 1 0
PNT 22 59 1 1 5
PNT 23 59 1 1 0
PNT 24 59 1 1 2
PNT 25 59 1 1 6
PNT 26 59 4 1 5
PNT 30 59 1 1 4
PNT 31 59 1 1 0
PNT 32 59 1 1 4
PNT 33 59 1 1 5
PNT 34 59 1 1 2
PNT 35 59 1 1 5
PNT 36 59 4 1 4
PNT 40 59 1 1 5
PNT 41 59 2 1 4
PNT 43 59 1 1 0
PNT 44 59 1 1 5
PNT 45 59 2 1 4
PNT 47 59 1 1 0
PNT 48 59 1 1 5
PNT 49 59 2 1 4
PNT 51 59 1 1 0
PNT 52 59 1 1 5
PNT 53 59 3 1 4
PNT 56 59 2 1 5
PNT 58 59 1 1 4
PNT 60 59 2 1 4
PNT 62 59 1 1 0
PNT 63 59 1 1 4
PNT 64 59 1 1 0
PNT 65 59 1 1 6
PNT 66 59 1 1 5
PNT 67 59 1 1 0
PNT 68 59 1 1 6
PNT 70 59 4 1 5
PNT 74 59 1 1 4
PNT 75 59 1 1 5
PNT 76 59 52 1 0
PNT 3 60 1 1 4
PNT 4 60 7 1 3
PNT 11 60 1 1 4
PNT 22 60 1 1 5
PNT 24 60 1 1 6
PNT 26 60 4 1 5
PNT 30 60 1 1 4
PNT 32 60 1 1 4
PNT 33 60 2 1 5
PNT 36 60 5 1 4
PNT 42 60 3 1 4
PNT 46 60 3 1 4
PNT 50 60 3 1 4
PNT 54 60 3 1 4
PNT 57 60 2 1 5
PNT 59 60 1 1 2
PNT 60 60 1 1 5
PNT 62 60 2 1 4
PNT 65 60 1 1 6
PNT 66 60 1 1 5
PNT 68 60 1 1 2
PNT 69 60 1 1 6
PNT 70 60 4 1 5
PNT 74 60 1 1 4
PNT 75 60 1 1 5
PNT 4 61 1 1 4
PNT 5 61 1 1 3
PNT 7 61 4 1 3
PNT 22 61 1 1 5
PNT 24 61 1 1 2
PNT 25 61 1 1 6
PNT 26 61 4 1 5
PNT 30 61 1 1 4
PNT 32 61 1 1 4
PNT 33 61 1 1 5
PNT 34 61 1 1 2
PNT 35 61 1 1 5
PNT 36 61 4 1 4
PNT 54 61 3 1 4
PNT 57 61 1 1 2
PNT 58 61 2 1 5
PNT 62 61 2 1 4
PNT 65 61 1 1 6
PNT 66 61 1 1 5
PNT 68 61 2 1 6
PNT 70 61 4 1 5
PNT 74 61 1 1 4
PNT 75 61 1 1 5
PNT 0 62 4 1 0
PNT 4 62 4 1 3
PNT 8 62 1 1 0
PNT 9 62 2 1 3
PNT 11 62 11 1 0
PNT 22 62 1 1 5
PNT 23 62 1 1 0
PNT 24 62 1 1 6
PNT 26 62 4 1 5
PNT 30 62 1 1 4
PNT 31 62 1 1 0
PNT 32 62 1 1 4
PNT 33 62 2 1 5
PNT 36 62 4 1 4
PNT 40 62 14 1 0
PNT 54 62 3 1 4
PNT 57 62 2 1 5
PNT 59 62 1 1 2
PNT 60 62 1 1 5
PNT 61 62 1 1 0
PNT 62 62 2 1 4
PNT 64 62 1 1 0
PNT 65 62 1 1 6
PNT 66 62 1 1 5
PNT 67 62 1 1 0
PNT 68 62 1 1 2
PNT 69 62 1 1 6
PNT 70 62 4 1 5
PNT 74 62 1 1 4
PNT 75 62 1 1 5
PNT 76 62 52 1 0
PNT 0 63 6 1 0
PNT 6 63 3 1 3
PNT 9 63 1 1 0
PNT 10 63 1 1 3
PNT 11 63 11 1 0
PNT 22 63 1 1 5
PNT 23 63 1 1 0
PNT 24 63 1 1 2
PNT 25 63 1 1 6
PNT 26 63 4 1 5
PNT 30 63 1 1 4
PNT 31 63 1 1 0
PNT 32 63 1 1 4
PNT 33 63 1 1 5
PNT 34 63 1 1 2
PNT 35 63 1 1 5
PNT 36 63 4 1 4
PNT 40 63 15 1 0
PNT 55 63 2 1 4
PNT 57 63 3 1 5
PNT 61 63 1 1 0
PNT 62 63 2 1 4
PNT 64 63 1 1 0
PNT 65 63 1 1 6
PNT 66 63 1 1 5
PNT 67 63 1 1 0
PNT 68 63 2 1 6
PNT 70 63 4 1 5
PNT 74 63 1 1 4
PNT 75 63 1 1 5
PNT 76 63 52 1 0
PNT 5 64 1 1 3
PNT 7 64 3 1 3
PNT 22 64 1 1 5
PNT 24 64 1 1 6
PNT 26 64 4 1 5
PNT 30 64 1 1 4
PNT 32 64 1 1 4
PNT 33 64 2 1 5
PNT 36 64 4 1 4
PNT 55 64 3 1 4
PNT 58 64 2 1 5
PNT 60 64 1 1 2
PNT 61 64 1 1 5
PNT 62 64 2 1 4
PNT 65 64 1 1 6
PNT 66 64 1 1 5
PNT 68 64 1 1 2
PNT 69 64 1 1 6
PNT 70 64 4 1 5
PNT 74 64 1 1 4
PNT 75 64 1 1 5
PNT 8 65 2 1 3
PNT 22 65 1 1 5
PNT 24 65 1 1 2
PNT 25 65 1 1 6
PNT 26 65 4 1 5
PNT 30 65 1 1 4
PNT 32 65 1 1 4
PNT 33 65 1 1 5
PNT 34 65 1 1 2
PNT 35 65 1 1 5
PNT 36 65 4 1 4
PNT 55 65 3 1 4
PNT 58 65 1 1 3
PNT 59 65 2 1 5
PNT 62 65 2 1 4
PNT 65 65 1 1 6
PNT 66 65 1 1 5
PNT 67 65 2 1 6
PNT 69 65 4 1 5
PNT 73 65 1 1 4
PNT 75 65 1 1 5
PNT 0 66 6 1 0
PNT 6 66 1 1 2
PNT 7 66 2 1 0
PNT 9 66 1 1 3
PNT 10 66 12 1 0
PNT 22 66 1 1 5
PNT 23 66 1 1 0
PNT 24 66 1 1 6
PNT 26 66 4 1 5
PNT 30 66 1 1 4
PNT 31 66 1 1 0
PNT 32 66 1 1 4
PNT 33 66 2 1 5
PNT 36 66 4 1 4
PNT 40 66 15 1 0
PNT 55 66 3 1 4
PNT 58 66 2 1 5
PNT 60 66 1 1 2
PNT 61 66 1 1 5
PNT 62 66 3 1 4
PNT 65 66 1 1 6
PNT 66 66 1 1 5
PNT 67 66 1 1 2
PNT 68 66 1 1 6
PNT 69 66 4 1 5
PNT 73 66 1 1 4
PNT 74 66 1 1 5
PNT 75 66 53 1 0
PNT 0 67 22 1 0
PNT 22 67 1 1 5
PNT 23 67 1 1 0
PNT 24 67 1 1 2
PNT 25 67 1 1 6
PNT 26 67 4 1 5
PNT 30 67 1 1 4
PNT 31 67 1 1 0
PNT 32 67 1 1 4
PNT 33 67 1 1 5
PNT 34 67 1 1 2
PNT 35 67 1 1 5
PNT 36 67 4 1 4
PNT 40 67 16 1 0
PNT 56 67 2 1 4
PNT 58 67 1 1 5
PNT 59 67 1 1 4
PNT 60 67 1 1 5
PNT 62 67 2 1 4
PNT 64 67 1 1 0
PNT 65 67 1 1 6
PNT 66 67 1 1 5
PNT 67 67 2 1 6
PNT 69 67 4 1 5
PNT 73 67 1 1 4
PNT 74 67 1 1 5
PNT 75 67 53 1 0
PNT 22 68 1 1 5
PNT 23 68 1 1 6
PNT 24 68 1 1 7
PNT 25 68 1 1 6
PNT 26 68 5 1 5
PNT 32 68 1 1 4
PNT 33 68 1 1 5
PNT 34 68 1 1 6
PNT 35 68 1 1 5
PNT 36 68 4 1 4
PNT 56 68 3 1 4
PNT 59 68 2 1 5
PNT 61 68 1 1 2
PNT 62 68 1 1 4
PNT 65 68 1 1 6
PNT 66 68 1 1 5
PNT 67 68 1 1 2
PNT 68 68 1 1 6
PNT 69 68 4 1 5
PNT 73 68 1 1 4
PNT 74 68 1 1 5
PNT 22 69 1 1 5
PNT 23 69 2 1 7
PNT 25 69 1 1 6
PNT 26 69 2 1 5
PNT 28 69 1 1 6
PNT 29 69 2 1 5
PNT 31 69 2 1 4
PNT 33 69 2 1 6
PNT 35 69 1 1 5
PNT 36 69 1 1 4
PNT 37 69 1 1 6
PNT 38 69 1 1 5
PNT 39 69 1 1 4
PNT 56 69 8 1 6
PNT 65 69 2 1 5
PNT 67 69 1 1 7
PNT 68 69 1 1 6
PNT 69 69 1 1 5
PNT 70 69 1 1 6
PNT 71 69 1 1 5
PNT 72 69 1 1 4
PNT 73 69 1 1 5
PNT 0 70 21 1 2
PNT 21 70 1 1 6
PNT 22 70 6 1 7
PNT 28 70 2 1 5
PNT 30 70 1 1 2
PNT 31 70 1 1 4
PNT 32 70 6 1 6
PNT 38 70 2 1 5
PNT 40 70 17 1 2
PNT 57 70 1 1 5
PNT 58 70 6 1 6
PNT 64 70 1 1 2
PNT 65 70 6 1 7
PNT 71 70 1 1 6
PNT 72 70 1 1 4
PNT 73 70 1 1 5
PNT 74 70 54 1 2
PNT 0 71 16 1 2
PNT 19 71 3 1 2
PNT 22 71 6 1 7
PNT 28 71 4 1 2
PNT 32 71 6 1 6
PNT 38 71 11 1 2
PNT 51 71 8 1 2
PNT 59 71 1 1 4
PNT 60 71 5 1 2
PNT 65 71 8 1 7
PNT 73 71 1 1 6
PNT 74 71 7 1 2
PNT 83 71 13 1 2
PNT 99 71 13 1 2
PNT 115 71 9 1 2
PNT 127 71 1 1 2
PNT 0 72 18 1 3
PNT 18 72 71 1 2
PNT 89 72 39 1 3
PNT 0 73 20 1 2
PNT 87 73 41 1 2
PNT 16 76 2 1 2
PNT 22 76 2 1 2
PNT 27 76 5 1 2
PNT 50 76 14 1 2
PNT 82 76 6 1 2
PNT 90 76 6 1 2
PNT 112 76 8 1 2
PNT 123 76 5 1 2
PNT 0 80 24 1 2
PNT 26 80 38 1 2
PNT 66 80 38 1 2
PNT 106 80 22 1 2
PNT 0 82 8 1 2
PNT 18 82 54 1 2
PNT 80 82 14 1 2
PNT 98 82 30 1 2
PNT 0 83 24 1 2
PNT 32 83 2 1 2
PNT 38 83 18 1 2
PNT 64 83 10 1 2
PNT 78 83 10 1 2
PNT 96 83 18 1 2
PNT 118 83 2 1 2
PNT 0 86 24 1 2
PNT 30 86 50 1 2
PNT 86 86 42 1 2
PNT 0 87 52 1 2
PNT 58 87 50 1 2
PNT 114 87 14 1 2
PNT 0 88 128 1 2
PNT 0 89 128 1 2
PNT 0 90 128 1 2
PNT 0 91 128 1 2
PNT 0 92 128 1 2
PNT 0 93 128 1 2
PNT 0 94 128 1 2
PNT 0 95 128 1 2
REC 1
C FRAME 2
CLR 1
PNT 0 6 128 1 0
PNT 0 7 128 1 0
PNT 110 8 1 1 5
PNT 109 9 1 1 5
PNT 116 9 1 1 5
PNT 0 10 20 1 0
PNT 22 10 62 1 0
PNT 86 10 19 1 0
PNT 105 10 1 1 5
PNT 106 10 1 1 0
PNT 107 10 1 1 7
PNT 108 10 2 1 5
PNT 110 10 5 1 0
PNT 115 10 1 1 5
PNT 116 10 12 1 0
PNT 0 11 105 1 0
PNT 105 11 1 1 5
PNT 106 11 2 1 0
PNT 108 11 1 1 5
PNT 109 11 3 1 0
PNT 112 11 1 1 5
PNT 113 11 1 1 0
PNT 114 11 1 1 7
PNT 115 11 2 1 5
PNT 117 11 11 1 0
PNT 106 12 2 1 5
PNT 108 12 1 1 6
PNT 109 12 1 1 5
PNT 112 12 1 1 5
PNT 114 12 2 1 5
PNT 106 13 2 1 5
PNT 108 13 1 1 6
PNT 109 13 1 1 5
PNT 113 13 1 1 5
PNT 114 13 1 1 6
PNT 115 13 1 1 5
PNT 0 14 105 1 0
PNT 105 14 2 1 5
PNT 107 14 1 1 7
PNT 108 14 1 1 5
PNT 109 14 4 1 0
PNT 113 14 3 1 5
PNT 116 14 12 1 0
PNT 0 15 105 1 0
PNT 105 15 4 1 5
PNT 109 15 4 1 0
PNT 113 15 1 1 7
PNT 114 15 1 1 5
PNT 115 15 13 1 0
PNT 106 16 2 1 5
PNT 113 16 3 1 5
PNT 86 17 1 1 4
PNT 106 17 2 1 5
PNT 108 17 3 1 6
PNT 112 17 1 1 5
PNT 114 17 1 1 5
PNT 0 18 6 1 0
PNT 10 18 52 1 0
PNT 64 18 2 1 0
PNT 66 18 1 1 3
PNT 67 18 18 1 0
PNT 85 18 1 1 4
PNT 86 18 1 1 0
PNT 87 18 1 1 4
PNT 88 18 6 1 0
PNT 96 18 7 1 0
PNT 103 18 11 1 7
PNT 114 18 1 1 6
PNT 115 18 13 1 0
PNT 0 19 10 1 0
PNT 13 19 17 1 0
PNT 32 19 35 1 0
PNT 67 19 2 1 3
PNT 69 19 15 1 0
PNT 84 19 1 1 5
PNT 85 19 1 1 0
PNT 86 19 1 1 4
PNT 87 19 1 1 0
PNT 88 19 1 1 4
PNT 89 19 12 1 0
PNT 101 19 2 1 7
PNT 103 19 1 1 6
PNT 104 19 1 1 7
PNT 105 19 5 1 5
PNT 110 19 1 1 7
PNT 111 19 1 1 5
PNT 113 19 1 1 5
PNT 114 19 2 1 7
PNT 116 19 2 1 0
PNT 118 19 2 1 4
PNT 120 19 8 1 0
PNT 68 20 2 1 3
PNT 70 20 1 1 4
PNT 84 20 1 1 5
PNT 98 20 1 1 3
PNT 99 20 1 1 2
PNT 100 20 1 1 3
PNT 101 20 3 1 2
PNT 104 20 2 1 5
PNT 106 20 5 1 3
PNT 111 20 3 1 5
PNT 114 20 1 1 2
PNT 115 20 1 1 5
PNT 116 20 2 1 7
PNT 74 21 1 1 4
PNT 83 21 1 1 5
PNT 85 21 1 1 5
PNT 87 21 1 1 4
PNT 97 21 1 1 2
PNT 98 21 1 1 7
PNT 99 21 1 1 6
PNT 101 21 1 1 2
PNT 106 21 5 1 5
PNT 111 21 2 1 3
PNT 113 21 3 1 5
PNT 116 21 1 1 7
PNT 117 21 1 1 4
PNT 118 21 1 1 7
PNT 0 22 22 1 0
PNT 26 22 16 1 0
PNT 45 22 27 1 0
PNT 72 22 2 1 4
PNT 77 22 6 1 0
PNT 83 22 1 1 5
PNT 84 22 1 1 0
PNT 85 22 1 1 5
PNT 86 22 8 1 0
PNT 95 22 1 1 0
PNT 96 22 1 1 3
PNT 97 22 1 1 6
PNT 99 22 2 1 2
PNT 103 22 3 1 2
PNT 109 22 2 1 0
PNT 111 22 1 1 7
PNT 112 22 1 1 6
PNT 113 22 3 1 5
PNT 116 22 2 1 4
PNT 118 22 1 1 2
PNT 119 22 1 1 7
PNT 120 22 8 1 0
PNT 0 23 26 1 0
PNT 29 23 17 1 0
PNT 48 23 26 1 0
PNT 74 23 2 1 4
PNT 76 23 1 1 0
PNT 77 23 1 1 5
PNT 80 23 2 1 0
PNT 82 23 1 1 5
PNT 83 23 1 1 0
PNT 84 23 1 1 5
PNT 85 23 1 1 0
PNT 86 23 1 1 5
PNT 87 23 7 1 0
PNT 94 23 2 1 2
PNT 97 23 1 1 2
PNT 98 23 1 1 6
PNT 100 23 1 1 3
PNT 101 23 2 1 5
PNT 104 23 1 1 3
PNT 105 23 1 1 5
PNT 106 23 1 1 4
PNT 107 23 1 1 3
PNT 108 23 1 1 2
PNT 112 23 2 1 2
PNT 114 23 1 1 3
PNT 115 23 5 1 4
PNT 121 23 1 1 4
PNT 122 23 6 1 0
PNT 76 24 1 1 4
PNT 77 24 1 1 5
PNT 79 24 2 1 5
PNT 82 24 1 1 5
PNT 84 24 1 1 5
PNT 94 24 1 1 3
PNT 95 24 1 1 2
PNT 96 24 1 1 6
PNT 98 24 1 1 3
PNT 99 24 1 1 2
PNT 102 24 4 1 4
PNT 106 24 1 1 3
PNT 107 24 1 1 2
PNT 114 24 2 1 2
PNT 116 24 1 1 5
PNT 117 24 5 1 4
PNT 122 24 1 1 2
PNT 78 25 2 1 5
PNT 81 25 3 1 5
PNT 85 25 1 1 5
PNT 93 25 1 1 2
PNT 94 25 1 1 7
PNT 95 25 2 1 6
PNT 97 25 1 1 2
PNT 99 25 1 1 6
PNT 100 25 1 1 5
PNT 101 25 1 1 6
PNT 102 25 3 1 4
PNT 105 25 1 1 3
PNT 106 25 1 1 2
PNT 109 25 1 1 2
PNT 112 25 1 1 2
PNT 113 25 2 1 3
PNT 116 25 1 1 2
PNT 117 25 1 1 4
PNT 118 25 1 1 7
PNT 119 25 1 1 4
PNT 120 25 1 1 7
PNT 0 26 80 1 0
PNT 80 26 2 1 5
PNT 82 26 1 1 0
PNT 83 26 2 1 5
PNT 85 26 5 1 0
PNT 91 26 1 1 0
PNT 92 26 1 1 3
PNT 93 26 1 1 2
PNT 94 26 1 1 6
PNT 96 26 1 1 3
PNT 97 26 5 1 6
PNT 102 26 2 1 7
PNT 104 26 1 1 3
PNT 105 26 1 1 4
PNT 109 26 3 1 6
PNT 112 26 1 1 5
PNT 113 26 1 1 2
PNT 118 26 2 1 4
PNT 120 26 1 1 3
PNT 121 26 7 1 0
PNT 0 27 80 1 0
PNT 80 27 1 1 5
PNT 81 27 1 1 0
PNT 82 27 4 1 5
PNT 86 27 4 1 0
PNT 90 27 1 1 2
PNT 91 27 1 1 7
PNT 93 27 2 1 6
PNT 95 27 1 1 2
PNT 97 27 1 1 5
PNT 98 27 2 1 6
PNT 101 27 2 1 6
PNT 103 27 2 1 4
PNT 105 27 1 1 7
PNT 106 27 2 1 5
PNT 108 27 1 1 3
PNT 112 27 1 1 3
PNT 113 27 3 1 5
PNT 116 27 1 1 4
PNT 117 27 1 1 5
PNT 118 27 1 1 4
PNT 119 27 1 1 7
PNT 120 27 8 1 0
PNT 80 28 1 1 6
PNT 81 28 1 1 0
PNT 82 28 1 1 7
PNT 83 28 1 1 6
PNT 84 28 2 1 5
PNT 90 28 1 1 6
PNT 91 28 1 1 2
PNT 92 28 1 1 6
PNT 94 28 1 1 3
PNT 95 28 1 1 6
PNT 96 28 1 1 5
PNT 97 28 5 1 6
PNT 104 28 1 1 4
PNT 105 28 1 1 5
PNT 106 28 2 1 7
PNT 108 28 1 1 5
PNT 109 28 1 1 2
PNT 110 28 1 1 3
PNT 111 28 1 1 2
PNT 112 28 2 1 5
PNT 114 28 1 1 4
PNT 116 28 1 1 4
PNT 117 28 2 1 7
PNT 78 29 1 1 6
PNT 79 29 1 1 0
PNT 80 29 1 1 7
PNT 81 29 1 1 6
PNT 82 29 1 1 7
PNT 83 29 1 1 6
PNT 84 29 1 1 0
PNT 86 29 1 1 5
PNT 89 29 1 1 6
PNT 90 29 1 1 7
PNT 91 29 2 1 6
PNT 93 29 1 1 2
PNT 95 29 1 1 5
PNT 96 29 2 1 6
PNT 99 29 3 1 6
PNT 103 29 1 1 4
PNT 106 29 1 1 4
PNT 107 29 1 1 5
PNT 108 29 3 1 7
PNT 114 29 1 1 4
PNT 115 29 2 1 7
PNT 117 29 1 1 4
PNT 0 30 10 1 0
PNT 12 30 54 1 0
PNT 68 30 8 1 0
PNT 76 30 1 1 6
PNT 77 30 1 1 0
PNT 78 30 1 1 7
PNT 79 30 1 1 6
PNT 80 30 1 1 7
PNT 81 30 1 1 5
PNT 82 30 1 1 0
PNT 83 30 1 1 2
PNT 84 30 1 1 6
PNT 85 30 1 1 0
PNT 87 30 2 1 6
PNT 89 30 1 1 7
PNT 90 30 1 1 3
PNT 92 30 1 1 3
PNT 93 30 2 1 5
PNT 95 30 3 1 6
PNT 100 30 2 1 0
PNT 102 30 1 1 4
PNT 103 30 2 1 0
PNT 105 30 1 1 4
PNT 106 30 4 1 0
PNT 110 30 1 1 5
PNT 111 30 4 1 7
PNT 115 30 1 1 4
PNT 116 30 2 1 0
PNT 118 30 1 1 4
PNT 119 30 9 1 0
PNT 0 31 14 1 0
PNT 16 31 18 1 0
PNT 36 31 38 1 0
PNT 74 31 1 1 6
PNT 75 31 1 1 0
PNT 76 31 1 1 7
PNT 77 31 1 1 6
PNT 78 31 1 1 7
PNT 79 31 1 1 5
PNT 80 31 1 1 0
PNT 81 31 1 1 2
PNT 83 31 2 1 5
PNT 85 31 1 1 4
PNT 86 31 1 1 2
PNT 87 31 1 1 6
PNT 89 31 2 1 7
PNT 91 31 1 1 2
PNT 93 31 3 1 6
PNT 97 31 3 1 6
PNT 100 31 4 1 0
PNT 104 31 1 1 4
PNT 105 31 11 1 0
PNT 116 31 1 1 4
PNT 117 31 11 1 0
PNT 72 32 1 1 6
PNT 73 32 1 1 0
PNT 74 32 1 1 7
PNT 75 32 1 1 6
PNT 76 32 1 1 7
PNT 77 32 1 1 5
PNT 78 32 1 1 0
PNT 79 32 1 1 2
PNT 81 32 2 1 5
PNT 83 32 1 1 4
PNT 85 32 2 1 6
PNT 87 32 1 1 2
PNT 88 32 1 1 7
PNT 89 32 1 1 2
PNT 92 32 2 1 6
PNT 96 32 2 1 6
PNT 70 33 1 1 5
PNT 71 33 1 1 0
PNT 72 33 2 1 6
PNT 76 33 1 1 0
PNT 77 33 1 1 2
PNT 80 33 1 1 5
PNT 81 33 2 1 4
PNT 83 33 1 1 7
PNT 85 33 1 1 6
PNT 87 33 1 1 7
PNT 88 33 1 1 5
PNT 89 33 1 1 2
PNT 91 33 3 1 6
PNT 95 33 1 1 6
PNT 0 34 26 1 0
PNT 28 34 2 1 0
PNT 32 34 16 1 0
PNT 51 34 17 1 0
PNT 68 34 1 1 5
PNT 69 34 1 1 0
PNT 70 34 1 1 6
PNT 71 34 1 1 5
PNT 72 34 1 1 6
PNT 73 34 1 1 5
PNT 74 34 1 1 0
PNT 75 34 1 1 2
PNT 77 34 2 1 5
PNT 79 34 1 1 4
PNT 83 34 1 1 4
PNT 84 34 1 1 6
PNT 85 34 1 1 2
PNT 86 34 1 1 6
PNT 87 34 1 1 7
PNT 88 34 1 1 3
PNT 89 34 1 1 5
PNT 90 34 6 1 6
PNT 96 34 16 1 0
PNT 115 34 13 1 0
PNT 0 35 32 1 0
PNT 35 35 9 1 0
PNT 44 35 6 1 7
PNT 52 35 8 1 7
PNT 60 35 1 1 6
PNT 61 35 5 1 0
PNT 66 35 1 1 5
PNT 67 35 1 1 0
PNT 68 35 1 1 6
PNT 69 35 1 1 5
PNT 70 35 1 1 6
PNT 71 35 1 1 4
PNT 72 35 1 1 0
PNT 73 35 1 1 2
PNT 75 35 2 1 5
PNT 77 35 2 1 4
PNT 79 35 1 1 6
PNT 80 35 2 1 4
PNT 85 35 1 1 6
PNT 86 35 1 1 7
PNT 87 35 1 1 2
PNT 89 35 3 1 6
PNT 93 35 3 1 6
PNT 96 35 18 1 0
PNT 116 35 12 1 0
PNT 38 36 1 1 2
PNT 40 36 4 1 7
PNT 44 36 14 1 6
PNT 58 36 1 1 2
PNT 59 36 1 1 6
PNT 60 36 4 1 7
PNT 64 36 1 1 4
PNT 65 36 1 1 0
PNT 66 36 1 1 6
PNT 67 36 1 1 5
PNT 68 36 1 1 6
PNT 69 36 1 1 4
PNT 70 36 1 1 0
PNT 71 36 1 1 2
PNT 73 36 4 1 4
PNT 77 36 1 1 6
PNT 78 36 2 1 4
PNT 80 36 1 1 6
PNT 81 36 1 1 5
PNT 82 36 3 1 6
PNT 86 36 1 1 7
PNT 87 36 1 1 2
PNT 88 36 6 1 6
PNT 34 37 1 1 2
PNT 36 37 4 1 7
PNT 40 37 2 1 6
PNT 42 37 1 1 2
PNT 43 37 1 1 6
PNT 44 37 1 1 2
PNT 45 37 1 1 6
PNT 46 37 1 1 2
PNT 47 37 15 1 6
PNT 62 37 1 1 2
PNT 63 37 1 1 0
PNT 64 37 4 1 7
PNT 68 37 1 1 0
PNT 69 37 1 1 2
PNT 71 37 2 1 4
PNT 73 37 1 1 3
PNT 74 37 1 1 4
PNT 75 37 1 1 6
PNT 76 37 2 1 4
PNT 78 37 4 1 5
PNT 83 37 1 1 6
PNT 85 37 2 1 7
PNT 87 37 2 1 6
PNT 89 37 1 1 5
PNT 91 37 3 1 6
PNT 0 38 10 1 0
PNT 10 38 1 1 2
PNT 11 38 19 1 0
PNT 30 38 1 1 2
PNT 31 38 1 1 0
PNT 32 38 4 1 7
PNT 36 38 2 1 6
PNT 38 38 1 1 2
PNT 39 38 1 1 6
PNT 40 38 1 1 2
PNT 41 38 1 1 6
PNT 42 38 1 1 7
PNT 43 38 1 1 0
PNT 44 38 3 1 7
PNT 47 38 1 1 0
PNT 48 38 3 1 7
PNT 51 38 1 1 0
PNT 52 38 1 1 7
PNT 54 38 1 1 7
PNT 55 38 1 1 0
PNT 56 38 1 1 6
PNT 58 38 1 1 6
PNT 60 38 1 1 6
PNT 61 38 1 1 0
PNT 62 38 1 1 5
PNT 64 38 1 1 5
PNT 65 38 1 1 4
PNT 66 38 1 1 0
PNT 67 38 1 1 2
PNT 69 38 3 1 7
PNT 72 38 1 1 3
PNT 73 38 1 1 6
PNT 74 38 2 1 4
PNT 76 38 2 1 0
PNT 78 38 1 1 6
PNT 79 38 3 1 5
PNT 84 38 1 1 3
PNT 85 38 1 1 7
PNT 86 38 1 1 3
PNT 87 38 1 1 6
PNT 88 38 4 1 5
PNT 92 38 36 1 0
PNT 0 39 9 1 0
PNT 9 39 1 1 3
PNT 10 39 18 1 0
PNT 29 39 3 1 7
PNT 32 39 2 1 4
PNT 34 39 1 1 2
PNT 35 39 1 1 6
PNT 36 39 1 1 2
PNT 37 39 1 1 6
PNT 38 39 1 1 7
PNT 39 39 1 1 0
PNT 40 39 5 1 7
PNT 45 39 1 1 0
PNT 46 39 2 1 7
PNT 48 39 1 1 0
PNT 49 39 2 1 7
PNT 51 39 1 1 0
PNT 52 39 2 1 7
PNT 54 39 1 1 0
PNT 55 39 4 1 7
PNT 59 39 1 1 0
PNT 60 39 2 1 6
PNT 62 39 1 1 5
PNT 63 39 2 1 3
PNT 65 39 1 1 2
PNT 67 39 2 1 4
PNT 69 39 1 1 3
PNT 70 39 1 1 2
PNT 71 39 1 1 5
PNT 72 39 4 1 7
PNT 76 39 2 1 0
PNT 78 39 2 1 5
PNT 81 39 2 1 5
PNT 83 39 1 1 2
PNT 84 39 1 1 7
PNT 85 39 1 1 5
PNT 86 39 1 1 6
PNT 87 39 1 1 5
PNT 89 39 3 1 5
PNT 92 39 36 1 0
PNT 6 40 1 1 4
PNT 8 40 1 1 3
PNT 11 40 1 1 6
PNT 25 40 2 1 6
PNT 27 40 2 1 7
PNT 29 40 3 1 4
PNT 32 40 1 1 2
PNT 33 40 1 1 6
PNT 34 40 1 1 7
PNT 35 40 1 1 0
PNT 36 40 3 1 7
PNT 39 40 1 1 0
PNT 40 40 1 1 7
PNT 42 40 1 1 7
PNT 43 40 1 1 6
PNT 44 40 1 1 2
PNT 45 40 1 1 5
PNT 46 40 1 1 7
PNT 48 40 2 1 5
PNT 50 40 1 1 7
PNT 51 40 2 1 5
PNT 54 40 1 1 7
PNT 55 40 1 1 5
PNT 56 40 1 1 7
PNT 57 40 1 1 0
PNT 58 40 2 1 7
PNT 60 40 1 1 4
PNT 61 40 1 1 5
PNT 62 40 1 1 7
PNT 63 40 1 1 2
PNT 65 40 2 1 3
PNT 67 40 2 1 6
PNT 70 40 1 1 6
PNT 73 40 2 1 5
PNT 75 40 1 1 6
PNT 76 40 3 1 7
PNT 79 40 3 1 5
PNT 82 40 1 1 2
PNT 83 40 1 1 7
PNT 84 40 1 1 5
PNT 85 40 1 1 2
PNT 86 40 2 1 5
PNT 89 40 1 1 5
PNT 5 41 1 1 4
PNT 7 41 1 1 4
PNT 9 41 1 1 6
PNT 12 41 1 1 6
PNT 23 41 2 1 6
PNT 25 41 2 1 7
PNT 27 41 1 1 4
PNT 28 41 1 1 2
PNT 29 41 1 1 6
PNT 30 41 1 1 2
PNT 31 41 1 1 0
PNT 32 41 4 1 7
PNT 36 41 1 1 0
PNT 37 41 2 1 7
PNT 39 41 2 1 6
PNT 41 41 4 1 5
PNT 45 41 1 1 2
PNT 46 41 1 1 5
PNT 47 41 1 1 2
PNT 48 41 1 1 5
PNT 49 41 1 1 2
PNT 50 41 1 1 5
PNT 51 41 1 1 2
PNT 52 41 1 1 5
PNT 53 41 1 1 2
PNT 54 41 1 1 5
PNT 55 41 2 1 2
PNT 57 41 1 1 5
PNT 58 41 1 1 7
PNT 59 41 1 1 5
PNT 60 41 1 1 3
PNT 61 41 1 1 5
PNT 63 41 1 1 0
PNT 64 41 2 1 7
PNT 66 41 1 1 6
PNT 67 41 1 1 0
PNT 68 41 1 1 3
PNT 69 41 4 1 6
PNT 74 41 1 1 2
PNT 75 41 1 1 6
PNT 77 41 2 1 5
PNT 79 41 2 1 7
PNT 81 41 1 1 5
PNT 82 41 2 1 7
PNT 84 41 1 1 6
PNT 85 41 1 1 5
PNT 87 41 2 1 5
PNT 89 41 1 1 2
PNT 0 42 4 1 0
PNT 4 42 1 1 5
PNT 5 42 1 1 0
PNT 6 42 4 1 4
PNT 10 42 1 1 6
PNT 11 42 1 1 0
PNT 12 42 1 1 6
PNT 13 42 8 1 0
PNT 21 42 1 1 7
PNT 22 42 1 1 6
PNT 23 42 2 1 7
PNT 25 42 1 1 5
PNT 26 42 1 1 2
PNT 27 42 1 1 0
PNT 28 42 1 1 6
PNT 29 42 1 1 7
PNT 30 42 2 1 6
PNT 32 42 1 1 7
PNT 33 42 1 1 0
PNT 34 42 1 1 7
PNT 36 42 1 1 6
PNT 37 42 3 1 5
PNT 40 42 1 1 0
PNT 42 42 1 1 5
PNT 43 42 1 1 0
PNT 44 42 1 1 5
PNT 46 42 1 1 0
PNT 47 42 2 1 5
PNT 49 42 1 1 0
PNT 50 42 2 1 5
PNT 52 42 2 1 0
PNT 54 42 1 1 5
PNT 55 42 1 1 0
PNT 56 42 1 1 5
PNT 57 42 1 1 2
PNT 58 42 1 1 0
PNT 59 42 1 1 2
PNT 60 42 1 1 5
PNT 61 42 1 1 2
PNT 62 42 1 1 7
PNT 63 42 1 1 5
PNT 64 42 1 1 7
PNT 65 42 1 1 2
PNT 66 42 1 1 0
PNT 67 42 1 1 7
PNT 68 42 1 1 6
PNT 69 42 1 1 2
PNT 70 42 1 1 6
PNT 71 42 1 1 0
PNT 72 42 2 1 6
PNT 77 42 4 1 5
PNT 81 42 1 1 7
PNT 82 42 2 1 6
PNT 84 42 1 1 3
PNT 85 42 1 1 5
PNT 86 42 1 1 2
PNT 88 42 1 1 2
PNT 89 42 39 1 0
PNT 0 43 3 1 0
PNT 3 43 4 1 5
PNT 7 43 2 1 4
PNT 9 43 1 1 0
PNT 10 43 2 1 4
PNT 12 43 1 1 0
PNT 13 43 1 1 6
PNT 14 43 1 1 0
PNT 15 43 1 1 7
PNT 16 43 3 1 6
PNT 19 43 2 1 7
PNT 21 43 1 1 2
PNT 22 43 1 1 7
PNT 23 43 1 1 5
PNT 24 43 1 1 2
PNT 25 43 1 1 5
PNT 26 43 1 1 6
PNT 27 43 1 1 7
PNT 28 43 2 1 6
PNT 30 43 1 1 7
PNT 31 43 1 1 6
PNT 32 43 1 1 2
PNT 33 43 2 1 6
PNT 35 43 2 1 5
PNT 37 43 1 1 0
PNT 38 43 2 1 5
PNT 40 43 1 1 3
PNT 41 43 1 1 5
PNT 43 43 1 1 5
PNT 44 43 1 1 3
PNT 45 43 1 1 6
PNT 47 43 1 1 5
PNT 48 43 1 1 3
PNT 49 43 1 1 6
PNT 51 43 1 1 5
PNT 52 43 1 1 3
PNT 53 43 1 1 6
PNT 55 43 1 1 5
PNT 56 43 1 1 3
PNT 58 43 2 1 5
PNT 60 43 3 1 2
PNT 63 43 1 1 5
PNT 64 43 1 1 2
PNT 65 43 1 1 5
PNT 66 43 1 1 7
PNT 67 43 3 1 4
PNT 70 43 1 1 3
PNT 71 43 1 1 6
PNT 73 43 2 1 6
PNT 75 43 1 1 0
PNT 76 43 1 1 6
PNT 78 43 1 1 2
PNT 79 43 1 1 6
PNT 81 43 2 1 6
PNT 83 43 1 1 2
PNT 84 43 1 1 5
PNT 85 43 1 1 2
PNT 86 43 1 1 5
PNT 87 43 1 1 2
PNT 88 43 2 1 4
PNT 90 43 38 1 0
PNT 2 44 1 1 5
PNT 3 44 3 1 4
PNT 6 44 1 1 5
PNT 7 44 1 1 0
PNT 8 44 5 1 4
PNT 13 44 1 1 7
PNT 14 44 1 1 2
PNT 15 44 4 1 6
PNT 19 44 1 1 2
PNT 20 44 1 1 7
PNT 21 44 1 1 3
PNT 22 44 2 1 5
PNT 24 44 1 1 6
PNT 25 44 2 1 7
PNT 27 44 1 1 6
PNT 29 44 1 1 2
PNT 30 44 2 1 5
PNT 32 44 1 1 6
PNT 34 44 1 1 0
PNT 35 44 1 1 5
PNT 36 44 1 1 3
PNT 37 44 1 1 5
PNT 39 44 1 1 5
PNT 40 44 1 1 6
PNT 41 44 1 1 2
PNT 42 44 1 1 5
PNT 44 44 1 1 3
PNT 45 44 1 1 6
PNT 46 44 1 1 5
PNT 48 44 2 1 6
PNT 52 44 1 1 6
PNT 53 44 1 1 2
PNT 54 44 1 1 5
PNT 57 44 1 1 6
PNT 59 44 1 1 2
PNT 60 44 1 1 3
PNT 62 44 1 1 0
PNT 63 44 1 1 2
PNT 64 44 1 1 3
PNT 65 44 1 1 4
PNT 66 44 2 1 2
PNT 68 44 1 1 7
PNT 69 44 1 1 2
PNT 70 44 1 1 7
PNT 71 44 1 1 2
PNT 72 44 1 1 4
PNT 73 44 5 1 6
PNT 78 44 1 1 7
PNT 80 44 1 1 2
PNT 81 44 1 1 6
PNT 82 44 1 1 3
PNT 83 44 1 1 5
PNT 84 44 1 1 2
PNT 85 44 1 1 4
PNT 86 44 1 1 2
PNT 87 44 1 1 3
PNT 88 44 2 1 4
PNT 91 44 2 1 5
PNT 2 45 2 1 4
PNT 4 45 1 1 5
PNT 5 45 1 1 0
PNT 6 45 2 1 4
PNT 8 45 2 1 5
PNT 10 45 1 1 4
PNT 11 45 1 1 7
PNT 12 45 1 1 2
PNT 14 45 3 1 6
PNT 17 45 1 1 2
PNT 18 45 1 1 3
PNT 19 45 1 1 7
PNT 20 45 2 1 5
PNT 22 45 1 1 2
PNT 23 45 1 1 7
PNT 24 45 2 1 6
PNT 27 45 1 1 7
PNT 28 45 3 1 5
PNT 32 45 1 1 3
PNT 33 45 1 1 2
PNT 35 45 1 1 2
PNT 36 45 2 1 6
PNT 38 45 1 1 2
PNT 40 45 2 1 6
PNT 42 45 2 1 5
PNT 45 45 1 1 2
PNT 46 45 2 1 5
PNT 49 45 3 1 5
PNT 53 45 3 1 5
PNT 57 45 1 1 5
PNT 58 45 1 1 2
PNT 60 45 2 1 6
PNT 62 45 1 1 4
PNT 63 45 1 1 2
PNT 64 45 6 1 6
PNT 70 45 1 1 2
PNT 71 45 1 1 7
PNT 72 45 1 1 3
PNT 73 45 1 1 6
PNT 74 45 1 1 7
PNT 75 45 1 1 6
PNT 77 45 1 1 2
PNT 78 45 1 1 0
PNT 79 45 1 1 2
PNT 80 45 1 1 6
PNT 81 45 1 1 2
PNT 82 45 1 1 5
PNT 83 45 1 1 2
PNT 84 45 1 1 3
PNT 85 45 1 1 2
PNT 86 45 2 1 4
PNT 88 45 1 1 2
PNT 89 45 2 1 5
PNT 0 46 1 1 0
PNT 1 46 1 1 5
PNT 2 46 1 1 6
PNT 3 46 1 1 0
PNT 4 46 2 1 4
PNT 6 46 2 1 5
PNT 8 46 1 1 4
PNT 9 46 1 1 7
PNT 10 46 1 1 2
PNT 12 46 1 1 7
PNT 13 46 1 1 6
PNT 14 46 1 1 4
PNT 15 46 1 1 6
PNT 16 46 1 1 3
PNT 17 46 1 1 6
PNT 18 46 1 1 7
PNT 19 46 1 1 5
PNT 20 46 1 1 6
PNT 21 46 1 1 7
PNT 22 46 1 1 6
PNT 23 46 1 1 3
PNT 25 46 1 1 7
PNT 26 46 3 1 5
PNT 30 46 2 1 5
PNT 32 46 1 1 2
PNT 33 46 1 1 6
PNT 34 46 1 1 5
PNT 36 46 1 1 6
PNT 37 46 1 1 2
PNT 38 46 2 1 5
PNT 41 46 1 1 5
PNT 43 46 2 1 5
PNT 46 46 1 1 3
PNT 47 46 2 1 5
PNT 51 46 2 1 5
PNT 55 46 2 1 5
PNT 59 46 1 1 5
PNT 61 46 1 1 4
PNT 62 46 1 1 3
PNT 63 46 2 1 6
PNT 65 46 1 1 7
PNT 66 46 1 1 6
PNT 67 46 1 1 7
PNT 68 46 5 1 6
PNT 73 46 1 1 2
PNT 75 46 2 1 4
PNT 77 46 1 1 6
PNT 78 46 1 1 2
PNT 79 46 1 1 6
PNT 80 46 2 1 3
PNT 82 46 1 1 2
PNT 83 46 1 1 5
PNT 84 46 1 1 3
PNT 85 46 1 1 2
PNT 86 46 2 1 4
PNT 88 46 1 1 5
PNT 89 46 1 1 4
PNT 90 46 1 1 0
PNT 91 46 2 1 4
PNT 93 46 35 1 0
PNT 0 47 2 1 0
PNT 2 47 2 1 4
PNT 4 47 2 1 5
PNT 6 47 1 1 4
PNT 7 47 1 1 6
PNT 8 47 1 1 2
PNT 10 47 1 1 7
PNT 11 47 1 1 6
PNT 12 47 2 1 4
PNT 14 47 1 1 6
PNT 15 47 1 1 2
PNT 16 47 1 1 6
PNT 17 47 1 1 5
PNT 18 47 1 1 4
PNT 19 47 1 1 7
PNT 20 47 2 1 6
PNT 24 47 1 1 2
PNT 25 47 2 1 5
PNT 28 47 4 1 5
PNT 32 47 1 1 2
PNT 33 47 1 1 6
PNT 34 47 2 1 5
PNT 37 47 1 1 5
PNT 39 47 2 1 5
PNT 42 47 2 1 5
PNT 44 47 1 1 6
PNT 45 47 1 1 2
PNT 46 47 1 1 6
PNT 47 47 1 1 2
PNT 48 47 1 1 6
PNT 49 47 1 1 2
PNT 50 47 3 1 6
PNT 53 47 1 1 2
PNT 54 47 3 1 6
PNT 57 47 1 1 2
PNT 58 47 2 1 6
PNT 60 47 1 1 4
PNT 61 47 1 1 2
PNT 62 47 1 1 6
PNT 63 47 1 1 7
PNT 64 47 3 1 2
PNT 67 47 5 1 6
PNT 73 47 1 1 6
PNT 74 47 1 1 3
PNT 75 47 1 1 2
PNT 76 47 1 1 6
PNT 77 47 1 1 4
PNT 78 47 1 1 0
PNT 79 47 1 1 2
PNT 80 47 2 1 6
PNT 82 47 1 1 2
PNT 83 47 1 1 5
PNT 84 47 1 1 2
PNT 86 47 5 1 4
PNT 91 47 37 1 0
PNT 0 48 1 1 7
PNT 1 48 1 1 5
PNT 2 48 1 1 4
PNT 3 48 3 1 5
PNT 8 48 1 1 7
PNT 9 48 1 1 5
PNT 10 48 2 1 4
PNT 12 48 1 1 6
PNT 13 48 1 1 4
PNT 14 48 1 1 3
PNT 15 48 2 1 5
PNT 17 48 1 1 2
PNT 18 48 1 1 7
PNT 19 48 1 1 4
PNT 23 48 2 1 5
PNT 25 48 1 1 3
PNT 26 48 4 1 5
PNT 30 48 2 1 2
PNT 33 48 1 1 5
PNT 35 48 2 1 2
PNT 38 48 2 1 5
PNT 40 48 1 1 2
PNT 41 48 3 1 6
PNT 44 48 1 1 2
PNT 45 48 3 1 6
PNT 48 48 1 1 3
PNT 49 48 3 1 6
PNT 52 48 1 1 2
PNT 53 48 3 1 6
PNT 56 48 1 1 2
PNT 57 48 2 1 6
PNT 59 48 1 1 2
PNT 60 48 1 1 3
PNT 61 48 1 1 7
PNT 62 48 2 1 2
PNT 64 48 3 1 6
PNT 67 48 3 1 5
PNT 71 48 1 1 2
PNT 72 48 3 1 6
PNT 75 48 2 1 2
PNT 78 48 1 1 3
PNT 79 48 1 1 4
PNT 80 48 1 1 3
PNT 81 48 1 1 6
PNT 84 48 2 1 5
PNT 87 48 3 1 4
PNT 0 49 3 1 4
PNT 3 49 2 1 5
PNT 5 49 1 1 6
PNT 6 49 1 1 2
PNT 7 49 1 1 5
PNT 8 49 2 1 4
PNT 10 49 1 1 5
PNT 11 49 1 1 4
PNT 12 49 2 1 3
PNT 14 49 1 1 6
PNT 15 49 2 1 2
PNT 17 49 1 1 5
PNT 18 49 1 1 7
PNT 20 49 1 1 7
PNT 21 49 2 1 5
PNT 25 49 1 1 5
PNT 26 49 1 1 2
PNT 27 49 3 1 5
PNT 30 49 1 1 2
PNT 31 49 2 1 5
PNT 34 49 2 1 2
PNT 36 49 2 1 6
PNT 38 49 1 1 5
PNT 39 49 2 1 2
PNT 41 49 1 1 6
PNT 42 49 1 1 5
PNT 43 49 2 1 2
PNT 45 49 1 1 6
PNT 46 49 1 1 5
PNT 47 49 3 1 2
PNT 50 49 1 1 5
PNT 51 49 2 1 2
PNT 53 49 1 1 6
PNT 54 49 1 1 5
PNT 55 49 2 1 2
PNT 57 49 1 1 6
PNT 59 49 1 1 2
PNT 60 49 1 1 6
PNT 61 49 1 1 2
PNT 62 49 2 1 6
PNT 64 49 4 1 5
PNT 69 49 3 1 5
PNT 73 49 1 1 2
PNT 74 49 2 1 6
PNT 76 49 1 1 3
PNT 77 49 1 1 2
PNT 78 49 2 1 5
PNT 82 49 1 1 5
PNT 83 49 2 1 7
PNT 85 49 1 1 5
PNT 86 49 1 1 4
PNT 88 49 2 1 4
PNT 0 50 1 1 4
PNT 1 50 4 1 5
PNT 6 50 2 1 4
PNT 8 50 1 1 5
PNT 9 50 1 1 4
PNT 10 50 3 1 3
PNT 13 50 2 1 2
PNT 16 50 1 1 0
PNT 18 50 1 1 3
PNT 19 50 2 1 7
PNT 21 50 1 1 4
PNT 22 50 1 1 7
PNT 23 50 3 1 5
PNT 27 50 1 1 3
PNT 28 50 1 1 5
PNT 29 50 2 1 2
PNT 31 50 3 1 4
PNT 34 50 1 1 2
PNT 35 50 1 1 5
PNT 36 50 2 1 4
PNT 38 50 2 1 2
PNT 40 50 2 1 0
PNT 42 50 2 1 2
PNT 44 50 2 1 0
PNT 46 50 2 1 2
PNT 48 50 2 1 0
PNT 50 50 1 1 3
PNT 51 50 1 1 2
PNT 52 50 2 1 0
PNT 54 50 2 1 2
PNT 56 50 2 1 0
PNT 58 50 1 1 3
PNT 60 50 1 1 0
PNT 62 50 1 1 3
PNT 63 50 1 1 5
PNT 65 50 1 1 4
PNT 68 50 2 1 4
PNT 70 50 5 1 5
PNT 75 50 1 1 4
PNT 77 50 3 1 5
PNT 80 50 3 1 7
PNT 83 50 1 1 5
PNT 85 50 1 1 5
PNT 86 50 2 1 0
PNT 89 50 39 1 0
PNT 0 51 1 1 4
PNT 1 51 3 1 5
PNT 4 51 1 1 2
PNT 5 51 1 1 4
PNT 6 51 1 1 5
PNT 7 51 1 1 4
PNT 8 51 3 1 3
PNT 11 51 1 1 2
PNT 12 51 1 1 3
PNT 13 51 1 1 4
PNT 14 51 1 1 0
PNT 16 51 2 1 5
PNT 18 51 1 1 6
PNT 20 51 1 1 5
PNT 21 51 2 1 7
PNT 23 51 1 1 5
PNT 24 51 1 1 7
PNT 25 51 3 1 5
PNT 29 51 1 1 5
PNT 30 51 1 1 2
PNT 32 51 1 1 4
PNT 33 51 2 1 2
PNT 35 51 3 1 4
PNT 38 51 1 1 2
PNT 39 51 3 1 4
PNT 42 51 1 1 2
PNT 43 51 3 1 4
PNT 46 51 1 1 2
PNT 47 51 3 1 4
PNT 50 51 2 1 2
PNT 52 51 2 1 4
PNT 54 51 1 1 2
PNT 55 51 2 1 4
PNT 57 51 1 1 2
PNT 58 51 2 1 4
PNT 61 51 1 1 4
PNT 63 51 1 1 3
PNT 65 51 2 1 4
PNT 67 51 1 1 2
PNT 70 51 1 1 2
PNT 71 51 1 1 4
PNT 73 51 2 1 4
PNT 75 51 1 1 5
PNT 76 51 1 1 7
PNT 77 51 1 1 5
PNT 78 51 3 1 7
PNT 81 51 1 1 3
PNT 82 51 1 1 4
PNT 83 51 2 1 0
PNT 86 51 3 1 0
PNT 90 51 38 1 0
PNT 0 52 2 1 5
PNT 2 52 1 1 3
PNT 4 52 2 1 4
PNT 6 52 3 1 3
PNT 9 52 1 1 5
PNT 10 52 2 1 3
PNT 12 52 1 1 0
PNT 14 52 1 1 4
PNT 15 52 1 1 5
PNT 16 52 1 1 6
PNT 18 52 2 1 5
PNT 20 52 2 1 3
PNT 22 52 1 1 5
PNT 23 52 2 1 7
PNT 25 52 4 1 5
PNT 29 52 1 1 3
PNT 31 52 1 1 4
PNT 32 52 1 1 2
PNT 34 52 1 1 5
PNT 36 52 3 1 2
PNT 39 52 2 1 4
PNT 41 52 2 1 2
PNT 43 52 2 1 4
PNT 45 52 2 1 2
PNT 47 52 2 1 4
PNT 49 52 2 1 2
PNT 51 52 1 1 4
PNT 52 52 1 1 3
PNT 53 52 1 1 2
PNT 54 52 2 1 4
PNT 56 52 1 1 3
PNT 58 52 2 1 4
PNT 60 52 1 1 2
PNT 64 52 2 1 3
PNT 66 52 1 1 5
PNT 67 52 5 1 4
PNT 72 52 1 1 7
PNT 74 52 4 1 7
PNT 78 52 1 1 6
PNT 79 52 1 1 3
PNT 80 52 2 1 5
PNT 1 53 1 1 3
PNT 2 53 1 1 2
PNT 3 53 1 1 4
PNT 4 53 3 1 3
PNT 7 53 1 1 4
PNT 8 53 2 1 3
PNT 10 53 1 1 0
PNT 11 53 1 1 3
PNT 13 53 1 1 4
PNT 14 53 1 1 5
PNT 15 53 1 1 4
PNT 16 53 2 1 6
PNT 18 53 2 1 5
PNT 22 53 2 1 3
PNT 24 53 1 1 6
PNT 25 53 2 1 7
PNT 27 53 1 1 5
PNT 28 53 1 1 7
PNT 29 53 1 1 5
PNT 30 53 1 1 2
PNT 31 53 1 1 5
PNT 33 53 2 1 3
PNT 35 53 1 1 5
PNT 36 53 1 1 2
PNT 37 53 2 1 5
PNT 40 53 1 1 2
PNT 41 53 1 1 4
PNT 42 53 1 1 2
PNT 44 53 1 1 2
PNT 46 53 1 1 4
PNT 48 53 1 1 2
PNT 49 53 2 1 4
PNT 52 53 2 1 2
PNT 54 53 1 1 3
PNT 55 53 1 1 2
PNT 56 53 4 1 4
PNT 61 53 1 1 5
PNT 63 53 1 1 5
PNT 65 53 1 1 5
PNT 66 53 2 1 3
PNT 68 53 1 1 7
PNT 69 53 1 1 6
PNT 70 53 4 1 7
PNT 74 53 2 1 6
PNT 76 53 3 1 3
PNT 80 53 2 1 5
PNT 0 54 1 1 5
PNT 2 54 1 1 4
PNT 3 54 2 1 3
PNT 5 54 1 1 4
PNT 6 54 2 1 3
PNT 8 54 1 1 0
PNT 9 54 2 1 3
PNT 12 54 1 1 4
PNT 13 54 3 1 5
PNT 16 54 2 1 6
PNT 18 54 5 1 0
PNT 23 54 1 1 7
PNT 24 54 1 1 6
PNT 25 54 2 1 3
PNT 27 54 3 1 7
PNT 30 54 2 1 3
PNT 32 54 1 1 7
PNT 33 54 1 1 5
PNT 35 54 8 1 5
PNT 43 54 1 1 0
PNT 44 54 3 1 5
PNT 47 54 1 1 0
PNT 48 54 3 1 5
PNT 51 54 1 1 0
PNT 52 54 3 1 5
PNT 55 54 1 1 4
PNT 57 54 1 1 5
PNT 59 54 5 1 5
PNT 64 54 1 1 7
PNT 66 54 2 1 7
PNT 68 54 1 1 2
PNT 69 54 1 1 7
PNT 70 54 6 1 3
PNT 76 54 2 1 5
PNT 78 54 1 1 0
PNT 79 54 2 1 4
PNT 81 54 47 1 0
PNT 0 55 1 1 3
PNT 1 55 1 1 2
PNT 2 55 1 1 3
PNT 3 55 1 1 4
PNT 4 55 2 1 3
PNT 6 55 1 1 0
PNT 7 55 1 1 3
PNT 8 55 2 1 0
PNT 11 55 1 1 0
PNT 12 55 1 1 5
PNT 13 55 1 1 0
PNT 14 55 2 1 5
PNT 16 55 1 1 0
PNT 17 55 1 1 4
PNT 18 55 5 1 0
PNT 23 55 1 1 7
PNT 24 55 1 1 2
PNT 25 55 1 1 4
PNT 26 55 2 1 5
PNT 28 55 1 1 4
PNT 29 55 1 1 5
PNT 30 55 3 1 7
PNT 33 55 1 1 3
PNT 34 55 1 1 2
PNT 35 55 1 1 6
PNT 36 55 1 1 7
PNT 37 55 1 1 5
PNT 39 55 7 1 5
PNT 47 55 1 1 5
PNT 49 55 1 1 5
PNT 51 55 1 1 5
PNT 53 55 1 1 5
PNT 55 55 1 1 4
PNT 56 55 4 1 5
PNT 60 55 1 1 7
PNT 61 55 1 1 5
PNT 62 55 4 1 7
PNT 66 55 3 1 6
PNT 70 55 1 1 4
PNT 71 55 4 1 5
PNT 75 55 2 1 4
PNT 78 55 50 1 0
PNT 1 56 3 1 3
PNT 4 56 1 1 0
PNT 6 56 1 1 4
PNT 7 56 5 1 3
PNT 12 56 4 1 5
PNT 22 56 1 1 5
PNT 24 56 1 1 6
PNT 26 56 2 1 4
PNT 28 56 1 1 5
PNT 29 56 2 1 4
PNT 32 56 2 1 4
PNT 34 56 1 1 5
PNT 35 56 1 1 3
PNT 36 56 1 1 2
PNT 37 56 1 1 3
PNT 38 56 1 1 4
PNT 39 56 1 1 5
PNT 40 56 1 1 7
PNT 41 56 1 1 5
PNT 43 56 1 1 5
PNT 44 56 1 1 7
PNT 45 56 3 1 5
PNT 48 56 1 1 7
PNT 49 56 3 1 5
PNT 52 56 1 1 7
PNT 53 56 1 1 5
PNT 54 56 2 1 4
PNT 56 56 1 1 7
PNT 57 56 1 1 5
PNT 58 56 1 1 2
PNT 59 56 3 1 7
PNT 62 56 2 1 6
PNT 64 56 1 1 5
PNT 65 56 2 1 4
PNT 67 56 1 1 5
PNT 68 56 1 1 2
PNT 69 56 2 1 5
PNT 71 56 3 1 4
PNT 0 57 1 1 4
PNT 1 57 1 1 3
PNT 2 57 1 1 0
PNT 3 57 1 1 4
PNT 4 57 1 1 3
PNT 5 57 1 1 4
PNT 6 57 1 1 3
PNT 8 57 4 1 3
PNT 12 57 2 1 5
PNT 22 57 1 1 5
PNT 24 57 1 1 2
PNT 25 57 1 1 6
PNT 26 57 2 1 5
PNT 28 57 4 1 4
PNT 32 57 1 1 5
PNT 33 57 1 1 4
PNT 34 57 1 1 2
PNT 35 57 1 1 5
PNT 36 57 2 1 4
PNT 38 57 1 1 2
PNT 39 57 1 1 3
PNT 40 57 1 1 2
PNT 41 57 17 1 7
PNT 58 57 1 1 5
PNT 60 57 1 1 5
PNT 61 57 2 1 4
PNT 64 57 2 1 5
PNT 66 57 1 1 6
PNT 67 57 1 1 4
PNT 68 57 1 1 6
PNT 70 57 3 1 5
PNT 73 57 1 1 4
PNT 74 57 1 1 5
PNT 0 58 1 1 0
PNT 1 58 1 1 2
PNT 2 58 2 1 3
PNT 4 58 1 1 4
PNT 5 58 4 1 3
PNT 9 58 1 1 0
PNT 10 58 2 1 3
PNT 12 58 2 1 5
PNT 14 58 8 1 0
PNT 22 58 1 1 5
PNT 23 58 1 1 0
PNT 24 58 1 1 6
PNT 26 58 3 1 5
PNT 29 58 1 1 4
PNT 30 58 1 1 0
PNT 31 58 2 1 4
PNT 33 58 2 1 5
PNT 36 58 1 1 5
PNT 37 58 2 1 4
PNT 39 58 1 1 0
PNT 40 58 1 1 4
PNT 41 58 1 1 0
PNT 42 58 2 1 6
PNT 44 58 1 1 4
PNT 45 58 1 1 0
PNT 46 58 2 1 6
PNT 48 58 1 1 4
PNT 49 58 1 1 0
PNT 50 58 2 1 6
PNT 52 58 1 1 4
PNT 53 58 1 1 0
PNT 54 58 2 1 6
PNT 56 58 2 1 4
PNT 58 58 1 1 2
PNT 59 58 3 1 5
PNT 62 58 3 1 4
PNT 65 58 1 1 6
PNT 66 58 1 1 5
PNT 67 58 1 1 0
PNT 68 58 1 1 2
PNT 69 58 1 1 6
PNT 70 58 4 1 5
PNT 74 58 1 1 4
PNT 75 58 1 1 5
PNT 76 58 52 1 0
PNT 0 59 2 1 0
PNT 2 59 1 1 4
PNT 3 59 2 1 3
PNT 5 59 1 1 4
PNT 6 59 5 1 3
PNT 11 59 1 1 4
PNT 12 59 10 1 0
PNT 22 59 1 1 5
PNT 23 59 1 1 0
PNT 24 59 1 1 2
PNT 25 59 1 1 6
PNT 26 59 4 1 5
PNT 30 59 1 1 4
PNT 31 59 1 1 0
PNT 32 59 1 1 4
PNT 33 59 1 1 5
PNT 34 59 1 1 2
PNT 35 59 1 1 5
PNT 36 59 4 1 4
PNT 40 59 1 1 5
PNT 41 59 2 1 4
PNT 43 59 1 1 0
PNT 44 59 1 1 5
PNT 45 59 2 1 4
PNT 47 59 1 1 0
PNT 48 59 1 1 5
PNT 49 59 2 1 4
PNT 51 59 1 1 0
PNT 52 59 1 1 5
PNT 53 59 3 1 4
PNT 56 59 2 1 5
PNT 58 59 1 1 4
PNT 60 59 2 1 4
PNT 62 59 1 1 0
PNT 63 59 1 1 4
PNT 64 59 1 1 0
PNT 65 59 1 1 6
PNT 66 59 1 1 5
PNT 67 59 1 1 0
PNT 68 59 1 1 6
PNT 70 59 4 1 5
PNT 74 59 1 1 4
PNT 75 59 1 1 5
PNT 76 59 52 1 0
PNT 3 60 1 1 4
PNT 4 60 7 1 3
PNT 11 60 1 1 4
PNT 22 60 1 1 5
PNT 24 60 1 1 6
PNT 26 60 4 1 5
PNT 30 60 1 1 4
PNT 32 60 1 1 4
PNT 33 60 2 1 5
PNT 36 60 5 1 4
PNT 42 60 3 1 4
PNT 46 60 3 1 4
PNT 50 60 3 1 4
PNT 54 60 3 1 4
PNT 57 60 2 1 5
PNT 59 60 1 1 2
PNT 60 60 1 1 5
PNT 62 60 2 1 4
PNT 65 60 1 1 6
PNT 66 60 1 1 5
PNT 68 60 1 1 2
PNT 69 60 1 1 6
PNT 70 60 4 1 5
PNT 74 60 1 1 4
PNT 75 60 1 1 5
PNT 4 61 1 1 4
PNT 5 61 1 1 3
PNT 7 61 4 1 3
PNT 22 61 1 1 5
PNT 24 61 1 1 2
PNT 25 61 1 1 6
PNT 26 61 4 1 5
PNT 30 61 1 1 4
PNT 32 61 1 1 4
PNT 33 61 1 1 5
PNT 34 61 1 1 2
PNT 35 61 1 1 5
PNT 36 61 4 1 4
PNT 54 61 3 1 4
PNT 57 61 1 1 2
PNT 58 61 2 1 5
PNT 62 61 2 1 4
PNT 65 61 1 1 6
PNT 66 61 1 1 5
PNT 68 61 2 1 6
PNT 70 61 4 1 5
PNT 74 61 1 1 4
PNT 75 61 1 1 5
PNT 0 62 4 1 0
PNT 4 62 4 1 3
PNT 8 62 1 1 0
PNT 9 62 2 1 3
PNT 11 62 11 1 0
PNT 22 62 1 1 5
PNT 23 62 1 1 0
PNT 24 62 1 1 6
PNT 26 62 4 1 5
PNT 30 62 1 1 4
PNT 31 62 1 1 0
PNT 32 62 1 1 4
PNT 33 62 2 1 5
PNT 36 62 4 1 4
PNT 40 62 14 1 0
PNT 54 62 3 1 4
PNT 57 62 2 1 5
PNT 59 62 1 1 2
PNT 60 62 1 1 5
PNT 61 62 1 1 0
PNT 62 62 2 1 4
PNT 64 62 1 1 0
PNT 65 62 1 1 6
PNT 66 62 1 1 5
PNT 67 62 1 1 0
PNT 68 62 1 1 2
PNT 69 62 1 1 6
PNT 70 62 4 1 5
PNT 74 62 1 1 4
PNT 75 62 1 1 5
PNT 76 62 52 1 0
PNT 0 63 6 1 0
PNT 6 63 3 1 3
PNT 9 63 1 1 0
PNT 10 63 1 1 3
PNT 11 63 11 1 0
PNT 22 63 1 1 5
PNT 23 63 1 1 0
PNT 24 63 1 1 2
PNT 25 63 1 1 6
PNT 26 63 4 1 5
PNT 30 63 1 1 4
PNT 31 63 1 1 0
PNT 32 63 1 1 4
PNT 33 63 1 1 5
PNT 34 63 1 1 2
PNT 35 63 1 1 5
PNT 36 63 4 1 4
PNT 40 63 15 1 0
PNT 55 63 2 1 4
PNT 57 63 3 1 5
PNT 61 63 1 1 0
PNT 62 63 2 1 4
PNT 64 63 1 1 0
PNT 65 63 1 1 6
PNT 66 63 1 1 5
PNT 67 63 1 1 0
PNT 68 63 2 1 6
PNT 70 63 4 1 5
PNT 74 63 1 1 4
PNT 75 63 1 1 5
PNT 76 63 52 1 0
PNT 5 64 1 1 3
PNT 7 64 3 1 3
PNT 22 64 1 1 5
PNT 24 64 1 1 6
PNT 26 64 4 1 5
PNT 30 64 1 1 4
PNT 32 64 1 1 4
PNT 33 64 2 1 5
PNT 36 64 4 1 4
PNT 55 64 3 1 4
PNT 58 64 2 1 5
PNT 60 64 1 1 2
PNT 61 64 1 1 5
PNT 62 64 2 1 4
PNT 65 64 1 1 6
PNT 66 64 1 1 5
PNT 68 64 1 1 2
PNT 69 64 1 1 6
PNT 70 64 4 1 5
PNT 74 64 1 1 4
PNT 75 64 1 1 5
PNT 8 65 2 1 3
PNT 22 65 1 1 5
PNT 24 65 1 1 2
PNT 25 65 1 1 6
PNT 26 65 4 1 5
PNT 30 65 1 1 4
PNT 32 65 1 1 4
PNT 33 65 1 1 5
PNT 34 65 1 1 2
PNT 35 65 1 1 5
PNT 36 65 4 1 4
PNT 55 65 3 1 4
PNT 58 65 1 1 3
PNT 59 65 2 1 5
PNT 62 65 2 1 4
PNT 65 65 1 1 6
PNT 66 65 1 1 5
PNT 67 65 2 1 6
PNT 69 65 4 1 5
PNT 73 65 1 1 4
PNT 75 65 1 1 5
PNT 0 66 6 1 0
PNT 6 66 1 1 2
PNT 7 66 2 1 0
PNT 9 66 1 1 3
PNT 10 66 12 1 0
PNT 22 66 1 1 5
PNT 23 66 1 1 0
PNT 24 66 1 1 6
PNT 26 66 4 1 5
PNT 30 66 1 1 4
PNT 31 66 1 1 0
PNT 32 66 1 1 4
PNT 33 66 2 1 5
PNT 36 66 4 1 4
PNT 40 66 15 1 0
PNT 55 66 3 1 4
PNT 58 66 2 1 5
PNT 60 66 1 1 2
PNT 61 66 1 1 5
PNT 62 66 3 1 4
PNT 65 66 1 1 6
PNT 66 66 1 1 5
PNT 67 66 1 1 2
PNT 68 66 1 1 6
PNT 69 66 4 1 5
PNT 73 66 1 1 4
PNT 74 66 1 1 5
PNT 75 66 53 1 0
PNT 0 67 22 1 0
PNT 22 67 1 1 5
PNT 23 67 1 1 0
PNT 24 67 1 1 2
PNT 25 67 1 1 6
PNT 26 67 4 1 5
PNT 30 67 1 1 4
PNT 31 67 1 1 0
PNT 32 67 1 1 4
PNT 33 67 1 1 5
PNT 34 67 1 1 2
PNT 35 67 1 1 5
PNT 36 67 4 1 4
PNT 40 67 16 1 0
PNT 56 67 2 1 4
PNT 58 67 1 1 5
PNT 59 67 1 1 4
PNT 60 67 1 1 5
PNT 62 67 2 1 4
PNT 64 67 1 1 0
PNT 65 67 1 1 6
PNT 66 67 1 1 5
PNT 67 67 2 1 6
PNT 69 67 4 1 5
PNT 73 67 1 1 4
PNT 74 67 1 1 5
PNT 75 67 53 1 0
PNT 22 68 1 1 5
PNT 23 68 1 1 6
PNT 24 68 1 1 7
PNT 25 68 1 1 6
PNT 26 68 5 1 5
PNT 32 68 1 1 4
PNT 33 68 1 1 5
PNT 34 68 1 1 6
PNT 35 68 1 1 5
PNT 36 68 4 1 4
PNT 56 68 3 1 4
PNT 59 68 2 1 5
PNT 61 68 1 1 2
PNT 62 68 1 1 4
PNT 65 68 1 1 6
PNT 66 68 1 1 5
PNT 67 68 1 1 2
PNT 68 68 1 1 6
PNT 69 68 4 1 5
PNT 73 68 1 1 4
PNT 74 68 1 1 5
PNT 22 69 1 1 5
PNT 23 69 2 1 7
PNT 25 69 1 1 6
PNT 26 69 2 1 5
PNT 28 69 1 1 6
PNT 29 69 2 1 5
PNT 31 69 2 1 4
PNT 33 69 2 1 6
PNT 35 69 1 1 5
PNT 36 69 1 1 4
PNT 37 69 1 1 6
PNT 38 69 1 1 5
PNT 39 69 1 1 4
PNT 56 69 8 1 6
PNT 65 69 2 1 5
PNT 67 69 1 1 7
PNT 68 69 1 1 6
PNT 69 69 1 1 5
PNT 70 69 1 1 6
PNT 71 69 1 1 5
PNT 72 69 1 1 4
PNT 73 69 1 1 5
PNT 0 70 21 1 2
PNT 21 70 1 1 6
PNT 22 70 6 1 7
PNT 28 70 2 1 5
PNT 30 70 1 1 2
PNT 31 70 1 1 4
PNT 32 70 6 1 6
PNT 38 70 2 1 5
PNT 40 70 17 1 2
PNT 57 70 1 1 5
PNT 58 70 6 1 6
PNT 64 70 1 1 2
PNT 65 70 6 1 7
PNT 71 70 1 1 6
PNT 72 70 1 1 4
PNT 73 70 1 1 5
PNT 74 70 54 1 2
PNT 0 71 16 1 2
PNT 19 71 3 1 2
PNT 22 71 6 1 7
PNT 28 71 4 1 2
PNT 32 71 6 1 6
PNT 38 71 11 1 2
PNT 51 71 8 1 2
PNT 59 71 1 1 4
PNT 60 71 5 1 2
PNT 65 71 8 1 7
PNT 73 71 1 1 6
PNT 74 71 7 1 2
PNT 83 71 13 1 2
PNT 99 71 13 1 2
PNT 115 71 9 1 2
PNT 127 71 1 1 2
PNT 0 72 18 1 3
PNT 18 72 71 1 2
PNT 89 72 39 1 3
PNT 0 73 20 1 2
PNT 87 73 41 1 2
PNT 16 76 2 1 2
PNT 22 76 2 1 2
PNT 27 76 5 1 2
PNT 50 76 14 1 2
PNT 82 76 6 1 2
PNT 90 76 6 1 2
PNT 112 76 8 1 2
PNT 123 76 5 1 2
PNT 0 80 24 1 2
PNT 26 80 38 1 2
PNT 66 80 38 1 2
PNT 106 80 22 1 2
PNT 0 82 8 1 2
PNT 18 82 54 1 2
PNT 80 82 14 1 2
PNT 98 82 30 1 2
PNT 0 83 24 1 2
PNT 32 83 2 1 2
PNT 38 83 18 1 2
PNT 64 83 10 1 2
PNT 78 83 10 1 2
PNT 96 83 18 1 2
PNT 118 83 2 1 2
PNT 0 86 24 1 2
PNT 30 86 50 1 2
PNT 86 86 42 1 2
PNT 0 87 52 1 2
PNT 58 87 50 1 2
PNT 114 87 14 1 2
PNT 0 88 128 1 2
PNT 0 89 128 1 2
PNT 0 90 128 1 2
PNT 0 91 128 1 2
PNT 0 92 128 1 2
PNT 0 93 128 1 2
PNT 0 94 128 1 2
PNT 0 95 128 1 2
REC 1
C FRAME 3
CLR 1
PNT 0 6 128 1 0
PNT 0 7 128 1 0
PNT 110 8 1 1 5
PNT 109 9 1 1 5
PNT 116 9 1 1 5
PNT 0 10 20 1 0
PNT 22 10 62 1 0
PNT 86 10 19 1 0
PNT 105 10 1 1 5
PNT 106 10 1 1 0
PNT 107 10 1 1 7
PNT 108 10 2 1 5
PNT 110 10 5 1 0
PNT 115 10 1 1 5
PNT 116 10 12 1 0
PNT 0 11 105 1 0
PNT 105 11 1 1 5
PNT 106 11 2 1 0
PNT 108 11 1 1 5
PNT 109 11 3 1 0
PNT 112 11 1 1 5
PNT 113 11 1 1 0
PNT 114 11 1 1 7
PNT 115 11 2 1 5
PNT 117 11 11 1 0
PNT 106 12 2 1 5
PNT 108 12 1 1 6
PNT 109 12 1 1 5
PNT 112 12 1 1 5
PNT 114 12 2 1 5
PNT 106 13 2 1 5
PNT 108 13 1 1 6
PNT 109 13 1 1 5
PNT 113 13 1 1 5
PNT 114 13 1 1 6
PNT 115 13 1 1 5
PNT 0 14 105 1 0
PNT 105 14 2 1 5
PNT 107 14 1 1 7
PNT 108 14 1 1 5
PNT 109 14 4 1 0
PNT 113 14 3 1 5
PNT 116 14 12 1 0
PNT 0 15 105 1 0
PNT 105 15 4 1 5
PNT 109 15 4 1 0
PNT 113 15 1 1 7
PNT 114 15 1 1 5
PNT 115 15 13 1 0
PNT 106 16 2 1 5
PNT 113 16 3 1 5
PNT 86 17 1 1 4
PNT 106 17 2 1 5
PNT 108 17 3 1 6
PNT 112 17 1 1 5
PNT 114 17 1 1 5
PNT 0 18 6 1 0
PNT 10 18 52 1 0
PNT 64 18 2 1 0
PNT 66 18 1 1 3
PNT 67 18 18 1 0
PNT 85 18 1 1 4
PNT 86 18 1 1 0
PNT 87 18 1 1 4
PNT 88 18 6 1 0
PNT 96 18 7 1 0
PNT 103 18 11 1 7
PNT 114 18 1 1 6
PNT 115 18 13 1 0
PNT 0 19 10 1 0
PNT 13 19 17 1 0
PNT 32 19 35 1 0
PNT 67 19 2 1 3
PNT 69 19 15 1 0
PNT 84 19 1 1 5
PNT 85 19 1 1 0
PNT 86 19 1 1 4
PNT 87 19 1 1 0
PNT 88 19 1 1 4
PNT 89 19 12 1 0
PNT 101 19 2 1 7
PNT 103 19 1 1 6
PNT 104 19 1 1 7
PNT 105 19 5 1 5
PNT 110 19 1 1 7
PNT 111 19 1 1 5
PNT 113 19 1 1 5
PNT 114 19 2 1 7
PNT 116 19 2 1 0
PNT 118 19 2 1 4
PNT 120 19 8 1 0
PNT 68 20 2 1 3
PNT 70 20 1 1 4
PNT 84 20 1 1 5
PNT 98 20 1 1 3
PNT 99 20 1 1 2
PNT 100 20 1 1 3
PNT 101 20 3 1 2
PNT 104 20 2 1 5
PNT 106 20 5 1 3
PNT 111 20 3 1 5
PNT 114 20 1 1 2
PNT 115 20 1 1 5
PNT 116 20 2 1 7
PNT 74 21 1 1 4
PNT 83 21 1 1 5
PNT 85 21 1 1 5
PNT 87 21 1 1 4
PNT 97 21 1 1 2
PNT 98 21 1 1 7
PNT 99 21 1 1 6
PNT 101 21 1 1 2
PNT 106 21 5 1 5
PNT 111 21 2 1 3
PNT 113 21 3 1 5
PNT 116 21 1 1 7
PNT 117 21 1 1 4
PNT 118 21 1 1 7
PNT 0 22 22 1 0
PNT 26 22 16 1 0
PNT 45 22 27 1 0
PNT 72 22 2 1 4
PNT 77 22 6 1 0
PNT 83 22 1 1 5
PNT 84 22 1 1 0
PNT 85 22 1 1 5
PNT 86 22 8 1 0
PNT 95 22 1 1 0
PNT 96 22 1 1 3
PNT 97 22 1 1 6
PNT 99 22 2 1 2
PNT 103 22 3 1 2
PNT 109 22 2 1 0
PNT 111 22 1 1 7
PNT 112 22 1 1 6
PNT 113 22 3 1 5
PNT 116 22 2 1 4
PNT 118 22 1 1 2
PNT 119 22 1 1 7
PNT 120 22 8 1 0
PNT 0 23 26 1 0
PNT 29 23 17 1 0
PNT 48 23 26 1 0
PNT 74 23 2 1 4
PNT 76 23 1 1 0
PNT 77 23 1 1 5
PNT 80 23 2 1 0
PNT 82 23 1 1 5
PNT 83 23 1 1 0
PNT 84 23 1 1 5
PNT 85 23 1 1 0
PNT 86 23 1 1 5
PNT 87 23 7 1 0
PNT 94 23 2 1 2
PNT 97 23 1 1 2
PNT 98 23 1 1 6
PNT 100 23 1 1 3
PNT 101 23 2 1 5
PNT 104 23 1 1 3
PNT 105 23 1 1 5
PNT 106 23 1 1 4
PNT 107 23 1 1 3
PNT 108 23 1 1 2
PNT 112 23 2 1 2
PNT 114 23 1 1 3
PNT 115 23 5 1 4
PNT 121 23 1 1 4
PNT 122 23 6 1 0
PNT 76 24 1 1 4
PNT 77 24 1 1 5
PNT 79 24 2 1 5
PNT 82 24 1 1 5
PNT 84 24 1 1 5
PNT 94 24 1 1 3
PNT 95 24 1 1 2
PNT 96 24 1 1 6
PNT 98 24 1 1 3
PNT 99 24 1 1 2
PNT 102 24 4 1 4
PNT 106 24 1 1 3
PNT 107 24 1 1 2
PNT 114 24 2 1 2
PNT 116 24 1 1 5
PNT 117 24 5 1 4
PNT 122 24 1 1 2
PNT 78 25 2 1 5
PNT 81 25 3 1 5
PNT 85 25 1 1 5
PNT 93 25 1 1 2
PNT 94 25 1 1 7
PNT 95 25 2 1 6
PNT 97 25 1 1 2
PNT 99 25 1 1 6
PNT 100 25 1 1 5
PNT 101 25 1 1 6
PNT 102 25 3 1 4
PNT 105 25 1 1 3
PNT 106 25 1 1 2
PNT 109 25 1 1 2
PNT 112 25 1 1 2
PNT 113 25 2 1 3
PNT 116 25 1 1 2
PNT 117 25 1 1 4
PNT 118 25 1 1 7
PNT 119 25 1 1 4
PNT 120 25 1 1 7
PNT 0 26 80 1 0
PNT 80 26 2 1 5
PNT 82 26 1 1 0
PNT 83 26 2 1 5
PNT 85 26 5 1 0
PNT 91 26 1 1 0
PNT 92 26 1 1 3
PNT 93 26 1 1 2
PNT 94 26 1 1 6
PNT 96 26 1 1 3
PNT 97 26 5 1 6
PNT 102 26 2 1 7
PNT 104 26 1 1 3
PNT 105 26 1 1 4
PNT 109 26 3 1 6
PNT 112 26 1 1 5
PNT 113 26 1 1 2
PNT 118 26 2 1 4
PNT 120 26 1 1 3
PNT 121 26 7 1 0
PNT 0 27 80 1 0
PNT 80 27 1 1 5
PNT 81 27 1 1 0
PNT 82 27 4 1 5
PNT 86 27 4 1 0
PNT 90 27 1 1 2
PNT 91 27 1 1 7
PNT 93 27 2 1 6
PNT 95 27 1 1 2
PNT 97 27 1 1 5
PNT 98 27 2 1 6
PNT 101 27 2 1 6
PNT 103 27 2 1 4
PNT 105 27 1 1 7
PNT 106 27 2 1 5
PNT 108 27 1 1 3
PNT 112 27 1 1 3
PNT 113 27 3 1 5
PNT 116 27 1 1 4
PNT 117 27 1 1 5
PNT 118 27 1 1 4
PNT 119 27 1 1 7
PNT 120 27 8 1 0
PNT 80 28 1 1 6
PNT 81 28 1 1 0
PNT 82 28 1 1 7
PNT 83 28 1 1 6
PNT 84 28 2 1 5
PNT 90 28 1 1 6
PNT 91 28 1 1 2
PNT 92 28 1 1 6
PNT 94 28 1 1 3
PNT 95 28 1 1 6
PNT 96 28 1 1 5
PNT 97 28 5 1 6
PNT 104 28 1 1 4
PNT 105 28 1 1 5
PNT 106 28 2 1 7
PNT 108 28 1 1 5
PNT 109 28 1 1 2
PNT 110 28 1 1 3
PNT 111 28 1 1 2
PNT 112 28 2 1 5
PNT 114 28 1 1 4
PNT 116 28 1 1 4
PNT 117 28 2 1 7
PNT 78 29 1 1 6
PNT 79 29 1 1 0
PNT 80 29 1 1 7
PNT 81 29 1 1 6
PNT 82 29 1 1 7
PNT 83 29 1 1 6
PNT 84 29 1 1 0
PNT 86 29 1 1 5
PNT 89 29 1 1 6
PNT 90 29 1 1 7
PNT 91 29 2 1 6
PNT 93 29 1 1 2
PNT 95 29 1 1 5
PNT 96 29 2 1 6
PNT 99 29 3 1 6
PNT 103 29 1 1 4
PNT 106 29 1 1 4
PNT 107 29 1 1 5
PNT 108 29 3 1 7
PNT 114 29 1 1 4
PNT 115 29 2 1 7
PNT 117 29 1 1 4
PNT 0 30 10 1 0
PNT 12 30 54 1 0
PNT 68 30 8 1 0
PNT 76 30 1 1 6
PNT 77 30 1 1 0
PNT 78 30 1 1 7
PNT 79 30 1 1 6
PNT 80 30 1 1 7
PNT 81 30 1 1 5
PNT 82 30 1 1 0
PNT 83 30 1 1 2
PNT 84 30 1 1 6
PNT 85 30 1 1 0
PNT 87 30 2 1 6
PNT 89 30 1 1 7
PNT 90 30 1 1 3
PNT 92 30 1 1 3
PNT 93 30 2 1 5
PNT 95 30 3 1 6
PNT 100 30 2 1 0
PNT 102 30 1 1 4
PNT 103 30 2 1 0
PNT 105 30 1 1 4
PNT 106 30 4 1 0
PNT 110 30 1 1 5
PNT 111 30 4 1 7
PNT 115 30 1 1 4
PNT 116 30 2 1 0
PNT 118 30 1 1 4
PNT 119 30 9 1 0
PNT 0 31 14 1 0
PNT 16 31 18 1 0
PNT 36 31 38 1 0
PNT 74 31 1 1 6
PNT 75 31 1 1 0
PNT 76 31 1 1 7
PNT 77 31 1 1 6
PNT 78 31 1 1 7
PNT 79 31 1 1 5
PNT 80 31 1 1 0
PNT 81 31 1 1 2
PNT 83 31 2 1 5
PNT 85 31 1 1 4
PNT 86 31 1 1 2
PNT 87 31 1 1 6
PNT 89 31 2 1 7
PNT 91 31 1 1 2
PNT 93 31 3 1 6
PNT 97 31 3 1 6
PNT 100 31 4 1 0
PNT 104 31 1 1 4
PNT 105 31 11 1 0
PNT 116 31 1 1 4
PNT 117 31 11 1 0
PNT 72 32 1 1 6
PNT 73 32 1 1 0
PNT 74 32 1 1 7
PNT 75 32 1 1 6
PNT 76 32 1 1 7
PNT 77 32 1 1 5
PNT 78 32 1 1 0
PNT 79 32 1 1 2
PNT 81 32 2 1 5
PNT 83 32 1 1 4
PNT 85 32 2 1 6
PNT 87 32 1 1 2
PNT 88 32 1 1 7
PNT 89 32 1 1 2
PNT 92 32 2 1 6
PNT 96 32 2 1 6
PNT 70 33 1 1 5
PNT 71 33 1 1 0
PNT 72 33 2 1 6
PNT 76 33 1 1 0
PNT 77 33 1 1 2
PNT 80 33 1 1 5
PNT 81 33 2 1 4
PNT 83 33 1 1 7
PNT 85 33 1 1 6
PNT 87 33 1 1 7
PNT 88 33 1 1 5
PNT 89 33 1 1 2
PNT 91 33 3 1 6
PNT 95 33 1 1 6
PNT 0 34 26 1 0
PNT 28 34 2 1 0
PNT 32 34 16 1 0
PNT 51 34 17 1 0
PNT 68 34 1 1 5
PNT 69 34 1 1 0
PNT 70 34 1 1 6
PNT 71 34 1 1 5
PNT 72 34 1 1 6
PNT 73 34 1 1 5
PNT 74 34 1 1 0
PNT 75 34 1 1 2
PNT 77 34 2 1 5
PNT 79 34 1 1 4
PNT 83 34 1 1 4
PNT 84 34 1 1 6
PNT 85 34 1 1 2
PNT 86 34 1 1 6
PNT 87 34 1 1 7
PNT 88 34 1 1 3
PNT 89 34 1 1 5
PNT 90 34 6 1 6
PNT 96 34 16 1 0
PNT 115 34 13 1 0
PNT 0 35 32 1 0
PNT 35 35 9 1 0
PNT 44 35 6 1 7
PNT 52 35 8 1 7
PNT 60 35 1 1 6
PNT 61 35 5 1 0
PNT 66 35 1 1 5
PNT 67 35 1 1 0
PNT 68 35 1 1 6
PNT 69 35 1 1 5
PNT 70 35 1 1 6
PNT 71 35 1 1 4
PNT 72 35 1 1 0
PNT 73 35 1 1 2
PNT 75 35 2 1 5
PNT 77 35 2 1 4
PNT 79 35 1 1 6
PNT 80 35 2 1 4
PNT 85 35 1 1 6
PNT 86 35 1 1 7
PNT 87 35 1 1 2
PNT 89 35 3 1 6
PNT 93 35 3 1 6
PNT 96 35 18 1 0
PNT 116 35 12 1 0
PNT 38 36 1 1 2
PNT 40 36 4 1 7
PNT 44 36 14 1 6
PNT 58 36 1 1 2
PNT 59 36 1 1 6
PNT 60 36 4 1 7
PNT 64 36 1 1 4
PNT 65 36 1 1 0
PNT 66 36 1 1 6
PNT 67 36 1 1 5
PNT 68 36 1 1 6
PNT 69 36 1 1 4
PNT 70 36 1 1 0
PNT 71 36 1 1 2
PNT 73 36 4 1 4
PNT 77 36 1 1 6
PNT 78 36 2 1 4
PNT 80 36 1 1 6
PNT 81 36 1 1 5
PNT 82 36 3 1 6
PNT 86 36 1 1 7
PNT 87 36 1 1 2
PNT 88 36 6 1 6
PNT 34 37 1 1 2
PNT 36 37 4 1 7
PNT 40 37 2 1 6
PNT 42 37 1 1 2
PNT 43 37 1 1 6
PNT 44 37 1 1 2
PNT 45 37 1 1 6
PNT 46 37 1 1 2
PNT 47 37 15 1 6
PNT 62 37 1 1 2
PNT 63 37 1 1 0
PNT 64 37 4 1 7
PNT 68 37 1 1 0
PNT 69 37 1 1 2
PNT 71 37 2 1 4
PNT 73 37 1 1 3
PNT 74 37 1 1 4
PNT 75 37 1 1 6
PNT 76 37 2 1 4
PNT 78 37 4 1 5
PNT 83 37 1 1 6
PNT 85 37 2 1 7
PNT 87 37 2 1 6
PNT 89 37 1 1 5
PNT 91 37 3 1 6
PNT 0 38 10 1 0
PNT 10 38 1 1 2
PNT 11 38 19 1 0
PNT 30 38 1 1 2
PNT 31 38 1 1 0
PNT 32 38 4 1 7
PNT 36 38 2 1 6
PNT 38 38 1 1 2
PNT 39 38 1 1 6
PNT 40 38 1 1 2
PNT 41 38 1 1 6
PNT 42 38 1 1 7
PNT 43 38 1 1 0
PNT 44 38 3 1 7
PNT 47 38 1 1 0
PNT 48 38 3 1 7
PNT 51 38 1 1 0
PNT 52 38 1 1 7
PNT 54 38 1 1 7
PNT 55 38 1 1 0
PNT 56 38 1 1 6
PNT 58 38 1 1 6
PNT 60 38 1 1 6
PNT 61 38 1 1 0
PNT 62 38 1 1 5
PNT 64 38 1 1 5
PNT 65 38 1 1 4
PNT 66 38 1 1 0
PNT 67 38 1 1 2
PNT 69 38 3 1 7
PNT 72 38 1 1 3
PNT 73 38 1 1 6
PNT 74 38 2 1 4
PNT 76 38 2 1 0
PNT 78 38 1 1 6
PNT 79 38 3 1 5
PNT 84 38 1 1 3
PNT 85 38 1 1 7
PNT 86 38 1 1 3
PNT 87 38 1 1 6
PNT 88 38 4 1 5
PNT 92 38 36 1 0
PNT 0 39 9 1 0
PNT 9 39 1 1 3
PNT 10 39 18 1 0
PNT 29 39 3 1 7
PNT 32 39 2 1 4
PNT 34 39 1 1 2
PNT 35 39 1 1 6
PNT 36 39 1 1 2
PNT 37 39 1 1 6
PNT 38 39 1 1 7
PNT 39 39 1 1 0
PNT 40 39 5 1 7
PNT 45 39 1 1 0
PNT 46 39 2 1 7
PNT 48 39 1 1 0
PNT 49 39 2 1 7
PNT 51 39 1 1 0
PNT 52 39 2 1 7
PNT 54 39 1 1 0
PNT 55 39 4 1 7
PNT 59 39 1 1 0
PNT 60 39 2 1 6
PNT 62 39 1 1 5
PNT 63 39 2 1 3
PNT 65 39 1 1 2
PNT 67 39 2 1 4
PNT 69 39 1 1 3
PNT 70 39 1 1 2
PNT 71 39 1 1 5
PNT 72 39 4 1 7
PNT 76 39 2 1 0
PNT 78 39 2 1 5
PNT 81 39 2 1 5
PNT 83 39 1 1 2
PNT 84 39 1 1 7
PNT 85 39 1 1 5
PNT 86 39 1 1 6
PNT 87 39 1 1 5
PNT 89 39 3 1 5
PNT 92 39 36 1 0
PNT 6 40 1 1 4
PNT 8 40 1 1 3
PNT 11 40 1 1 6
PNT 25 40 2 1 6
PNT 27 40 2 1 7
PNT 29 40 3 1 4
PNT 32 40 1 1 2
PNT 33 40 1 1 6
PNT 34 40 1 1 7
PNT 35 40 1 1 0
PNT 36 40 3 1 7
PNT 39 40 1 1 0
PNT 40 40 1 1 7
PNT 42 40 1 1 7
PNT 43 40 1 1 6
PNT 44 40 1 1 2
PNT 45 40 1 1 5
PNT 46 40 1 1 7
PNT 48 40 2 1 5
PNT 50 40 1 1 7
PNT 51 40 2 1 5
PNT 54 40 1 1 7
PNT 55 40 1 1 5
PNT 56 40 1 1 7
PNT 57 40 1 1 0
PNT 58 40 2 1 7
PNT 60 40 1 1 4
PNT 61 40 1 1 5
PNT 62 40 1 1 7
PNT 63 40 1 1 2
PNT 65 40 2 1 3
PNT 67 40 2 1 6
PNT 70 40 1 1 6
PNT 73 40 2 1 5
PNT 75 40 1 1 6
PNT 76 40 3 1 7
PNT 79 40 3 1 5
PNT 82 40 1 1 2
PNT 83 40 1 1 7
PNT 84 40 1 1 5
PNT 85 40 1 1 2
PNT 86 40 2 1 5
PNT 89 40 1 1 5
PNT 5 41 1 1 4
PNT 7 41 1 1 4
PNT 9 41 1 1 6
PNT 12 41 1 1 6
PNT 23 41 2 1 6
PNT 25 41 2 1 7
PNT 27 41 1 1 4
PNT 28 41 1 1 2
PNT 29 41 1 1 6
PNT 30 41 1 1 2
PNT 31 41 1 1 0
PNT 32 41 4 1 7
PNT 36 41 1 1 0
PNT 37 41 2 1 7
PNT 39 41 2 1 6
PNT 41 41 4 1 5
PNT 45 41 1 1 2
PNT 46 41 1 1 5
PNT 47 41 1 1 2
PNT 48 41 1 1 5
PNT 49 41 1 1 2
PNT 50 41 1 1 5
PNT 51 41 1 1 2
PNT 52 41 1 1 5
PNT 53 41 1 1 2
PNT 54 41 1 1 5
PNT 55 41 2 1 2
PNT 57 41 1 1 5
PNT 58 41 1 1 7
PNT 59 41 1 1 5
PNT 60 41 1 1 3
PNT 61 41 1 1 5
PNT 63 41 1 1 0
PNT 64 41 2 1 7
PNT 66 41 1 1 6
PNT 67 41 1 1 0
PNT 68 41 1 1 3
PNT 69 41 4 1 6
PNT 74 41 1 1 2
PNT 75 41 1 1 6
PNT 77 41 2 1 5
PNT 79 41 2 1 7
PNT 81 41 1 1 5
PNT 82 41 2 1 7
PNT 84 41 1 1 6
PNT 85 41 1 1 5
PNT 87 41 2 1 5
PNT 89 41 1 1 2
PNT 0 42 4 1 0
PNT 4 42 1 1 5
PNT 5 42 1 1 0
PNT 6 42 4 1 4
PNT 10 42 1 1 6
PNT 11 42 1 1 0
PNT 12 42 1 1 6
PNT 13 42 8 1 0
PNT 21 42 1 1 7
PNT 22 42 1 1 6
PNT 23 42 2 1 7
PNT 25 42 1 1 5
PNT 26 42 1 1 2
PNT 27 42 1 1 0
PNT 28 42 1 1 6
PNT 29 42 1 1 7
PNT 30 42 2 1 6
PNT 32 42 1 1 7
PNT 33 42 1 1 0
PNT 34 42 1 1 7
PNT 36 42 1 1 6
PNT 37 42 3 1 5
PNT 40 42 1 1 0
PNT 42 42 1 1 5
PNT 43 42 1 1 0
PNT 44 42 1 1 5
PNT 46 42 1 1 0
PNT 47 42 2 1 5
PNT 49 42 1 1 0
PNT 50 42 2 1 5
PNT 52 42 2 1 0
PNT 54 42 1 1 5
PNT 55 42 1 1 0
PNT 56 42 1 1 5
PNT 57 42 1 1 2
PNT 58 42 1 1 0
PNT 59 42 1 1 2
PNT 60 42 1 1 5
PNT 61 42 1 1 2
PNT 62 42 1 1 7
PNT 63 42 1 1 5
PNT 64 42 1 1 7
PNT 65 42 1 1 2
PNT 66 42 1 1 0
PNT 67 42 1 1 7
PNT 68 42 1 1 6
PNT 69 42 1 1 2
PNT 70 42 1 1 6
PNT 71 42 1 1 0
PNT 72 42 2 1 6
PNT 77 42 4 1 5
PNT 81 42 1 1 7
PNT 82 42 2 1 6
PNT 84 42 1 1 3
PNT 85 42 1 1 5
PNT 86 42 1 1 2
PNT 88 42 1 1 2
PNT 89 42 39 1 0
PNT 0 43 3 1 0
PNT 3 43 4 1 5
PNT 7 43 2 1 4
PNT 9 43 1 1 0
PNT 10 43 2 1 4
PNT 12 43 1 1 0
PNT 13 43 1 1 6
PNT 14 43 1 1 0
PNT 15 43 1 1 7
PNT 16 43 3 1 6
PNT 19 43 2 1 7
PNT 21 43 1 1 2
PNT 22 43 1 1 7
PNT 23 43 1 1 5
PNT 24 43 1 1 2
PNT 25 43 1 1 5
PNT 26 43 1 1 6
PNT 27 43 1 1 7
PNT 28 43 2 1 6
PNT 30 43 1 1 7
PNT 31 43 1 1 6
PNT 32 43 1 1 2
PNT 33 43 2 1 6
PNT 35 43 2 1 5
PNT 37 43 1 1 0
PNT 38 43 2 1 5
PNT 40 43 1 1 3
PNT 41 43 1 1 5
PNT 43 43 1 1 5
PNT 44 43 1 1 3
PNT 45 43 1 1 6
PNT 47 43 1 1 5
PNT 48 43 1 1 3
PNT 49 43 1 1 6
PNT 51 43 1 1 5
PNT 52 43 1 1 3
PNT 53 43 1 1 6
PNT 55 43 1 1 5
PNT 56 43 1 1 3
PNT 58 43 2 1 5
PNT 60 43 3 1 2
PNT 63 43 1 1 5
PNT 64 43 1 1 2
PNT 65 43 1 1 5
PNT 66 43 1 1 7
PNT 67 43 3 1 4
PNT 70 43 1 1 3
PNT 71 43 1 1 6
PNT 73 43 2 1 6
PNT 75 43 1 1 0
PNT 76 43 1 1 6
PNT 78 43 1 1 2
PNT 79 43 1 1 6
PNT 81 43 2 1 6
PNT 83 43 1 1 2
PNT 84 43 1 1 5
PNT 85 43 1 1 2
PNT 86 43 1 1 5
PNT 87 43 1 1 2
PNT 88 43 2 1 4
PNT 90 43 38 1 0
PNT 2 44 1 1 5
PNT 3 44 3 1 4
PNT 6 44 1 1 5
PNT 7 44 1 1 0
PNT 8 44 5 1 4
PNT 13 44 1 1 7
PNT 14 44 1 1 2
PNT 15 44 4 1 6
PNT 19 44 1 1 2
PNT 20 44 1 1 7
PNT 21 44 1 1 3
PNT 22 44 2 1 5
PNT 24 44 1 1 6
PNT 25 44 2 1 7
PNT 27 44 1 1 6
PNT 29 44 1 1 2
PNT 30 44 2 1 5
PNT 32 44 1 1 6
PNT 34 44 1 1 0
PNT 35 44 1 1 5
PNT 36 44 1 1 3
PNT 37 44 1 1 5
PNT 39 44 1 1 5
PNT 40 44 1 1 6
PNT 41 44 1 1 2
PNT 42 44 1 1 5
PNT 44 44 1 1 3
PNT 45 44 1 1 6
PNT 46 44 1 1 5
PNT 48 44 2 1 6
PNT 52 44 1 1 6
PNT 53 44 1 1 2
PNT 54 44 1 1 5
PNT 57 44 1 1 6
PNT 59 44 1 1 2
PNT 60 44 1 1 3
PNT 62 44 1 1 0
PNT 63 44 1 1 2
PNT 64 44 1 1 3
PNT 65 44 1 1 4
PNT 66 44 2 1 2
PNT 68 44 1 1 7
PNT 69 44 1 1 2
PNT 70 44 1 1 7
PNT 71 44 1 1 2
PNT 72 44 1 1 4
PNT 73 44 5 1 6
PNT 78 44 1 1 7
PNT 80 44 1 1 2
PNT 81 44 1 1 6
PNT 82 44 1 1 3
PNT 83 44 1 1 5
PNT 84 44 1 1 2
PNT 85 44 1 1 4
PNT 86 44 1 1 2
PNT 87 44 1 1 3
PNT 88 44 2 1 4
PNT 91 44 2 1 5
PNT 2 45 2 1 4
PNT 4 45 1 1 5
PNT 5 45 1 1 0
PNT 6 45 2 1 4
PNT 8 45 2 1 5
PNT 10 45 1 1 4
PNT 11 45 1 1 7
PNT 12 45 1 1 2
PNT 14 45 3 1 6
PNT 17 45 1 1 2
PNT 18 45 1 1 3
PNT 19 45 1 1 7
PNT 20 45 2 1 5
PNT 22 45 1 1 2
PNT 23 45 1 1 7
PNT 24 45 2 1 6
PNT 27 45 1 1 7
PNT 28 45 3 1 5
PNT 32 45 1 1 3
PNT 33 45 1 1 2
PNT 35 45 1 1 2
PNT 36 45 2 1 6
PNT 38 45 1 1 2
PNT 40 45 2 1 6
PNT 42 45 2 1 5
PNT 45 45 1 1 2
PNT 46 45 2 1 5
PNT 49 45 3 1 5
PNT 53 45 3 1 5
PNT 57 45 1 1 5
PNT 58 45 1 1 2
PNT 60 45 2 1 6
PNT 62 45 1 1 4
PNT 63 45 1 1 2
PNT 64 45 6 1 6
PNT 70 45 1 1 2
PNT 71 45 1 1 7
PNT 72 45 1 1 3
PNT 73 45 1 1 6
PNT 74 45 1 1 7
PNT 75 45 1 1 6
PNT 77 45 1 1 2
PNT 78 45 1 1 0
PNT 79 45 1 1 2
PNT 80 45 1 1 6
PNT 81 45 1 1 2
PNT 82 45 1 1 5
PNT 83 45 1 1 2
PNT 84 45 1 1 3
PNT 85 45 1 1 2
PNT 86 45 2 1 4
PNT 88 45 1 1 2
PNT 89 45 2 1 5
PNT 0 46 1 1 0
PNT 1 46 1 1 5
PNT 2 46 1 1 6
PNT 3 46 1 1 0
PNT 4 46 2 1 4
PNT 6 46 2 1 5
PNT 8 46 1 1 4
PNT 9 46 1 1 7
PNT 10 46 1 1 2
PNT 12 46 1 1 7
PNT 13 46 1 1 6
PNT 14 46 1 1 4
PNT 15 46 1 1 6
PNT 16 46 1 1 3
PNT 17 46 1 1 6
PNT 18 46 1 1 7
PNT 19 46 1 1 5
PNT 20 46 1 1 6
PNT 21 46 1 1 7
PNT 22 46 1 1 6
PNT 23 46 1 1 3
PNT 25 46 1 1 7
PNT 26 46 3 1 5
PNT 30 46 2 1 5
PNT 32 46 1 1 2
PNT 33 46 1 1 6
PNT 34 46 1 1 5
PNT 36 46 1 1 6
PNT 37 46 1 1 2
PNT 38 46 2 1 5
PNT 41 46 1 1 5
PNT 43 46 2 1 5
PNT 46 46 1 1 3
PNT 47 46 2 1 5
PNT 51 46 2 1 5
PNT 55 46 2 1 5
PNT 59 46 1 1 5
PNT 61 46 1 1 4
PNT 62 46 1 1 3
PNT 63 46 2 1 6
PNT 65 46 1 1 7
PNT 66 46 1 1 6
PNT 67 46 1 1 7
PNT 68 46 5 1 6
PNT 73 46 1 1 2
PNT 75 46 2 1 4
PNT 77 46 1 1 6
PNT 78 46 1 1 2
PNT 79 46 1 1 6
PNT 80 46 2 1 3
PNT 82 46 1 1 2
PNT 83 46 1 1 5
PNT 84 46 1 1 3
PNT 85 46 1 1 2
PNT 86 46 2 1 4
PNT 88 46 1 1 5
PNT 89 46 1 1 4
PNT 90 46 1 1 0
PNT 91 46 2 1 4
PNT 93 46 35 1 0
PNT 0 47 2 1 0
PNT 2 47 2 1 4
PNT 4 47 2 1 5
PNT 6 47 1 1 4
PNT 7 47 1 1 6
PNT 8 47 1 1 2
PNT 10 47 1 1 7
PNT 11 47 1 1 6
PNT 12 47 2 1 4
PNT 14 47 1 1 6
PNT 15 47 1 1 2
PNT 16 47 1 1 6
PNT 17 47 1 1 5
PNT 18 47 1 1 4
PNT 19 47 1 1 7
PNT 20 47 2 1 6
PNT 24 47 1 1 2
PNT 25 47 2 1 5
PNT 28 47 4 1 5
PNT 32 47 1 1 2
PNT 33 47 1 1 6
PNT 34 47 2 1 5
PNT 37 47 1 1 5
PNT 39 47 2 1 5
PNT 42 47 2 1 5
PNT 44 47 1 1 6
PNT 45 47 1 1 2
PNT 46 47 1 1 6
PNT 47 47 1 1 2
PNT 48 47 1 1 6
PNT 49 47 1 1 2
PNT 50 47 3 1 6
PNT 53 47 1 1 2
PNT 54 47 3 1 6
PNT 57 47 1 1 2
PNT 58 47 2 1 6
PNT 60 47 1 1 4
PNT 61 47 1 1 2
PNT 62 47 1 1 6
PNT 63 47 1 1 7
PNT 64 47 3 1 2
PNT 67 47 5 1 6
PNT 73 47 1 1 6
PNT 74 47 1 1 3
PNT 75 47 1 1 2
PNT 76 47 1 1 6
PNT 77 47 1 1 4
PNT 78 47 1 1 0
PNT 79 47 1 1 2
PNT 80 47 2 1 6
PNT 82 47 1 1 2
PNT 83 47 1 1 5
PNT 84 47 1 1 2
PNT 86 47 5 1 4
PNT 91 47 37 1 0
PNT 0 48 1 1 7
PNT 1 48 1 1 5
PNT 2 48 1 1 4
PNT 3 48 3 1 5
PNT 8 48 1 1 7
PNT 9 48 1 1 5
PNT 10 48 2 1 4
PNT 12 48 1 1 6
PNT 13 48 1 1 4
PNT 14 48 1 1 3
PNT 15 48 2 1 5
PNT 17 48 1 1 2
PNT 18 48 1 1 7
PNT 19 48 1 1 4
PNT 23 48 2 1 5
PNT 25 48 1 1 3
PNT 26 48 4 1 5
PNT 30 48 2 1 2
PNT 33 48 1 1 5
PNT 35 48 2 1 2
PNT 38 48 2 1 5
PNT 40 48 1 1 2
PNT 41 48 3 1 6
PNT 44 48 1 1 2
PNT 45 48 3 1 6
PNT 48 48 1 1 3
PNT 49 48 3 1 6
PNT 52 48 1 1 2
PNT 53 48 3 1 6
PNT 56 48 1 1 2
PNT 57 48 2 1 6
PNT 59 48 1 1 2
PNT 60 48 1 1 3
PNT 61 48 1 1 7
PNT 62 48 2 1 2
PNT 64 48 3 1 6
PNT 67 48 3 1 5
PNT 71 48 1 1 2
PNT 72 48 3 1 6
PNT 75 48 2 1 2
PNT 78 48 1 1 3
PNT 79 48 1 1 4
PNT 80 48 1 1 3
PNT 81 48 1 1 6
PNT 84 48 2 1 5
PNT 87 48 3 1 4
PNT 0 49 3 1 4
PNT 3 49 2 1 5
PNT 5 49 1 1 6
PNT 6 49 1 1 2
PNT 7 49 1 1 5
PNT 8 49 2 1 4
PNT 10 49 1 1 5
PNT 11 49 1 1 4
PNT 12 49 2 1 3
PNT 14 49 1 1 6
PNT 15 49 2 1 2
PNT 17 49 1 1 5
PNT 18 49 1 1 7
PNT 20 49 1 1 7
PNT 21 49 2 1 5
PNT 25 49 1 1 5
PNT 26 49 1 1 2
PNT 27 49 3 1 5
PNT 30 49 1 1 2
PNT 31 49 2 1 5
PNT 34 49 2 1 2
PNT 36 49 2 1 6
PNT 38 49 1 1 5
PNT 39 49 2 1 2
PNT 41 49 1 1 6
PNT 42 49 1 1 5
PNT 43 49 2 1 2
PNT 45 49 1 1 6
PNT 46 49 1 1 5
PNT 47 49 3 1 2
PNT 50 49 1 1 5
PNT 51 49 2 1 2
PNT 53 49 1 1 6
PNT 54 49 1 1 5
PNT 55 49 2 1 2
PNT 57 49 1 1 6
PNT 59 49 1 1 2
PNT 60 49 1 1 6
PNT 61 49 1 1 2
PNT 62 49 2 1 6
PNT 64 49 4 1 5
PNT 69 49 3 1 5
PNT 73 49 1 1 2
PNT 74 49 2 1 6
PNT 76 49 1 1 3
PNT 77 49 1 1 2
PNT 78 49 2 1 5
PNT 82 49 1 1 5
PNT 83 49 2 1 7
PNT 85 49 1 1 5
PNT 86 49 1 1 4
PNT 88 49 2 1 4
PNT 0 50 1 1 4
PNT 1 50 4 1 5
PNT 6 50 2 1 4
PNT 8 50 1 1 5
PNT 9 50 1 1 4
PNT 10 50 3 1 3
PNT 13 50 2 1 2
PNT 16 50 1 1 0
PNT 18 50 1 1 3
PNT 19 50 2 1 7
PNT 21 50 1 1 4
PNT 22 50 1 1 7
PNT 23 50 3 1 5
PNT 27 50 1 1 3
PNT 28 50 1 1 5
PNT 29 50 2 1 2
PNT 31 50 3 1 4
PNT 34 50 1 1 2
PNT 35 50 1 1 5
PNT 36 50 2 1 4
PNT 38 50 2 1 2
PNT 40 50 2 1 0
PNT 42 50 2 1 2
PNT 44 50 2 1 0
PNT 46 50 2 1 2
PNT 48 50 2 1 0
PNT 50 50 1 1 3
PNT 51 50 1 1 2
PNT 52 50 2 1 0
PNT 54 50 2 1 2
PNT 56 50 2 1 0
PNT 58 50 1 1 3
PNT 60 50 1 1 0
PNT 62 50 1 1 3
PNT 63 50 1 1 5
PNT 65 50 1 1 4
PNT 68 50 2 1 4
PNT 70 50 5 1 5
PNT 75 50 1 1 4
PNT 77 50 3 1 5
PNT 80 50 3 1 7
PNT 83 50 1 1 5
PNT 85 50 1 1 5
PNT 86 50 2 1 0
PNT 89 50 39 1 0
PNT 0 51 1 1 4
PNT 1 51 3 1 5
PNT 4 51 1 1 2
PNT 5 51 1 1 4
PNT 6 51 1 1 5
PNT 7 51 1 1 4
PNT 8 51 3 1 3
PNT 11 51 1 1 2
PNT 12 51 1 1 3
PNT 13 51 1 1 4
PNT 14 51 1 1 0
PNT 16 51 2 1 5
PNT 18 51 1 1 6
PNT 20 51 1 1 5
PNT 21 51 2 1 7
PNT 23 51 1 1 5
PNT 24 51 1 1 7
PNT 25 51 3 1 5
PNT 29 51 1 1 5
PNT 30 51 1 1 2
PNT 32 51 1 1 4
PNT 33 51 2 1 2
PNT 35 51 3 1 4
PNT 38 51 1 1 2
PNT 39 51 3 1 4
PNT 42 51 1 1 2
PNT 43 51 3 1 4
PNT 46 51 1 1 2
PNT 47 51 3 1 4
PNT 50 51 2 1 2
PNT 52 51 2 1 4
PNT 54 51 1 1 2
PNT 55 51 2 1 4
PNT 57 51 1 1 2
PNT 58 51 2 1 4
PNT 61 51 1 1 4
PNT 63 51 1 1 3
PNT 65 51 2 1 4
PNT 67 51 1 1 2
PNT 70 51 1 1 2
PNT 71 51 1 1 4
PNT 73 51 2 1 4
PNT 75 51 1 1 5
PNT 76 51 1 1 7
PNT 77 51 1 1 5
PNT 78 51 3 1 7
PNT 81 51 1 1 3
PNT 82 51 1 1 4
PNT 83 51 2 1 0
PNT 86 51 3 1 0
PNT 90 51 38 1 0
PNT 0 52 2 1 5
PNT 2 52 1 1 3
PNT 4 52 2 1 4
PNT 6 52 3 1 3
PNT 9 52 1 1 5
PNT 10 52 2 1 3
PNT 12 52 1 1 0
PNT 14 52 1 1 4
PNT 15 52 1 1 5
PNT 16 52 1 1 6
PNT 18 52 2 1 5
PNT 20 52 2 1 3
PNT 22 52 1 1 5
PNT 23 52 2 1 7
PNT 25 52 4 1 5
PNT 29 52 1 1 3
PNT 31 52 1 1 4
PNT 32 52 1 1 2
PNT 34 52 1 1 5
PNT 36 52 3 1 2
PNT 39 52 2 1 4
PNT 41 52 2 1 2
PNT 43 52 2 1 4
PNT 45 52 2 1 2
PNT 47 52 2 1 4
PNT 49 52 2 1 2
PNT 51 52 1 1 4
PNT 52 52 1 1 3
PNT 53 52 1 1 2
PNT 54 52 2 1 4
PNT 56 52 1 1 3
PNT 58 52 2 1 4
PNT 60 52 1 1 2
PNT 64 52 2 1 3
PNT 66 52 1 1 5
PNT 67 52 5 1 4
PNT 72 52 1 1 7
PNT 74 52 4 1 7
PNT 78 52 1 1 6
PNT 79 52 1 1 3
PNT 80 52 2 1 5
PNT 1 53 1 1 3
PNT 2 53 1 1 2
PNT 3 53 1 1 4
PNT 4 53 3 1 3
PNT 7 53 1 1 4
PNT 8 53 2 1 3
PNT 10 53 1 1 0
PNT 11 53 1 1 3
PNT 13 53 1 1 4
PNT 14 53 1 1 5
PNT 15 53 1 1 4
PNT 16 53 2 1 6
PNT 18 53 2 1 5
PNT 22 53 2 1 3
PNT 24 53 1 1 6
PNT 25 53 2 1 7
PNT 27 53 1 1 5
PNT 28 53 1 1 7
PNT 29 53 1 1 5
PNT 30 53 1 1 2
PNT 31 53 1 1 5
PNT 33 53 2 1 3
PNT 35 53 1 1 5
PNT 36 53 1 1 2
PNT 37 53 2 1 5
PNT 40 53 1 1 2
PNT 41 53 1 1 4
PNT 42 53 1 1 2
PNT 44 53 1 1 2
PNT 46 53 1 1 4
PNT 48 53 1 1 2
PNT 49 53 2 1 4
PNT 52 53 2 1 2
PNT 54 53 1 1 3
PNT 55 53 1 1 2
PNT 56 53 4 1 4
PNT 61 53 1 1 5
PNT 63 53 1 1 5
PNT 65 53 1 1 5
PNT 66 53 2 1 3
PNT 68 53 1 1 7
PNT 69 53 1 1 6
PNT 70 53 4 1 7
PNT 74 53 2 1 6
PNT 76 53 3 1 3
PNT 80 53 2 1 5
PNT 0 54 1 1 5
PNT 2 54 1 1 4
PNT 3 54 2 1 3
PNT 5 54 1 1 4
PNT 6 54 2 1 3
PNT 8 54 1 1 0
PNT 9 54 2 1 3
PNT 12 54 1 1 4
PNT 13 54 3 1 5
PNT 16 54 2 1 6
PNT 18 54 5 1 0
PNT 23 54 1 1 7
PNT 24 54 1 1 6
PNT 25 54 2 1 3
PNT 27 54 3 1 7
PNT 30 54 2 1 3
PNT 32 54 1 1 7
PNT 33 54 1 1 5
PNT 35 54 8 1 5
PNT 43 54 1 1 0
PNT 44 54 3 1 5
PNT 47 54 1 1 0
PNT 48 54 3 1 5
PNT 51 54 1 1 0
PNT 52 54 3 1 5
PNT 55 54 1 1 4
PNT 57 54 1 1 5
PNT 59 54 5 1 5
PNT 64 54 1 1 7
PNT 66 54 2 1 7
PNT 68 54 1 1 2
PNT 69 54 1 1 7
PNT 70 54 6 1 3
PNT 76 54 2 1 5
PNT 78 54 1 1 0
PNT 79 54 2 1 4
PNT 81 54 47 1 0
PNT 0 55 1 1 3
PNT 1 55 1 1 2
PNT 2 55 1 1 3
PNT 3 55 1 1 4
PNT 4 55 2 1 3
PNT 6 55 1 1 0
PNT 7 55 1 1 3
PNT 8 55 2 1 0
PNT 11 55 1 1 0
PNT 12 55 1 1 5
PNT 13 55 1 1 0
PNT 14 55 2 1 5
PNT 16 55 1 1 0
PNT 17 55 1 1 4
PNT 18 55 5 1 0
PNT 23 55 1 1 7
PNT 24 55 1 1 2
PNT 25 55 1 1 4
PNT 26 55 2 1 5
PNT 28 55 1 1 4
PNT 29 55 1 1 5
PNT 30 55 3 1 7
PNT 33 55 1 1 3
PNT 34 55 1 1 2
PNT 35 55 1 1 6
PNT 36 55 1 1 7
PNT 37 55 1 1 5
PNT 39 55 7 1 5
PNT 47 55 1 1 5
PNT 49 55 1 1 5
PNT 51 55 1 1 5
PNT 53 55 1 1 5
PNT 55 55 1 1 4
PNT 56 55 4 1 5
PNT 60 55 1 1 7
PNT 61 55 1 1 5
PNT 62 55 4 1 7
PNT 66 55 3 1 6
PNT 70 55 1 1 4
PNT 71 55 4 1 5
PNT 75 55 2 1 4
PNT 78 55 50 1 0
PNT 1 56 3 1 3
PNT 4 56 1 1 0
PNT 6 56 1 1 4
PNT 7 56 5 1 3
PNT 12 56 4 1 5
PNT 22 56 1 1 5
PNT 24 56 1 1 6
PNT 26 56 2 1 4
PNT 28 56 1 1 5
PNT 29 56 2 1 4
PNT 32 56 2 1 4
PNT 34 56 1 1 5
PNT 35 56 1 1 3
PNT 36 56 1 1 2
PNT 37 56 1 1 3
PNT 38 56 1 1 4
PNT 39 56 1 1 5
PNT 40 56 1 1 7
PNT 41 56 1 1 5
PNT 43 56 1 1 5
PNT 44 56 1 1 7
PNT 45 56 3 1 5
PNT 48 56 1 1 7
PNT 49 56 3 1 5
PNT 52 56 1 1 7
PNT 53 56 1 1 5
PNT 54 56 2 1 4
PNT 56 56 1 1 7
PNT 57 56 1 1 5
PNT 58 56 1 1 2
PNT 59 56 3 1 7
PNT 62 56 2 1 6
PNT 64 56 1 1 5
PNT 65 56 2 1 4
PNT 67 56 1 1 5
PNT 68 56 1 1 2
PNT 69 56 2 1 5
PNT 71 56 3 1 4
PNT 0 57 1 1 4
PNT 1 57 1 1 3
PNT 2 57 1 1 0
PNT 3 57 1 1 4
PNT 4 57 1 1 3
PNT 5 57 1 1 4
PNT 6 57 1 1 3
PNT 8 57 4 1 3
PNT 12 57 2 1 5
PNT 22 57 1 1 5
PNT 24 57 1 1 2
PNT 25 57 1 1 6
PNT 26 57 2 1 5
PNT 28 57 4 1 4
PNT 32 57 1 1 5
PNT 33 57 1 1 4
PNT 34 57 1 1 2
PNT 35 57 1 1 5
PNT 36 57 2 1 4
PNT 38 57 1 1 2
PNT 39 57 1 1 3
PNT 40 57 1 1 2
PNT 41 57 17 1 7
PNT 58 57 1 1 5
PNT 60 57 1 1 5
PNT 61 57 2 1 4
PNT 64 57 2 1 5
PNT 66 57 1 1 6
PNT 67 57 1 1 4
PNT 68 57 1 1 6
PNT 70 57 3 1 5
PNT 73 57 1 1 4
PNT 74 57 1 1 5
PNT 0 58 1 1 0
PNT 1 58 1 1 2
PNT 2 58 2 1 3
PNT 4 58 1 1 4
PNT 5 58 4 1 3
PNT 9 58 1 1 0
PNT 10 58 2 1 3
PNT 12 58 2 1 5
PNT 14 58 8 1 0
PNT 22 58 1 1 5
PNT 23 58 1 1 0
PNT 24 58 1 1 6
PNT 26 58 3 1 5
PNT 29 58 1 1 4
PNT 30 58 1 1 0
PNT 31 58 2 1 4
PNT 33 58 2 1 5
PNT 36 58 1 1 5
PNT 37 58 2 1 4
PNT 39 58 1 1 0
PNT 40 58 1 1 4
PNT 41 58 1 1 0
PNT 42 58 2 1 6
PNT 44 58 1 1 4
PNT 45 58 1 1 0
PNT 46 58 2 1 6
PNT 48 58 1 1 4
PNT 49 58 1 1 0
PNT 50 58 2 1 6
PNT 52 58 1 1 4
PNT 53 58 1 1 0
PNT 54 58 2 1 6
PNT 56 58 2 1 4
PNT 58 58 1 1 2
PNT 59 58 3 1 5
PNT 62 58 3 1 4
PNT 65 58 1 1 6
PNT 66 58 1 1 5
PNT 67 58 1 1 0
PNT 68 58 1 1 2
PNT 69 58 1 1 6
PNT 70 58 4 1 5
PNT 74 58 1 1 4
PNT 75 58 1 1 5
PNT 76 58 52 1 0
PNT 0 59 2 1 0
PNT 2 59 1 1 4
PNT 3 59 2 1 3
PNT 5 59 1 1 4
PNT 6 59 5 1 3
PNT 11 59 1 1 4
PNT 12 59 10 1 0
PNT 22 59 1 1 5
PNT 23 59 1 1 0
PNT 24 59 1 1 2
PNT 25 59 1 1 6
PNT 26 59 4 1 5
PNT 30 59 1 1 4
PNT 31 59 1 1 0
PNT 32 59 1 1 4
PNT 33 59 1 1 5
PNT 34 59 1 1 2
PNT 35 59 1 1 5
PNT 36 59 4 1 4
PNT 40 59 1 1 5
PNT 41 59 2 1 4
PNT 43 59 1 1 0
PNT 44 59 1 1 5
PNT 45 59 2 1 4
PNT 47 59 1 1 0
PNT 48 59 1 1 5
PNT 49 59 2 1 4
PNT 51 59 1 1 0
PNT 52 59 1 1 5
PNT 53 59 3 1 4
PNT 56 59 2 1 5
PNT 58 59 1 1 4
PNT 60 59 2 1 4
PNT 62 59 1 1 0
PNT 63 59 1 1 4
PNT 64 59 1 1 0
PNT 65 59 1 1 6
PNT 66 59 1 1 5
PNT 67 59 1 1 0
PNT 68 59 1 1 6
PNT 70 59 4 1 5
PNT 74 59 1 1 4
PNT 75 59 1 1 5
PNT 76 59 52 1 0
PNT 3 60 1 1 4
PNT 4 60 7 1 3
PNT 11 60 1 1 4
PNT 22 60 1 1 5
PNT 24 60 1 1 6
PNT 26 60 4 1 5
PNT 30 60 1 1 4
PNT 32 60 1 1 4
PNT 33 60 2 1 5
PNT 36 60 5 1 4
PNT 42 60 3 1 4
PNT 46 60 3 1 4
PNT 50 60 3 1 4
PNT 54 60 3 1 4
PNT 57 60 2 1 5
PNT 59 60 1 1 2
PNT 60 60 1 1 5
PNT 62 60 2 1 4
PNT 65 60 1 1 6
PNT 66 60 1 1 5
PNT 68 60 1 1 2
PNT 69 60 1 1 6
PNT 70 60 4 1 5
PNT 74 60 1 1 4
PNT 75 60 1 1 5
PNT 4 61 1 1 4
PNT 5 61 1 1 3
PNT 7 61 4 1 3
PNT 22 61 1 1 5
PNT 24 61 1 1 2
PNT 25 61 1 1 6
PNT 26 61 4 1 5
PNT 30 61 1 1 4
PNT 32 61 1 1 4
PNT 33 61 1 1 5
PNT 34 61 1 1 2
PNT 35 61 1 1 5
PNT 36 61 4 1 4
PNT 54 61 3 1 4
PNT 57 61 1 1 2
PNT 58 61 2 1 5
PNT 62 61 2 1 4
PNT 65 61 1 1 6
PNT 66 61 1 1 5
PNT 68 61 2 1 6
PNT 70 61 4 1 5
PNT 74 61 1 1 4
PNT 75 61 1 1 5
PNT 0 62 4 1 0
PNT 4 62 4 1 3
PNT 8 62 1 1 0
PNT 9 62 2 1 3
PNT 11 62 11 1 0
PNT 22 62 1 1 5
PNT 23 62 1 1 0
PNT 24 62 1 1 6
PNT 26 62 4 1 5
PNT 30 62 1 1 4
PNT 31 62 1 1 0
PNT 32 62 1 1 4
PNT 33 62 2 1 5
PNT 36 62 4 1 4
PNT 40 62 14 1 0
PNT 54 62 3 1 4
PNT 57 62 2 1 5
PNT 59 62 1 1 2
PNT 60 62 1 1 5
PNT 61 62 1 1 0
PNT 62 62 2 1 4
PNT 64 62 1 1 0
PNT 65 62 1 1 6
PNT 66 62 1 1 5
PNT 67 62 1 1 0
PNT 68 62 1 1 2
PNT 69 62 1 1 6
PNT 70 62 4 1 5
PNT 74 62 1 1 4
PNT 75 62 1 1 5
PNT 76 62 52 1 0
PNT 0 63 6 1 0
PNT 6 63 3 1 3
PNT 9 63 1 1 0
PNT 10 63 1 1 3
PNT 11 63 11 1 0
PNT 22 63 1 1 5
PNT 23 63 1 1 0
PNT 24 63 1 1 2
PNT 25 63 1 1 6
PNT 26 63 4 1 5
PNT 30 63 1 1 4
PNT 31 63 1 1 0
PNT 32 63 1 1 4
PNT 33 63 1 1 5
PNT 34 63 1 1 2
PNT 35 63 1 1 5
PNT 36 63 4 1 4
PNT 40 63 15 1 0
PNT 55 63 2 1 4
PNT 57 63 3 1 5
PNT 61 63 1 1 0
PNT 62 63 2 1 4
PNT 64 63 1 1 0
PNT 65 63 1 1 6
PNT 66 63 1 1 5
PNT 67 63 1 1 0
PNT 68 63 2 1 6
PNT 70 63 4 1 5
PNT 74 63 1 1 4
PNT 75 63 1 1 5
PNT 76 63 52 1 0
PNT 5 64 1 1 3
PNT 7 64 3 1 3
PNT 22 64 1 1 5
PNT 24 64 1 1 6
PNT 26 64 4 1 5
PNT 30 64 1 1 4
PNT 32 64 1 1 4
PNT 33 64 2 1 5
PNT 36 64 4 1 4
PNT 55 64 3 1 4
PNT 58 64 2 1 5
PNT 60 64 1 1 2
PNT 61 64 1 1 5
PNT 62 64 2 1 4
PNT 65 64 1 1 6
PNT 66 64 1 1 5
PNT 68 64 1 1 2
PNT 69 64 1 1 6
PNT 70 64 4 1 5
PNT 74 64 1 1 4
PNT 75 64 1 1 5
PNT 8 65 2 1 3
PNT 22 65 1 1 5
PNT 24 65 1 1 2
PNT 25 65 1 1 6
PNT 26 65 4 1 5
PNT 30 65 1 1 4
PNT 32 65 1 1 4
PNT 33 65 1 1 5
PNT 34 65 1 1 2
PNT 35 65 1 1 5
PNT 36 65 4 1 4
PNT 55 65 3 1 4
PNT 58 65 1 1 3
PNT 59 65 2 1 5
PNT 62 65 2 1 4
PNT 65 65 1 1 6
PNT 66 65 1 1 5
PNT 67 65 2 1 6
PNT 69 65 4 1 5
PNT 73 65 1 1 4
PNT 75 65 1 1 5
PNT 0 66 6 1 0
PNT 6 66 1 1 2
PNT 7 66 2 1 0
PNT 9 66 1 1 3
PNT 10 66 12 1 0
PNT 22 66 1 1 5
PNT 23 66 1 1 0
PNT 24 66 1 1 6
PNT 26 66 4 1 5
PNT 30 66 1 1 4
PNT 31 66 1 1 0
PNT 32 66 1 1 4
PNT 33 66 2 1 5
PNT 36 66 4 1 4
PNT 40 66 15 1 0
PNT 55 66 3 1 4
PNT 58 66 2 1 5
PNT 60 66 1 1 2
PNT 61 66 1 1 5
PNT 62 66 3 1 4
PNT 65 66 1 1 6
PNT 66 66 1 1 5
PNT 67 66 1 1 2
PNT 68 66 1 1 6
PNT 69 66 4 1 5
PNT 73 66 1 1 4
PNT 74 66 1 1 5
PNT 75 66 53 1 0
PNT 0 67 22 1 0
PNT 22 67 1 1 5
PNT 23 67 1 1 0
PNT 24 67 1 1 2
PNT 25 67 1 1 6
PNT 26 67 4 1 5
PNT 30 67 1 1 4
PNT 31 67 1 1 0
PNT 32 67 1 1 4
PNT 33 67 1 1 5
PNT 34 67 1 1 2
PNT 35 67 1 1 5
PNT 36 67 4 1 4
PNT 40 67 16 1 0
PNT 56 67 2 1 4
PNT 58 67 1 1 5
PNT 59 67 1 1 4
PNT 60 67 1 1 5
PNT 62 67 2 1 4
PNT 64 67 1 1 0
PNT 65 67 1 1 6
PNT 66 67 1 1 5
PNT 67 67 2 1 6
PNT 69 67 4 1 5
PNT 73 67 1 1 4
PNT 74 67 1 1 5
PNT 75 67 53 1 0
PNT 22 68 1 1 5
PNT 23 68 1 1 6
PNT 24 68 1 1 7
PNT 25 68 1 1 6
PNT 26 68 5 1 5
PNT 32 68 1 1 4
PNT 33 68 1 1 5
PNT 34 68 1 1 6
PNT 35 68 1 1 5
PNT 36 68 4 1 4
PNT 56 68 3 1 4
PNT 59 68 2 1 5
PNT 61 68 1 1 2
PNT 62 68 1 1 4
PNT 65 68 1 1 6
PNT 66 68 1 1 5
PNT 67 68 1 1 2
PNT 68 68 1 1 6
PNT 69 68 4 1 5
PNT 73 68 1 1 4
PNT 74 68 1 1 5
PNT 22 69 1 1 5
PNT 23 69 2 1 7
PNT 25 69 1 1 6
PNT 26 69 2 1 5
PNT 28 69 1 1 6
PNT 29 69 2 1 5
PNT 31 69 2 1 4
PNT 33 69 2 1 6
PNT 35 69 1 1 5
PNT 36 69 1 1 4
PNT 37 69 1 1 6
PNT 38 69 1 1 5
PNT 39 69 1 1 4
PNT 56 69 8 1 6
PNT 65 69 2 1 5
PNT 67 69 1 1 7
PNT 68 69 1 1 6
PNT 69 69 1 1 5
PNT 70 69 1 1 6
PNT 71 69 1 1 5
PNT 72 69 1 1 4
PNT 73 69 1 1 5
PNT 0 70 21 1 2
PNT 21 70 1 1 6
PNT 22 70 6 1 7
PNT 28 70 2 1 5
PNT 30 70 1 1 2
PNT 31 70 1 1 4
PNT 32 70 6 1 6
PNT 38 70 2 1 5
PNT 40 70 17 1 2
PNT 57 70 1 1 5
PNT 58 70 6 1 6
PNT 64 70 1 1 2
PNT 65 70 6 1 7
PNT 71 70 1 1 6
PNT 72 70 1 1 4
PNT 73 70 1 1 5
PNT 74 70 54 1 2
PNT 0 71 16 1 2
PNT 19 71 3 1 2
PNT 22 71 6 1 7
PNT 28 71 4 1 2
PNT 32 71 6 1 6
PNT 38 71 11 1 2
PNT 51 71 8 1 2
PNT 59 71 1 1 4
PNT 60 71 5 1 2
PNT 65 71 8 1 7
PNT 73 71 1 1 6
PNT 74 71 7 1 2
PNT 83 71 13 1 2
PNT 99 71 13 1 2
PNT 115 71 9 1 2
PNT 127 71 1 1 2
PNT 0 72 18 1 3
PNT 18 72 71 1 2
PNT 89 72 39 1 3
PNT 0 73 20 1 2
PNT 87 73 41 1 2
PNT 16 76 2 1 2
PNT 22 76 2 1 2
PNT 27 76 5 1 2
PNT 50 76 14 1 2
PNT 82 76 6 1 2
PNT 90 76 6 1 2
PNT 112 76 8 1 2
PNT 123 76 5 1 2
PNT 0 80 24 1 2
PNT 26 80 38 1 2
PNT 66 80 38 1 2
PNT 106 80 22 1 2
PNT 0 82 8 1 2
PNT 18 82 54 1 2
PNT 80 82 14 1 2
PNT 98 82 30 1 2
PNT 0 83 24 1 2
PNT 32 83 2 1 2
PNT 38 83 18 1 2
PNT 64 83 10 1 2
PNT 78 83 10 1 2
PNT 96 83 18 1 2
PNT 118 83 2 1 2
PNT 0 86 24 1 2
PNT 30 86 50 1 2
PNT 86 86 42 1 2
PNT 0 87 52 1 2
PNT 58 87 50 1 2
PNT 114 87 14 1 2
PNT 0 88 128 1 2
PNT 0 89 128 1 2
PNT 0 90 128 1 2
PNT 0 91 128 1 2
PNT 0 92 128 1 2
PNT 0 93 128 1 2
PNT 0 94 128 1 2
PNT 0 95 128 1 2
REC 1
C FRAME 4
CLR 1
PNT 0 6 128 1 0
PNT 0 7 128 1 0
PNT 110 8 1 1 5
PNT 109 9 1 1 5
PNT 116 9 1 1 5
PNT 0 10 20 1 0
PNT 22 10 62 1 0
PNT 86 10 19 1 0
PNT 105 10 1 1 5
PNT 106 10 1 1 0
PNT 107 10 1 1 7
PNT 108 10 2 1 5
PNT 110 10 5 1 0
PNT 115 10 1 1 5
PNT 116 10 12 1 0
PNT 0 11 105 1 0
PNT 105 11 1 1 5
PNT 106 11 2 1 0
PNT 108 11 1 1 5
PNT 109 11 3 1 0
PNT 112 11 1 1 5
PNT 113 11 1 1 0
PNT 114 11 1 1 7
PNT 115 11 2 1 5
PNT 117 11 11 1 0
PNT 106 12 2 1 5
PNT 108 12 1 1 6
PNT 109 12 1 1 5
PNT 112 12 1 1 5
PNT 114 12 2 1 5
PNT 106 13 2 1 5
PNT 108 13 1 1 6
PNT 109 13 1 1 5
PNT 113 13 1 1 5
PNT 114 13 1 1 6
PNT 115 13 1 1 5
PNT 0 14 105 1 0
PNT 105 14 2 1 5
PNT 107 14 1 1 7
PNT 108 14 1 1 5
PNT 109 14 4 1 0
PNT 113 14 3 1 5
PNT 116 14 12 1 0
PNT 0 15 105 1 0
PNT 105 15 4 1 5
PNT 109 15 4 1 0
PNT 113 15 1 1 7
PNT 114 15 1 1 5
PNT 115 15 13 1 0
PNT 106 16 2 1 5
PNT 113 16 3 1 5
PNT 86 17 1 1 4
PNT 106 17 2 1 5
PNT 108 17 3 1 6
PNT 112 17 1 1 5
PNT 114 17 1 1 5
PNT 0 18 6 1 0
PNT 10 18 52 1 0
PNT 64 18 2 1 0
PNT 66 18 1 1 3
PNT 67 18 18 1 0
PNT 85 18 1 1 4
PNT 86 18 1 1 0
PNT 87 18 1 1 4
PNT 88 18 6 1 0
PNT 96 18 7 1 0
PNT 103 18 11 1 7
PNT 114 18 1 1 6
PNT 115 18 13 1 0
PNT 0 19 10 1 0
PNT 13 19 17 1 0
PNT 32 19 35 1 0
PNT 67 19 2 1 3
PNT 69 19 15 1 0
PNT 84 19 1 1 5
PNT 85 19 1 1 0
PNT 86 19 1 1 4
PNT 87 19 1 1 0
PNT 88 19 1 1 4
PNT 89 19 12 1 0
PNT 101 19 2 1 7
PNT 103 19 1 1 6
PNT 104 19 1 1 7
PNT 105 19 5 1 5
PNT 110 19 1 1 7
PNT 111 19 1 1 5
PNT 113 19 1 1 5
PNT 114 19 2 1 7
PNT 116 19 2 1 0
PNT 118 19 2 1 4
PNT 120 19 8 1 0
PNT 68 20 2 1 3
PNT 70 20 1 1 4
PNT 84 20 1 1 5
PNT 98 20 1 1 3
PNT 99 20 1 1 2
PNT 100 20 1 1 3
PNT 101 20 3 1 2
PNT 104 20 2 1 5
PNT 106 20 5 1 3
PNT 111 20 3 1 5
PNT 114 20 1 1 2
PNT 115 20 1 1 5
PNT 116 20 2 1 7
PNT 74 21 1 1 4
PNT 83 21 1 1 5
PNT 85 21 1 1 5
PNT 87 21 1 1 4
PNT 97 21 1 1 2
PNT 98 21 1 1 7
PNT 99 21 1 1 6
PNT 101 21 1 1 2
PNT 106 21 5 1 5
PNT 111 21 2 1 3
PNT 113 21 3 1 5
PNT 116 21 1 1 7
PNT 117 21 1 1 4
PNT 118 21 1 1 7
PNT 0 22 22 1 0
PNT 26 22 16 1 0
PNT 45 22 27 1 0
PNT 72 22 2 1 4
PNT 77 22 6 1 0
PNT 83 22 1 1 5
PNT 84 22 1 1 0
PNT 85 22 1 1 5
PNT 86 22 8 1 0
PNT 95 22 1 1 0
PNT 96 22 1 1 3
PNT 97 22 1 1 6
PNT 99 22 2 1 2
PNT 103 22 3 1 2
PNT 109 22 2 1 0
PNT 111 22 1 1 7
PNT 112 22 1 1 6
PNT 113 22 3 1 5
PNT 116 22 2 1 4
PNT 118 22 1 1 2
PNT 119 22 1 1 7
PNT 120 22 8 1 0
PNT 0 23 26 1 0
PNT 29 23 17 1 0
PNT 48 23 26 1 0
PNT 74 23 2 1 4
PNT 76 23 1 1 0
PNT 77 23 1 1 5
PNT 80 23 2 1 0
PNT 82 23 1 1 5
PNT 83 23 1 1 0
PNT 84 23 1 1 5
PNT 85 23 1 1 0
PNT 86 23 1 1 5
PNT 87 23 7 1 0
PNT 94 23 2 1 2
PNT 97 23 1 1 2
PNT 98 23 1 1 6
PNT 100 23 1 1 3
PNT 101 23 2 1 5
PNT 104 23 1 1 3
PNT 105 23 1 1 5
PNT 106 23 1 1 4
PNT 107 23 1 1 3
PNT 108 23 1 1 2
PNT 112 23 2 1 2
PNT 114 23 1 1 3
PNT 115 23 5 1 4
PNT 121 23 1 1 4
PNT 122 23 6 1 0
PNT 76 24 1 1 4
PNT 77 24 1 1 5
PNT 79 24 2 1 5
PNT 82 24 1 1 5
PNT 84 24 1 1 5
PNT 94 24 1 1 3
PNT 95 24 1 1 2
PNT 96 24 1 1 6
PNT 98 24 1 1 3
PNT 99 24 1 1 2
PNT 102 24 4 1 4
PNT 106 24 1 1 3
PNT 107 24 1 1 2
PNT 114 24 2 1 2
PNT 116 24 1 1 5
PNT 117 24 5 1 4
PNT 122 24 1 1 2
PNT 78 25 2 1 5
PNT 81 25 3 1 5
PNT 85 25 1 1 5
PNT 93 25 1 1 2
PNT 94 25 1 1 7
PNT 95 25 2 1 6
PNT 97 25 1 1 2
PNT 99 25 1 1 6
PNT 100 25 1 1 5
PNT 101 25 1 1 6
PNT 102 25 3 1 4
PNT 105 25 1 1 3
PNT 106 25 1 1 2
PNT 109 25 1 1 2
PNT 112 25 1 1 2
PNT 113 25 2 1 3
PNT 116 25 1 1 2
PNT 117 25 1 1 4
PNT 118 25 1 1 7
PNT 119 25 1 1 4
PNT 120 25 1 1 7
PNT 0 26 80 1 0
PNT 80 26 2 1 5
PNT 82 26 1 1 0
PNT 83 26 2 1 5
PNT 85 26 5 1 0
PNT 91 26 1 1 0
PNT 92 26 1 1 3
PNT 93 26 1 1 2
PNT 94 26 1 1 6
PNT 96 26 1 1 3
PNT 97 26 5 1 6
PNT 102 26 2 1 7
PNT 104 26 1 1 3
PNT 105 26 1 1 4
PNT 109 26 3 1 6
PNT 112 26 1 1 5
PNT 113 26 1 1 2
PNT 118 26 2 1 4
PNT 120 26 1 1 3
PNT 121 26 7 1 0
PNT 0 27 80 1 0
PNT 80 27 1 1 5
PNT 81 27 1 1 0
PNT 82 27 4 1 5
PNT 86 27 4 1 0
PNT 90 27 1 1 2
PNT 91 27 1 1 7
PNT 93 27 2 1 6
PNT 95 27 1 1 2
PNT 97 27 1 1 5
PNT 98 27 2 1 6
PNT 101 27 2 1 6
PNT 103 27 2 1 4
PNT 105 27 1 1 7
PNT 106 27 2 1 5
PNT 108 27 1 1 3
PNT 112 27 1 1 3
PNT 113 27 3 1 5
PNT 116 27 1 1 4
PNT 117 27 1 1 5
PNT 118 27 1 1 4
PNT 119 27 1 1 7
PNT 120 27 8 1 0
PNT 80 28 1 1 6
PNT 81 28 1 1 0
PNT 82 28 1 1 7
PNT 83 28 1 1 6
PNT 84 28 2 1 5
PNT 90 28 1 1 6
PNT 91 28 1 1 2
PNT 92 28 1 1 6
PNT 94 28 1 1 3
PNT 95 28 1 1 6
PNT 96 28 1 1 5
PNT 97 28 5 1 6
PNT 104 28 1 1 4
PNT 105 28 1 1 5
PNT 106 28 2 1 7
PNT 108 28 1 1 5
PNT 109 28 1 1 2
PNT 110 28 1 1 3
PNT 111 28 1 1 2
PNT 112 28 2 1 5
PNT 114 28 1 1 4
PNT 116 28 1 1 4
PNT 117 28 2 1 7
PNT 78 29 1 1 6
PNT 79 29 1 1 0
PNT 80 29 1 1 7
PNT 81 29 1 1 6
PNT 82 29 1 1 7
PNT 83 29 1 1 6
PNT 84 29 1 1 0
PNT 86 29 1 1 5
PNT 89 29 1 1 6
PNT 90 29 1 1 7
PNT 91 29 2 1 6
PNT 93 29 1 1 2
PNT 95 29 1 1 5
PNT 96 29 2 1 6
PNT 99 29 3 1 6
PNT 103 29 1 1 4
PNT 106 29 1 1 4
PNT 107 29 1 1 5
PNT 108 29 3 1 7
PNT 114 29 1 1 4
PNT 115 29 2 1 7
PNT 117 29 1 1 4
PNT 0 30 10 1 0
PNT 12 30 54 1 0
PNT 68 30 8 1 0
PNT 76 30 1 1 6
PNT 77 30 1 1 0
PNT 78 30 1 1 7
PNT 79 30 1 1 6
PNT 80 30 1 1 7
PNT 81 30 1 1 5
PNT 82 30 1 1 0
PNT 83 30 1 1 2
PNT 84 30 1 1 6
PNT 85 30 1 1 0
PNT 87 30 2 1 6
PNT 89 30 1 1 7
PNT 90 30 1 1 3
PNT 92 30 1 1 3
PNT 93 30 2 1 5
PNT 95 30 3 1 6
PNT 100 30 2 1 0
PNT 102 30 1 1 4
PNT 103 30 2 1 0
PNT 105 30 1 1 4
PNT 106 30 4 1 0
PNT 110 30 1 1 5
PNT 111 30 4 1 7
PNT 115 30 1 1 4
PNT 116 30 2 1 0
PNT 118 30 1 1 4
PNT 119 30 9 1 0
PNT 0 31 14 1 0
PNT 16 31 18 1 0
PNT 36 31 38 1 0
PNT 74 31 1 1 6
PNT 75 31 1 1 0
PNT 76 31 1 1 7
PNT 77 31 1 1 6
PNT 78 31 1 1 7
PNT 79 31 1 1 5
PNT 80 31 1 1 0
PNT 81 31 1 1 2
PNT 83 31 2 1 5
PNT 85 31 1 1 4
PNT 86 31 1 1 2
PNT 87 31 1 1 6
PNT 89 31 2 1 7
PNT 91 31 1 1 2
PNT 93 31 3 1 6
PNT 97 31 3 1 6
PNT 100 31 4 1 0
PNT 104 31 1 1 4
PNT 105 31 11 1 0
PNT 116 31 1 1 4
PNT 117 31 11 1 0
PNT 72 32 1 1 6
PNT 73 32 1 1 0
PNT 74 32 1 1 7
PNT 75 32 1 1 6
PNT 76 32 1 1 7
PNT 77 32 1 1 5
PNT 78 32 1 1 0
PNT 79 32 1 1 2
PNT 81 32 2 1 5
PNT 83 32 1 1 4
PNT 85 32 2 1 6
PNT 87 32 1 1 2
PNT 88 32 1 1 7
PNT 89 32 1 1 2
PNT 92 32 2 1 6
PNT 96 32 2 1 6
PNT 70 33 1 1 5
PNT 71 33 1 1 0
PNT 72 33 2 1 6
PNT 76 33 1 1 0
PNT 77 33 1 1 2
PNT 80 33 1 1 5
PNT 81 33 2 1 4
PNT 83 33 1 1 7
PNT 85 33 1 1 6
PNT 87 33 1 1 7
PNT 88 33 1 1 5
PNT 89 33 1 1 2
PNT 91 33 3 1 6
PNT 95 33 1 1 6
PNT 0 34 26 1 0
PNT 28 34 2 1 0
PNT 32 34 16 1 0
PNT 51 34 17 1 0
PNT 68 34 1 1 5
PNT 69 34 1 1 0
PNT 70 34 1 1 6
PNT 71 34 1 1 5
PNT 72 34 1 1 6
PNT 73 34 1 1 5
PNT 74 34 1 1 0
PNT 75 34 1 1 2
PNT 77 34 2 1 5
PNT 79 34 1 1 4
PNT 83 34 1 1 4
PNT 84 34 1 1 6
PNT 85 34 1 1 2
PNT 86 34 1 1 6
PNT 87 34 1 1 7
PNT 88 34 1 1 3
PNT 89 34 1 1 5
PNT 90 34 6 1 6
PNT 96 34 16 1 0
PNT 115 34 13 1 0
PNT 0 35 32 1 0
PNT 35 35 9 1 0
PNT 44 35 6 1 7
PNT 52 35 8 1 7
PNT 60 35 1 1 6
PNT 61 35 5 1 0
PNT 66 35 1 1 5
PNT 67 35 1 1 0
PNT 68 35 1 1 6
PNT 69 35 1 1 5
PNT 70 35 1 1 6
PNT 71 35 1 1 4
PNT 72 35 1 1 0
PNT 73 35 1 1 2
PNT 75 35 2 1 5
PNT 77 35 2 1 4
PNT 79 35 1 1 6
PNT 80 35 2 1 4
PNT 85 35 1 1 6
PNT 86 35 1 1 7
PNT 87 35 1 1 2
PNT 89 35 3 1 6
PNT 93 35 3 1 6
PNT 96 35 18 1 0
PNT 116 35 12 1 0
PNT 38 36 1 1 2
PNT 40 36 4 1 7
PNT 44 36 14 1 6
PNT 58 36 1 1 2
PNT 59 36 1 1 6
PNT 60 36 4 1 7
PNT 64 36 1 1 4
PNT 65 36 1 1 0
PNT 66 36 1 1 6
PNT 67 36 1 1 5
PNT 68 36 1 1 6
PNT 69 36 1 1 4
PNT 70 36 1 1 0
PNT 71 36 1 1 2
PNT 73 36 4 1 4
PNT 77 36 1 1 6
PNT 78 36 2 1 4
PNT 80 36 1 1 6
PNT 81 36 1 1 5
PNT 82 36 3 1 6
PNT 86 36 1 1 7
PNT 87 36 1 1 2
PNT 88 36 6 1 6
PNT 34 37 1 1 2
PNT 36 37 4 1 7
PNT 40 37 2 1 6
PNT 42 37 1 1 2
PNT 43 37 1 1 6
PNT 44 37 1 1 2
PNT 45 37 1 1 6
PNT 46 37 1 1 2
PNT 47 37 15 1 6
PNT 62 37 1 1 2
PNT 63 37 1 1 0
PNT 64 37 4 1 7
PNT 68 37 1 1 0
PNT 69 37 1 1 2
PNT 71 37 2 1 4
PNT 73 37 1 1 3
PNT 74 37 1 1 4
PNT 75 37 1 1 6
PNT 76 37 2 1 4
PNT 78 37 4 1 5
PNT 83 37 1 1 6
PNT 85 37 2 1 7
PNT 87 37 2 1 6
PNT 89 37 1 1 5
PNT 91 37 3 1 6
PNT 0 38 10 1 0
PNT 10 38 1 1 2
PNT 11 38 19 1 0
PNT 30 38 1 1 2
PNT 31 38 1 1 0
PNT 32 38 4 1 7
PNT 36 38 2 1 6
PNT 38 38 1 1 2
PNT 39 38 1 1 6
PNT 40 38 1 1 2
PNT 41 38 1 1 6
PNT 42 38 1 1 7
PNT 43 38 1 1 0
PNT 44 38 3 1 7
PNT 47 38 1 1 0
PNT 48 38 3 1 7
PNT 51 38 1 1 0
PNT 52 38 1 1 7
PNT 54 38 1 1 7
PNT 55 38 1 1 0
PNT 56 38 1 1 6
PNT 58 38 1 1 6
PNT 60 38 1 1 6
PNT 61 38 1 1 0
PNT 62 38 1 1 5
PNT 64 38 1 1 5
PNT 65 38 1 1 4
PNT 66 38 1 1 0
PNT 67 38 1 1 2
PNT 69 38 3 1 7
PNT 72 38 1 1 3
PNT 73 38 1 1 6
PNT 74 38 2 1 4
PNT 76 38 2 1 0
PNT 78 38 1 1 6
PNT 79 38 3 1 5
PNT 84 38 1 1 3
PNT 85 38 1 1 7
PNT 86 38 1 1 3
PNT 87 38 1 1 6
PNT 88 38 4 1 5
PNT 92 38 36 1 0
PNT 0 39 9 1 0
PNT 9 39 1 1 3
PNT 10 39 18 1 0
PNT 29 39 3 1 7
PNT 32 39 2 1 4
PNT 34 39 1 1 2
PNT 35 39 1 1 6
PNT 36 39 1 1 2
PNT 37 39 1 1 6
PNT 38 39 1 1 7
PNT 39 39 1 1 0
PNT 40 39 5 1 7
PNT 45 39 1 1 0
PNT 46 39 2 1 7
PNT 48 39 1 1 0
PNT 49 39 2 1 7
PNT 51 39 1 1 0
PNT 52 39 2 1 7
PNT 54 39 1 1 0
PNT 55 39 4 1 7
PNT 59 39 1 1 0
PNT 60 39 2 1 6
PNT 62 39 1 1 5
PNT 63 39 2 1 3
PNT 65 39 1 1 2
PNT 67 39 2 1 4
PNT 69 39 1 1 3
PNT 70 39 1 1 2
PNT 71 39 1 1 5
PNT 72 39 4 1 7
PNT 76 39 2 1 0
PNT 78 39 2 1 5
PNT 81 39 2 1 5
PNT 83 39 1 1 2
PNT 84 39 1 1 7
PNT 85 39 1 1 5
PNT 86 39 1 1 6
PNT 87 39 1 1 5
PNT 89 39 3 1 5
PNT 92 39 36 1 0
PNT 6 40 1 1 4
PNT 8 40 1 1 3
PNT 11 40 1 1 6
PNT 25 40 2 1 6
PNT 27 40 2 1 7
PNT 29 40 3 1 4
PNT 32 40 1 1 2
PNT 33 40 1 1 6
PNT 34 40 1 1 7
PNT 35 40 1 1 0
PNT 36 40 3 1 7
PNT 39 40 1 1 0
PNT 40 40 1 1 7
PNT 42 40 1 1 7
PNT 43 40 1 1 6
PNT 44 40 1 1 2
PNT 45 40 1 1 5
PNT 46 40 1 1 7
PNT 48 40 2 1 5
PNT 50 40 1 1 7
PNT 51 40 2 1 5
PNT 54 40 1 1 7
PNT 55 40 1 1 5
PNT 56 40 1 1 7
PNT 57 40 1 1 0
PNT 58 40 2 1 7
PNT 60 40 1 1 4
PNT 61 40 1 1 5
PNT 62 40 1 1 7
PNT 63 40 1 1 2
PNT 65 40 2 1 3
PNT 67 40 2 1 6
PNT 70 40 1 1 6
PNT 73 40 2 1 5
PNT 75 40 1 1 6
PNT 76 40 3 1 7
PNT 79 40 3 1 5
PNT 82 40 1 1 2
PNT 83 40 1 1 7
PNT 84 40 1 1 5
PNT 85 40 1 1 2
PNT 86 40 2 1 5
PNT 89 40 1 1 5
PNT 5 41 1 1 4
PNT 7 41 1 1 4
PNT 9 41 1 1 6
PNT 12 41 1 1 6
PNT 23 41 2 1 6
PNT 25 41 2 1 7
PNT 27 41 1 1 4
PNT 28 41 1 1 2
PNT 29 41 1 1 6
PNT 30 41 1 1 2
PNT 31 41 1 1 0
PNT 32 41 4 1 7
PNT 36 41 1 1 0
PNT 37 41 2 1 7
PNT 39 41 2 1 6
PNT 41 41 4 1 5
PNT 45 41 1 1 2
PNT 46 41 1 1 5
PNT 47 41 1 1 2
PNT 48 41 1 1 5
PNT 49 41 1 1 2
PNT 50 41 1 1 5
PNT 51 41 1 1 2
PNT 52 41 1 1 5
PNT 53 41 1 1 2
PNT 54 41 1 1 5
PNT 55 41 2 1 2
PNT 57 41 1 1 5
PNT 58 41 1 1 7
PNT 59 41 1 1 5
PNT 60 41 1 1 3
PNT 61 41 1 1 5
PNT 63 41 1 1 0
PNT 64 41 2 1 7
PNT 66 41 1 1 6
PNT 67 41 1 1 0
PNT 68 41 1 1 3
PNT 69 41 4 1 6
PNT 74 41 1 1 2
PNT 75 41 1 1 6
PNT 77 41 2 1 5
PNT 79 41 2 1 7
PNT 81 41 1 1 5
PNT 82 41 2 1 7
PNT 84 41 1 1 6
PNT 85 41 1 1 5
PNT 87 41 2 1 5
PNT 89 41 1 1 2
PNT 0 42 4 1 0
PNT 4 42 1 1 5
PNT 5 42 1 1 0
PNT 6 42 4 1 4
PNT 10 42 1 1 6
PNT 11 42 1 1 0
PNT 12 42 1 1 6
PNT 13 42 8 1 0
PNT 21 42 1 1 7
PNT 22 42 1 1 6
PNT 23 42 2 1 7
PNT 25 42 1 1 5
PNT 26 42 1 1 2
PNT 27 42 1 1 0
PNT 28 42 1 1 6
PNT 29 42 1 1 7
PNT 30 42 2 1 6
PNT 32 42 1 1 7
PNT 33 42 1 1 0
PNT 34 42 1 1 7
PNT 36 42 1 1 6
PNT 37 42 3 1 5
PNT 40 42 1 1 0
PNT 42 42 1 1 5
PNT 43 42 1 1 0
PNT 44 42 1 1 5
PNT 46 42 1 1 0
PNT 47 42 2 1 5
PNT 49 42 1 1 0
PNT 50 42 2 1 5
PNT 52 42 2 1 0
PNT 54 42 1 1 5
PNT 55 42 1 1 0
PNT 56 42 1 1 5
PNT 57 42 1 1 2
PNT 58 42 1 1 0
PNT 59 42 1 1 2
PNT 60 42 1 1 5
PNT 61 42 1 1 2
PNT 62 42 1 1 7
PNT 63 42 1 1 5
PNT 64 42 1 1 7
PNT 65 42 1 1 2
PNT 66 42 1 1 0
PNT 67 42 1 1 7
PNT 68 42 1 1 6
PNT 69 42 1 1 2
PNT 70 42 1 1 6
PNT 71 42 1 1 0
PNT 72 42 2 1 6
PNT 77 42 4 1 5
PNT 81 42 1 1 7
PNT 82 42 2 1 6
PNT 84 42 1 1 3
PNT 85 42 1 1 5
PNT 86 42 1 1 2
PNT 88 42 1 1 2
PNT 89 42 39 1 0
PNT 0 43 3 1 0
PNT 3 43 4 1 5
PNT 7 43 2 1 4
PNT 9 43 1 1 0
PNT 10 43 2 1 4
PNT 12 43 1 1 0
PNT 13 43 1 1 6
PNT 14 43 1 1 0
PNT 15 43 1 1 7
PNT 16 43 3 1 6
PNT 19 43 2 1 7
PNT 21 43 1 1 2
PNT 22 43 1 1 7
PNT 23 43 1 1 5
PNT 24 43 1 1 2
PNT 25 43 1 1 5
PNT 26 43 1 1 6
PNT 27 43 1 1 7
PNT 28 43 2 1 6
PNT 30 43 1 1 7
PNT 31 43 1 1 6
PNT 32 43 1 1 2
PNT 33 43 2 1 6
PNT 35 43 2 1 5
PNT 37 43 1 1 0
PNT 38 43 2 1 5
PNT 40 43 1 1 3
PNT 41 43 1 1 5
PNT 43 43 1 1 5
PNT 44 43 1 1 3
PNT 45 43 1 1 6
PNT 47 43 1 1 5
PNT 48 43 1 1 3
PNT 49 43 1 1 6
PNT 51 43 1 1 5
PNT 52 43 1 1 3
PNT 53 43 1 1 6
PNT 55 43 1 1 5
PNT 56 43 1 1 3
PNT 58 43 2 1 5
PNT 60 43 3 1 2
PNT 63 43 1 1 5
PNT 64 43 1 1 2
PNT 65 43 1 1 5
PNT 66 43 1 1 7
PNT 67 43 3 1 4
PNT 70 43 1 1 3
PNT 71 43 1 1 6
PNT 73 43 2 1 6
PNT 75 43 1 1 0
PNT 76 43 1 1 6
PNT 78 43 1 1 2
PNT 79 43 1 1 6
PNT 81 43 2 1 6
PNT 83 43 1 1 2
PNT 84 43 1 1 5
PNT 85 43 1 1 2
PNT 86 43 1 1 5
PNT 87 43 1 1 2
PNT 88 43 2 1 4
PNT 90 43 38 1 0
PNT 2 44 1 1 5
PNT 3 44 3 1 4
PNT 6 44 1 1 5
PNT 7 44 1 1 0
PNT 8 44 5 1 4
PNT 13 44 1 1 7
PNT 14 44 1 1 2
PNT 15 44 4 1 6
PNT 19 44 1 1 2
PNT 20 44 1 1 7
PNT 21 44 1 1 3
PNT 22 44 2 1 5
PNT 24 44 1 1 6
PNT 25 44 2 1 7
PNT 27 44 1 1 6
PNT 29 44 1 1 2
PNT 30 44 2 1 5
PNT 32 44 1 1 6
PNT 34 44 1 1 0
PNT 35 44 1 1 5
PNT 36 44 1 1 3
PNT 37 44 1 1 5
PNT 39 44 1 1 5
PNT 40 44 1 1 6
PNT 41 44 1 1 2
PNT 42 44 1 1 5
PNT 44 44 1 1 3
PNT 45 44 1 1 6
PNT 46 44 1 1 5
PNT 48 44 2 1 6
PNT 52 44 1 1 6
PNT 53 44 1 1 2
PNT 54 44 1 1 5
PNT 57 44 1 1 6
PNT 59 44 1 1 2
PNT 60 44 1 1 3
PNT 62 44 1 1 0
PNT 63 44 1 1 2
PNT 64 44 1 1 3
PNT 65 44 1 1 4
PNT 66 44 2 1 2
PNT 68 44 1 1 7
PNT 69 44 1 1 2
PNT 70 44 1 1 7
PNT 71 44 1 1 2
PNT 72 44 1 1 4
PNT 73 44 5 1 6
PNT 78 44 1 1 7
PNT 80 44 1 1 2
PNT 81 44 1 1 6
PNT 82 44 1 1 3
PNT 83 44 1 1 5
PNT 84 44 1 1 2
PNT 85 44 1 1 4
PNT 86 44 1 1 2
PNT 87 44 1 1 3
PNT 88 44 2 1 4
PNT 91 44 2 1 5
PNT 2 45 2 1 4
PNT 4 45 1 1 5
PNT 5 45 1 1 0
PNT 6 45 2 1 4
PNT 8 45 2 1 5
PNT 10 45 1 1 4
PNT 11 45 1 1 7
PNT 12 45 1 1 2
PNT 14 45 3 1 6
PNT 17 45 1 1 2
PNT 18 45 1 1 3
PNT 19 45 1 1 7
PNT 20 45 2 1 5
PNT 22 45 1 1 2
PNT 23 45 1 1 7
PNT 24 45 2 1 6
PNT 27 45 1 1 7
PNT 28 45 3 1 5
PNT 32 45 1 1 3
PNT 33 45 1 1 2
PNT 35 45 1 1 2
PNT 36 45 2 1 6
PNT 38 45 1 1 2
PNT 40 45 2 1 6
PNT 42 45 2 1 5
PNT 45 45 1 1 2
PNT 46 45 2 1 5
PNT 49 45 3 1 5
PNT 53 45 3 1 5
PNT 57 45 1 1 5
PNT 58 45 1 1 2
PNT 60 45 2 1 6
PNT 62 45 1 1 4
PNT 63 45 1 1 2
PNT 64 45 6 1 6
PNT 70 45 1 1 2
PNT 71 45 1 1 7
PNT 72 45 1 1 3
PNT 73 45 1 1 6
PNT 74 45 1 1 7
PNT 75 45 1 1 6
PNT 77 45 1 1 2
PNT 78 45 1 1 0
PNT 79 45 1 1 2
PNT 80 45 1 1 6
PNT 81 45 1 1 2
PNT 82 45 1 1 5
PNT 83 45 1 1 2
PNT 84 45 1 1 3
PNT 85 45 1 1 2
PNT 86 45 2 1 4
PNT 88 45 1 1 2
PNT 89 45 2 1 5
PNT 0 46 1 1 0
PNT 1 46 1 1 5
PNT 2 46 1 1 6
PNT 3 46 1 1 0
PNT 4 46 2 1 4
PNT 6 46 2 1 5
PNT 8 46 1 1 4
PNT 9 46 1 1 7
PNT 10 46 1 1 2
PNT 12 46 1 1 7
PNT 13 46 1 1 6
PNT 14 46 1 1 4
PNT 15 46 1 1 6
PNT 16 46 1 1 3
PNT 17 46 1 1 6
PNT 18 46 1 1 7
PNT 19 46 1 1 5
PNT 20 46 1 1 6
PNT 21 46 1 1 7
PNT 22 46 1 1 6
PNT 23 46 1 1 3
PNT 25 46 1 1 7
PNT 26 46 3 1 5
PNT 30 46 2 1 5
PNT 32 46 1 1 2
PNT 33 46 1 1 6
PNT 34 46 1 1 5
PNT 36 46 1 1 6
PNT 37 46 1 1 2
PNT 38 46 2 1 5
PNT 41 46 1 1 5
PNT 43 46 2 1 5
PNT 46 46 1 1 3
PNT 47 46 2 1 5
PNT 51 46 2 1 5
PNT 55 46 2 1 5
PNT 59 46 1 1 5
PNT 61 46 1 1 4
PNT 62 46 1 1 3
PNT 63 46 2 1 6
PNT 65 46 1 1 7
PNT 66 46 1 1 6
PNT 67 46 1 1 7
PNT 68 46 5 1 6
PNT 73 46 1 1 2
PNT 75 46 2 1 4
PNT 77 46 1 1 6
PNT 78 46 1 1 2
PNT 79 46 1 1 6
PNT 80 46 2 1 3
PNT 82 46 1 1 2
PNT 83 46 1 1 5
PNT 84 46 1 1 3
PNT 85 46 1 1 2
PNT 86 46 2 1 4
PNT 88 46 1 1 5
PNT 89 46 1 1 4
PNT 90 46 1 1 0
PNT 91 46 2 1 4
PNT 93 46 35 1 0
PNT 0 47 2 1 0
PNT 2 47 2 1 4
PNT 4 47 2 1 5
PNT 6 47 1 1 4
PNT 7 47 1 1 6
PNT 8 47 1 1 2
PNT 10 47 1 1 7
PNT 11 47 1 1 6
PNT 12 47 2 1 4
PNT 14 47 1 1 6
PNT 15 47 1 1 2
PNT 16 47 1 1 6
PNT 17 47 1 1 5
PNT 18 47 1 1 4
PNT 19 47 1 1 7
PNT 20 47 2 1 6
PNT 24 47 1 1 2
PNT 25 47 2 1 5
PNT 28 47 4 1 5
PNT 32 47 1 1 2
PNT 33 47 1 1 6
PNT 34 47 2 1 5
PNT 37 47 1 1 5
PNT 39 47 2 1 5
PNT 42 47 2 1 5
PNT 44 47 1 1 6
PNT 45 47 1 1 2
PNT 46 47 1 1 6
PNT 47 47 1 1 2
PNT 48 47 1 1 6
PNT 49 47 1 1 2
PNT 50 47 3 1 6
PNT 53 47 1 1 2
PNT 54 47 3 1 6
PNT 57 47 1 1 2
PNT 58 47 2 1 6
PNT 60 47 1 1 4
PNT 61 47 1 1 2
PNT 62 47 1 1 6
PNT 63 47 1 1 7
PNT 64 47 3 1 2
PNT 67 47 5 1 6
PNT 73 47 1 1 6
PNT 74 47 1 1 3
PNT 75 47 1 1 2
PNT 76 47 1 1 6
PNT 77 47 1 1 4
PNT 78 47 1 1 0
PNT 79 47 1 1 2
PNT 80 47 2 1 6
PNT 82 47 1 1 2
PNT 83 47 1 1 5
PNT 84 47 1 1 2
PNT 86 47 5 1 4
PNT 91 47 37 1 0
PNT 0 48 1 1 7
PNT 1 48 1 1 5
PNT 2 48 1 1 4
PNT 3 48 3 1 5
PNT 8 48 1 1 7
PNT 9 48 1 1 5
PNT 10 48 2 1 4
PNT 12 48 1 1 6
PNT 13 48 1 1 4
PNT 14 48 1 1 3
PNT 15 48 2 1 5
PNT 17 48 1 1 2
PNT 18 48 1 1 7
PNT 19 48 1 1 4
PNT 23 48 2 1 5
PNT 25 48 1 1 3
PNT 26 48 4 1 5
PNT 30 48 2 1 2
PNT 33 48 1 1 5
PNT 35 48 2 1 2
PNT 38 48 2 1 5
PNT 40 48 1 1 2
PNT 41 48 3 1 6
PNT 44 48 1 1 2
PNT 45 48 3 1 6
PNT 48 48 1 1 3
PNT 49 48 3 1 6
PNT 52 48 1 1 2
PNT 53 48 3 1 6
PNT 56 48 1 1 2
PNT 57 48 2 1 6
PNT 59 48 1 1 2
PNT 60 48 1 1 3
PNT 61 48 1 1 7
PNT 62 48 2 1 2
PNT 64 48 3 1 6
PNT 67 48 3 1 5
PNT 71 48 1 1 2
PNT 72 48 3 1 6
PNT 75 48 2 1 2
PNT 78 48 1 1 3
PNT 79 48 1 1 4
PNT 80 48 1 1 3
PNT 81 48 1 1 6
PNT 84 48 2 1 5
PNT 87 48 3 1 4
PNT 0 49 3 1 4
PNT 3 49 2 1 5
PNT 5 49 1 1 6
PNT 6 49 1 1 2
PNT 7 49 1 1 5
PNT 8 49 2 1 4
PNT 10 49 1 1 5
PNT 11 49 1 1 4
PNT 12 49 2 1 3
PNT 14 49 1 1 6
PNT 15 49 2 1 2
PNT 17 49 1 1 5
PNT 18 49 1 1 7
PNT 20 49 1 1 7
PNT 21 49 2 1 5
PNT 25 49 1 1 5
PNT 26 49 1 1 2
PNT 27 49 3 1 5
PNT 30 49 1 1 2
PNT 31 49 2 1 5
PNT 34 49 2 1 2
PNT 36 49 2 1 6
PNT 38 49 1 1 5
PNT 39 49 2 1 2
PNT 41 49 1 1 6
PNT 42 49 1 1 5
PNT 43 49 2 1 2
PNT 45 49 1 1 6
PNT 46 49 1 1 5
PNT 47 49 3 1 2
PNT 50 49 1 1 5
PNT 51 49 2 1 2
PNT 53 49 1 1 6
PNT 54 49 1 1 5
PNT 55 49 2 1 2
PNT 57 49 1 1 6
PNT 59 49 1 1 2
PNT 60 49 1 1 6
PNT 61 49 1 1 2
PNT 62 49 2 1 6
PNT 64 49 4 1 5
PNT 69 49 3 1 5
PNT 73 49 1 1 2
PNT 74 49 2 1 6
PNT 76 49 1 1 3
PNT 77 49 1 1 2
PNT 78 49 2 1 5
PNT 82 49 1 1 5
PNT 83 49 2 1 7
PNT 85 49 1 1 5
PNT 86 49 1 1 4
PNT 88 49 2 1 4
PNT 0 50 1 1 4
PNT 1 50 4 1 5
PNT 6 50 2 1 4
PNT 8 50 1 1 5
PNT 9 50 1 1 4
PNT 10 50 3 1 3
PNT 13 50 2 1 2
PNT 16 50 1 1 0
PNT 18 50 1 1 3
PNT 19 50 2 1 7
PNT 21 50 1 1 4
PNT 22 50 1 1 7
PNT 23 50 3 1 5
PNT 27 50 1 1 3
PNT 28 50 1 1 5
PNT 29 50 2 1 2
PNT 31 50 3 1 4
PNT 34 50 1 1 2
PNT 35 50 1 1 5
PNT 36 50 2 1 4
PNT 38 50 2 1 2
PNT 40 50 2 1 0
PNT 42 50 2 1 2
PNT 44 50 2 1 0
PNT 46 50 2 1 2
PNT 48 50 2 1 0
PNT 50 50 1 1 3
PNT 51 50 1 1 2
PNT 52 50 2 1 0
PNT 54 50 2 1 2
PNT 56 50 2 1 0
PNT 58 50 1 1 3
PNT 60 50 1 1 0
PNT 62 50 1 1 3
PNT 63 50 1 1 5
PNT 65 50 1 1 4
PNT 68 50 2 1 4
PNT 70 50 5 1 5
PNT 75 50 1 1 4
PNT 77 50 3 1 5
PNT 80 50 3 1 7
PNT 83 50 1 1 5
PNT 85 50 1 1 5
PNT 86 50 2 1 0
PNT 89 50 39 1 0
PNT 0 51 1 1 4
PNT 1 51 3 1 5
PNT 4 51 1 1 2
PNT 5 51 1 1 4
PNT 6 51 1 1 5
PNT 7 51 1 1 4
PNT 8 51 3 1 3
PNT 11 51 1 1 2
PNT 12 51 1 1 3
PNT 13 51 1 1 4
PNT 14 51 1 1 0
PNT 16 51 2 1 5
PNT 18 51 1 1 6
PNT 20 51 1 1 5
PNT 21 51 2 1 7
PNT 23 51 1 1 5
PNT 24 51 1 1 7
PNT 25 51 3 1 5
PNT 29 51 1 1 5
PNT 30 51 1 1 2
PNT 32 51 1 1 4
PNT 33 51 2 1 2
PNT 35 51 3 1 4
PNT 38 51 1 1 2
PNT 39 51 3 1 4
PNT 42 51 1 1 2
PNT 43 51 3 1 4
PNT 46 51 1 1 2
PNT 47 51 3 1 4
PNT 50 51 2 1 2
PNT 52 51 2 1 4
PNT 54 51 1 1 2
PNT 55 51 2 1 4
PNT 57 51 1 1 2
PNT 58 51 2 1 4
PNT 61 51 1 1 4
PNT 63 51 1 1 3
PNT 65 51 2 1 4
PNT 67 51 1 1 2
PNT 70 51 1 1 2
PNT 71 51 1 1 4
PNT 73 51 2 1 4
PNT 75 51 1 1 5
PNT 76 51 1 1 7
PNT 77 51 1 1 5
PNT 78 51 3 1 7
PNT 81 51 1 1 3
PNT 82 51 1 1 4
PNT 83 51 2 1 0
PNT 86 51 3 1 0
PNT 90 51 38 1 0
PNT 0 52 2 1 5
PNT 2 52 1 1 3
PNT 4 52 2 1 4
PNT 6 52 3 1 3
PNT 9 52 1 1 5
PNT 10 52 2 1 3
PNT 12 52 1 1 0
PNT 14 52 1 1 4
PNT 15 52 1 1 5
PNT 16 52 1 1 6
PNT 18 52 2 1 5
PNT 20 52 2 1 3
PNT 22 52 1 1 5
PNT 23 52 2 1 7
PNT 25 52 4 1 5
PNT 29 52 1 1 3
PNT 31 52 1 1 4
PNT 32 52 1 1 2
PNT 34 52 1 1 5
PNT 36 52 3 1 2
PNT 39 52 2 1 4
PNT 41 52 2 1 2
PNT 43 52 2 1 4
PNT 45 52 2 1 2
PNT 47 52 2 1 4
PNT 49 52 2 1 2
PNT 51 52 1 1 4
PNT 52 52 1 1 3
PNT 53 52 1 1 2
PNT 54 52 2 1 4
PNT 56 52 1 1 3
PNT 58 52 2 1 4
PNT 60 52 1 1 2
PNT 64 52 2 1 3
PNT 66 52 1 1 5
PNT 67 52 5 1 4
PNT 72 52 1 1 7
PNT 74 52 4 1 7
PNT 78 52 1 1 6
PNT 79 52 1 1 3
PNT 80 52 2 1 5
PNT 1 53 1 1 3
PNT 2 53 1 1 2
PNT 3 53 1 1 4
PNT 4 53 3 1 3
PNT 7 53 1 1 4
PNT 8 53 2 1 3
PNT 10 53 1 1 0
PNT 11 53 1 1 3
PNT 13 53 1 1 4
PNT 14 53 1 1 5
PNT 15 53 1 1 4
PNT 16 53 2 1 6
PNT 18 53 2 1 5
PNT 22 53 2 1 3
PNT 24 53 1 1 6
PNT 25 53 2 1 7
PNT 27 53 1 1 5
PNT 28 53 1 1 7
PNT 29 53 1 1 5
PNT 30 53 1 1 2
PNT 31 53 1 1 5
PNT 33 53 2 1 3
PNT 35 53 1 1 5
PNT 36 53 1 1 2
PNT 37 53 2 1 5
PNT 40 53 1 1 2
PNT 41 53 1 1 4
PNT 42 53 1 1 2
PNT 44 53 1 1 2
PNT 46 53 1 1 4
PNT 48 53 1 1 2
PNT 49 53 2 1 4
PNT 52 53 2 1 2
PNT 54 53 1 1 3
PNT 55 53 1 1 2
PNT 56 53 4 1 4
PNT 61 53 1 1 5
PNT 63 53 1 1 5
PNT 65 53 1 1 5
PNT 66 53 2 1 3
PNT 68 53 1 1 7
PNT 69 53 1 1 6
PNT 70 53 4 1 7
PNT 74 53 2 1 6
PNT 76 53 3 1 3
PNT 80 53 2 1 5
PNT 0 54 1 1 5
PNT 2 54 1 1 4
PNT 3 54 2 1 3
PNT 5 54 1 1 4
PNT 6 54 2 1 3
PNT 8 54 1 1 0
PNT 9 54 2 1 3
PNT 12 54 1 1 4
PNT 13 54 3 1 5
PNT 16 54 2 1 6
PNT 18 54 5 1 0
PNT 23 54 1 1 7
PNT 24 54 1 1 6
PNT 25 54 2 1 3
PNT 27 54 3 1 7
PNT 30 54 2 1 3
PNT 32 54 1 1 7
PNT 33 54 1 1 5
PNT 35 54 8 1 5
PNT 43 54 1 1 0
PNT 44 54 3 1 5
PNT 47 54 1 1 0
PNT 48 54 3 1 5
PNT 51 54 1 1 0
PNT 52 54 3 1 5
PNT 55 54 1 1 4
PNT 57 54 1 1 5
PNT 59 54 5 1 5
PNT 64 54 1 1 7
PNT 66 54 2 1 7
PNT 68 54 1 1 2
PNT 69 54 1 1 7
PNT 70 54 6 1 3
PNT 76 54 2 1 5
PNT 78 54 1 1 0
PNT 79 54 2 1 4
PNT 81 54 47 1 0
PNT 0 55 1 1 3
PNT 1 55 1 1 2
PNT 2 55 1 1 3
PNT 3 55 1 1 4
PNT 4 55 2 1 3
PNT 6 55 1 1 0
PNT 7 55 1 1 3
PNT 8 55 2 1 0
PNT 11 55 1 1 0
PNT 12 55 1 1 5
PNT 13 55 1 1 0
PNT 14 55 2 1 5
PNT 16 55 1 1 0
PNT 17 55 1 1 4
PNT 18 55 5 1 0
PNT 23 55 1 1 7
PNT 24 55 1 1 2
PNT 25 55 1 1 4
PNT 26 55 2 1 5
PNT 28 55 1 1 4
PNT 29 55 1 1 5
PNT 30 55 3 1 7
PNT 33 55 1 1 3
PNT 34 55 1 1 2
PNT 35 55 1 1 6
PNT 36 55 1 1 7
PNT 37 55 1 1 5
PNT 39 55 7 1 5
PNT 47 55 1 1 5
PNT 49 55 1 1 5
PNT 51 55 1 1 5
PNT 53 55 1 1 5
PNT 55 55 1 1 4
PNT 56 55 4 1 5
PNT 60 55 1 1 7
PNT 61 55 1 1 5
PNT 62 55 4 1 7
PNT 66 55 3 1 6
PNT 70 55 1 1 4
PNT 71 55 4 1 5
PNT 75 55 2 1 4
PNT 78 55 50 1 0
PNT 1 56 3 1 3
PNT 4 56 1 1 0
PNT 6 56 1 1 4
PNT 7 56 5 1 3
PNT 12 56 4 1 5
PNT 22 56 1 1 5
PNT 24 56 1 1 6
PNT 26 56 2 1 4
PNT 28 56 1 1 5
PNT 29 56 2 1 4
PNT 32 56 2 1 4
PNT 34 56 1 1 5
PNT 35 56 1 1 3
PNT 36 56 1 1 2
PNT 37 56 1 1 3
PNT 38 56 1 1 4
PNT 39 56 1 1 5
PNT 40 56 1 1 7
PNT 41 56 1 1 5
PNT 43 56 1 1 5
PNT 44 56 1 1 7
PNT 45 56 3 1 5
PNT 48 56 1 1 7
PNT 49 56 3 1 5
PNT 52 56 1 1 7
PNT 53 56 1 1 5
PNT 54 56 2 1 4
PNT 56 56 1 1 7
PNT 57 56 1 1 5
PNT 58 56 1 1 2
PNT 59 56 3 1 7
PNT 62 56 2 1 6
PNT 64 56 1 1 5
PNT 65 56 2 1 4
PNT 67 56 1 1 5
PNT 68 56 1 1 2
PNT 69 56 2 1 5
PNT 71 56 3 1 4
PNT 0 57 1 1 4
PNT 1 57 1 1 3
PNT 2 57 1 1 0
PNT 3 57 1 1 4
PNT 4 57 1 1 3
PNT 5 57 1 1 4
PNT 6 57 1 1 3
PNT 8 57 4 1 3
PNT 12 57 2 1 5
PNT 22 57 1 1 5
PNT 24 57 1 1 2
PNT 25 57 1 1 6
PNT 26 57 2 1 5
PNT 28 57 4 1 4
PNT 32 57 1 1 5
PNT 33 57 1 1 4
PNT 34 57 1 1 2
PNT 35 57 1 1 5
PNT 36 57 2 1 4
PNT 38 57 1 1 2
PNT 39 57 1 1 3
PNT 40 57 1 1 2
PNT 41 57 17 1 7
PNT 58 57 1 1 5
PNT 60 57 1 1 5
PNT 61 57 2 1 4
PNT 64 57 2 1 5
PNT 66 57 1 1 6
PNT 67 57 1 1 4
PNT 68 57 1 1 6
PNT 70 57 3 1 5
PNT 73 57 1 1 4
PNT 74 57 1 1 5
PNT 0 58 1 1 0
PNT 1 58 1 1 2
PNT 2 58 2 1 3
PNT 4 58 1 1 4
PNT 5 58 4 1 3
PNT 9 58 1 1 0
PNT 10 58 2 1 3
PNT 12 58 2 1 5
PNT 14 58 8 1 0
PNT 22 58 1 1 5
PNT 23 58 1 1 0
PNT 24 58 1 1 6
PNT 26 58 3 1 5
PNT 29 58 1 1 4
PNT 30 58 1 1 0
PNT 31 58 2 1 4
PNT 33 58 2 1 5
PNT 36 58 1 1 5
PNT 37 58 2 1 4
PNT 39 58 1 1 0
PNT 40 58 1 1 4
PNT 41 58 1 1 0
PNT 42 58 2 1 6
PNT 44 58 1 1 4
PNT 45 58 1 1 0
PNT 46 58 2 1 6
PNT 48 58 1 1 4
PNT 49 58 1 1 0
PNT 50 58 2 1 6
PNT 52 58 1 1 4
PNT 53 58 1 1 0
PNT 54 58 2 1 6
PNT 56 58 2 1 4
PNT 58 58 1 1 2
PNT 59 58 3 1 5
PNT 62 58 3 1 4
PNT 65 58 1 1 6
PNT 66 58 1 1 5
PNT 67 58 1 1 0
PNT 68 58 1 1 2
PNT 69 58 1 1 6
PNT 70 58 4 1 5
PNT 74 58 1 1 4
PNT 75 58 1 1 5
PNT 76 58 52 1 0
PNT 0 59 2 1 0
PNT 2 59 1 1 4
PNT 3 59 2 1 3
PNT 5 59 1 1 4
PNT 6 59 5 1 3
PNT 11 59 1 1 4
PNT 12 59 10 1 0
PNT 22 59 1 1 5
PNT 23 59 1 1 0
PNT 24 59 1 1 2
PNT 25 59 1 1 6
PNT 26 59 4 1 5
PNT 30 59 1 1 4
PNT 31 59 1 1 0
PNT 32 59 1 1 4
PNT 33 59 1 1 5
PNT 34 59 1 1 2
PNT 35 59 1 1 5
PNT 36 59 4 1 4
PNT 40 59 1 1 5
PNT 41 59 2 1 4
PNT 43 59 1 1 0
PNT 44 59 1 1 5
PNT 45 59 2 1 4
PNT 47 59 1 1 0
PNT 48 59 1 1 5
PNT 49 59 2 1 4
PNT 51 59 1 1 0
PNT 52 59 1 1 5
PNT 53 59 3 1 4
PNT 56 59 2 1 5
PNT 58 59 1 1 4
PNT 60 59 2 1 4
PNT 62 59 1 1 0
PNT 63 59 1 1 4
PNT 64 59 1 1 0
PNT 65 59 1 1 6
PNT 66 59 1 1 5
PNT 67 59 1 1 0
PNT 68 59 1 1 6
PNT 70 59 4 1 5
PNT 74 59 1 1 4
PNT 75 59 1 1 5
PNT 76 59 52 1 0
PNT 3 60 1 1 4
PNT 4 60 7 1 3
PNT 11 60 1 1 4
PNT 22 60 1 1 5
PNT 24 60 1 1 6
PNT 26 60 4 1 5
PNT 30 60 1 1 4
PNT 32 60 1 1 4
PNT 33 60 2 1 5
PNT 36 60 5 1 4
PNT 42 60 3 1 4
PNT 46 60 3 1 4
PNT 50 60 3 1 4
PNT 54 60 3 1 4
PNT 57 60 2 1 5
PNT 59 60 1 1 2
PNT 60 60 1 1 5
PNT 62 60 2 1 4
PNT 65 60 1 1 6
PNT 66 60 1 1 5
PNT 68 60 1 1 2
PNT 69 60 1 1 6
PNT 70 60 4 1 5
PNT 74 60 1 1 4
PNT 75 60 1 1 5
PNT 4 61 1 1 4
PNT 5 61 1 1 3
PNT 7 61 4 1 3
PNT 22 61 1 1 5
PNT 24 61 1 1 2
PNT 25 61 1 1 6
PNT 26 61 4 1 5
PNT 30 61 1 1 4
PNT 32 61 1 1 4
PNT 33 61 1 1 5
PNT 34 61 1 1 2
PNT 35 61 1 1 5
PNT 36 61 4 1 4
PNT 54 61 3 1 4
PNT 57 61 1 1 2
PNT 58 61 2 1 5
PNT 62 61 2 1 4
PNT 65 61 1 1 6
PNT 66 61 1 1 5
PNT 68 61 2 1 6
PNT 70 61 4 1 5
PNT 74 61 1 1 4
PNT 75 61 1 1 5
PNT 0 62 4 1 0
PNT 4 62 4 1 3
PNT 8 62 1 1 0
PNT 9 62 2 1 3
PNT 11 62 11 1 0
PNT 22 62 1 1 5
PNT 23 62 1 1 0
PNT 24 62 1 1 6
PNT 26 62 4 1 5
PNT 30 62 1 1 4
PNT 31 62 1 1 0
PNT 32 62 1 1 4
PNT 33 62 2 1 5
PNT 36 62 4 1 4
PNT 40 62 14 1 0
PNT 54 62 3 1 4
PNT 57 62 2 1 5
PNT 59 62 1 1 2
PNT 60 62 1 1 5
PNT 61 62 1 1 0
PNT 62 62 2 1 4
PNT 64 62 1 1 0
PNT 65 62 1 1 6
PNT 66 62 1 1 5
PNT 67 62 1 1 0
PNT 68 62 1 1 2
PNT 69 62 1 1 6
PNT 70 62 4 1 5
PNT 74 62 1 1 4
PNT 75 62 1 1 5
PNT 76 62 52 1 0
PNT 0 63 6 1 0
PNT 6 63 3 1 3
PNT 9 63 1 1 0
PNT 10 63 1 1 3
PNT 11 63 11 1 0
PNT 22 63 1 1 5
PNT 23 63 1 1 0
PNT 24 63 1 1 2
PNT 25 63 1 1 6
PNT 26 63 4 1 5
PNT 30 63 1 1 4
PNT 31 63 1 1 0
PNT 32 63 1 1 4
PNT 33 63 1 1 5
PNT 34 63 1 1 2
PNT 35 63 1 1 5
PNT 36 63 4 1 4
PNT 40 63 15 1 0
PNT 55 63 2 1 4
PNT 57 63 3 1 5
PNT 61 63 1 1 0
PNT 62 63 2 1 4
PNT 64 63 1 1 0
PNT 65 63 1 1 6
PNT 66 63 1 1 5
PNT 67 63 1 1 0
PNT 68 63 2 1 6
PNT 70 63 4 1 5
PNT 74 63 1 1 4
PNT 75 63 1 1 5
PNT 76 63 52 1 0
PNT 5 64 1 1 3
PNT 7 64 3 1 3
PNT 22 64 1 1 5
PNT 24 64 1 1 6
PNT 26 64 4 1 5
PNT 30 64 1 1 4
PNT 32 64 1 1 4
PNT 33 64 2 1 5
PNT 36 64 4 1 4
PNT 55 64 3 1 4
PNT 58 64 2 1 5
PNT 60 64 1 1 2
PNT 61 64 1 1 5
PNT 62 64 2 1 4
PNT 65 64 1 1 6
PNT 66 64 1 1 5
PNT 68 64 1 1 2
PNT 69 64 1 1 6
PNT 70 64 4 1 5
PNT 74 64 1 1 4
PNT 75 64 1 1 5
PNT 8 65 2 1 3
PNT 22 65 1 1 5
PNT 24 65 1 1 2
PNT 25 65 1 1 6
PNT 26 65 4 1 5
PNT 30 65 1 1 4
PNT 32 65 1 1 4
PNT 33 65 1 1 5
PNT 34 65 1 1 2
PNT 35 65 1 1 5
PNT 36 65 4 1 4
PNT 55 65 3 1 4
PNT 58 65 1 1 3
PNT 59 65 2 1 5
PNT 62 65 2 1 4
PNT 65 65 1 1 6
PNT 66 65 1 1 5
PNT 67 65 2 1 6
PNT 69 65 4 1 5
PNT 73 65 1 1 4
PNT 75 65 1 1 5
PNT 0 66 6 1 0
PNT 6 66 1 1 2
PNT 7 66 2 1 0
PNT 9 66 1 1 3
PNT 10 66 12 1 0
PNT 22 66 1 1 5
PNT 23 66 1 1 0
PNT 24 66 1 1 6
PNT 26 66 4 1 5
PNT 30 66 1 1 4
PNT 31 66 1 1 0
PNT 32 66 1 1 4
PNT 33 66 2 1 5
PNT 36 66 4 1 4
PNT 40 66 15 1 0
PNT 55 66 3 1 4
PNT 58 66 2 1 5
PNT 60 66 1 1 2
PNT 61 66 1 1 5
PNT 62 66 3 1 4
PNT 65 66 1 1 6
PNT 66 66 1 1 5
PNT 67 66 1 1 2
PNT 68 66 1 1 6
PNT 69 66 4 1 5
PNT 73 66 1 1 4
PNT 74 66 1 1 5
PNT 75 66 53 1 0
PNT 0 67 22 1 0
PNT 22 67 1 1 5
PNT 23 67 1 1 0
PNT 24 67 1 1 2
PNT 25 67 1 1 6
PNT 26 67 4 1 5
PNT 30 67 1 1 4
PNT 31 67 1 1 0
PNT 32 67 1 1 4
PNT 33 67 1 1 5
PNT 34 67 1 1 2
PNT 35 67 1 1 5
PNT 36 67 4 1 4
PNT 40 67 16 1 0
PNT 56 67 2 1 4
PNT 58 67 1 1 5
PNT 59 67 1 1 4
PNT 60 67 1 1 5
PNT 62 67 2 1 4
PNT 64 67 1 1 0
PNT 65 67 1 1 6
PNT 66 67 1 1 5
PNT 67 67 2 1 6
PNT 69 67 4 1 5
PNT 73 67 1 1 4
PNT 74 67 1 1 5
PNT 75 67 53 1 0
PNT 22 68 1 1 5
PNT 23 68 1 1 6
PNT 24 68 1 1 7
PNT 25 68 1 1 6
PNT 26 68 5 1 5
PNT 32 68 1 1 4
PNT 33 68 1 1 5
PNT 34 68 1 1 6
PNT 35 68 1 1 5
PNT 36 68 4 1 4
PNT 56 68 3 1 4
PNT 59 68 2 1 5
PNT 61 68 1 1 2
PNT 62 68 1 1 4
PNT 65 68 1 1 6
PNT 66 68 1 1 5
PNT 67 68 1 1 2
PNT 68 68 1 1 6
PNT 69 68 4 1 5
PNT 73 68 1 1 4
PNT 74 68 1 1 5
PNT 22 69 1 1 5
PNT 23 69 2 1 7
PNT 25 69 1 1 6
PNT 26 69 2 1 5
PNT 28 69 1 1 6
PNT 29 69 2 1 5
PNT 31 69 2 1 4
PNT 33 69 2 1 6
PNT 35 69 1 1 5
PNT 36 69 1 1 4
PNT 37 69 1 1 6
PNT 38 69 1 1 5
PNT 39 69 1 1 4
PNT 56 69 8 1 6
PNT 65 69 2 1 5
PNT 67 69 1 1 7
PNT 68 69 1 1 6
PNT 69 69 1 1 5
PNT 70 69 1 1 6
PNT 71 69 1 1 5
PNT 72 69 1 1 4
PNT 73 69 1 1 5
PNT 0 70 21 1 2
PNT 21 70 1 1 6
PNT 22 70 6 1 7
PNT 28 70 2 1 5
PNT 30 70 1 1 2
PNT 31 70 1 1 4
PNT 32 70 6 1 6
PNT 38 70 2 1 5
PNT 40 70 17 1 2
PNT 57 70 1 1 5
PNT 58 70 6 1 6
PNT 64 70 1 1 2
PNT 65 70 6 1 7
PNT 71 70 1 1 6
PNT 72 70 1 1 4
PNT 73 70 1 1 5
PNT 74 70 54 1 2
PNT 0 71 16 1 2
PNT 19 71 3 1 2
PNT 22 71 6 1 7
PNT 28 71 4 1 2
PNT 32 71 6 1 6
PNT 38 71 11 1 2
PNT 51 71 8 1 2
PNT 59 71 1 1 4
PNT 60 71 5 1 2
PNT 65 71 8 1 7
PNT 73 71 1 1 6
PNT 74 71 7 1 2
PNT 83 71 13 1 2
PNT 99 71 13 1 2
PNT 115 71 9 1 2
PNT 127 71 1 1 2
PNT 0 72 18 1 3
PNT 18 72 71 1 2
PNT 89 72 39 1 3
PNT 0 73 20 1 2
PNT 87 73 41 1 2
PNT 16 76 2 1 2
PNT 22 76 2 1 2
PNT 27 76 5 1 2
PNT 50 76 14 1 2
PNT 82 76 6 1 2
PNT 90 76 6 1 2
PNT 112 76 8 1 2
PNT 123 76 5 1 2
PNT 0 80 24 1 2
PNT 26 80 38 1 2
PNT 66 80 38 1 2
PNT 106 80 22 1 2
PNT 0 82 8 1 2
PNT 18 82 54 1 2
PNT 80 82 14 1 2
PNT 98 82 30 1 2
PNT 0 83 24 1 2
PNT 32 83 2 1 2
PNT 38 83 18 1 2
PNT 64 83 10 1 2
PNT 78 83 10 1 2
PNT 96 83 18 1 2
PNT 118 83 2 1 2
PNT 0 86 24 1 2
PNT 30 86 50 1 2
PNT 86 86 42 1 2
PNT 0 87 52 1 2
PNT 58 87 50 1 2
PNT 114 87 14 1 2
PNT 0 88 128 1 2
PNT 0 89 128 1 2
PNT 0 90 128 1 2
PNT 0 91 128 1 2
PNT 0 92 128 1 2
PNT 0 93 128 1 2
PNT 0 94 128 1 2
PNT 0 95 128 1 2
REC 1
C FRAME 5
CLR 1
PNT 0 6 128 1 0
PNT 0 7 128 1 0
PNT 110 8 1 1 5
PNT 109 9 1 1 5
PNT 116 9 1 1 5
PNT 0 10 20 1 0
PNT 22 10 62 1 0
PNT 86 10 19 1 0
PNT 105 10 1 1 5
PNT 106 10 1 1 0
PNT 107 10 1 1 7
PNT 108 10 2 1 5
PNT 110 10 5 1 0
PNT 115 10 1 1 5
PNT 116 10 12 1 0
PNT 0 11 105 1 0
PNT 105 11 1 1 5
PNT 106 11 2 1 0
PNT 108 11 1 1 5
PNT 109 11 3 1 0
PNT 112 11 1 1 5
PNT 113 11 1 1 0
PNT 114 11 1 1 7
PNT 115 11 2 1 5
PNT 117 11 11 1 0
PNT 106 12 2 1 5
PNT 108 12 1 1 6
PNT 109 12 1 1 5
PNT 112 12 1 1 5
PNT 114 12 2 1 5
PNT 106 13 2 1 5
PNT 108 13 1 1 6
PNT 109 13 1 1 5
PNT 113 13 1 1 5
PNT 114 13 1 1 6
PNT 115 13 1 1 5
PNT 0 14 105 1 0
PNT 105 14 2 1 5
PNT 107 14 1 1 7
PNT 108 14 1 1 5
PNT 109 14 4 1 0
PNT 113 14 3 1 5
PNT 116 14 12 1 0
PNT 0 15 105 1 0
PNT 105 15 4 1 5
PNT 109 15 4 1 0
PNT 113 15 1 1 7
PNT 114 15 1 1 5
PNT 115 15 13 1 0
PNT 106 16 2 1 5
PNT 113 16 3 1 5
PNT 86 17 1 1 4
PNT 106 17 2 1 5
PNT 108 17 3 1 6
PNT 112 17 1 1 5
PNT 114 17 1 1 5
PNT 0 18 6 1 0
PNT 10 18 52 1 0
PNT 64 18 2 1 0
PNT 66 18 1 1 3
PNT 67 18 18 1 0
PNT 85 18 1 1 4
PNT 86 18 1 1 0
PNT 87 18 1 1 4
PNT 88 18 6 1 0
PNT 96 18 7 1 0
PNT 103 18 11 1 7
PNT 114 18 1 1 6
PNT 115 18 13 1 0
PNT 0 19 10 1 0
PNT 13 19 17 1 0
PNT 32 19 35 1 0
PNT 67 19 2 1 3
PNT 69 19 15 1 0
PNT 84 19 1 1 5
PNT 85 19 1 1 0
PNT 86 19 1 1 4
PNT 87 19 1 1 0
PNT 88 19 1 1 4
PNT 89 19 12 1 0
PNT 101 19 2 1 7
PNT 103 19 1 1 6
PNT 104 19 1 1 7
PNT 105 19 5 1 5
PNT 110 19 1 1 7
PNT 111 19 1 1 5
PNT 113 19 1 1 5
PNT 114 19 2 1 7
PNT 116 19 2 1 0
PNT 118 19 2 1 4
PNT 120 19 8 1 0
PNT 68 20 2 1 3
PNT 70 20 1 1 4
PNT 84 20 1 1 5
PNT 98 20 1 1 3
PNT 99 20 1 1 2
PNT 100 20 1 1 3
PNT 101 20 3 1 2
PNT 104 20 2 1 5
PNT 106 20 5 1 3
PNT 111 20 3 1 5
PNT 114 20 1 1 2
PNT 115 20 1 1 5
PNT 116 20 2 1 7
PNT 74 21 1 1 4
PNT 83 21 1 1 5
PNT 85 21 1 1 5
PNT 87 21 1 1 4
PNT 97 21 1 1 2
PNT 98 21 1 1 7
PNT 99 21 1 1 6
PNT 101 21 1 1 2
PNT 106 21 5 1 5
PNT 111 21 2 1 3
PNT 113 21 3 1 5
PNT 116 21 1 1 7
PNT 117 21 1 1 4
PNT 118 21 1 1 7
PNT 0 22 22 1 0
PNT 26 22 16 1 0
PNT 45 22 27 1 0
PNT 72 22 2 1 4
PNT 77 22 6 1 0
PNT 83 22 1 1 5
PNT 84 22 1 1 0
PNT 85 22 1 1 5
PNT 86 22 8 1 0
PNT 95 22 1 1 0
PNT 96 22 1 1 3
PNT 97 22 1 1 6
PNT 99 22 2 1 2
PNT 103 22 3 1 2
PNT 109 22 2 1 0
PNT 111 22 1 1 7
PNT 112 22 1 1 6
PNT 113 22 3 1 5
PNT 116 22 2 1 4
PNT 118 22 1 1 2
PNT 119 22 1 1 7
PNT 120 22 8 1 0
PNT 0 23 26 1 0
PNT 29 23 17 1 0
PNT 48 23 26 1 0
PNT 74 23 2 1 4
PNT 76 23 1 1 0
PNT 77 23 1 1 5
PNT 80 23 2 1 0
PNT 82 23 1 1 5
PNT 83 23 1 1 0
PNT 84 23 1 1 5
PNT 85 23 1 1 0
PNT 86 23 1 1 5
PNT 87 23 7 1 0
PNT 94 23 2 1 2
PNT 97 23 1 1 2
PNT 98 23 1 1 6
PNT 100 23 1 1 3
PNT 101 23 2 1 5
PNT 104 23 1 1 3
PNT 105 23 1 1 5
PNT 106 23 1 1 4
PNT 107 23 1 1 3
PNT 108 23 1 1 2
PNT 112 23 2 1 2
PNT 114 23 1 1 3
PNT 115 23 5 1 4
PNT 121 23 1 1 4
PNT 122 23 6 1 0
PNT 76 24 1 1 4
PNT 77 24 1 1 5
PNT 79 24 2 1 5
PNT 82 24 1 1 5
PNT 84 24 1 1 5
PNT 94 24 1 1 3
PNT 95 24 1 1 2
PNT 96 24 1 1 6
PNT 98 24 1 1 3
PNT 99 24 1 1 2
PNT 102 24 4 1 4
PNT 106 24 1 1 3
PNT 107 24 1 1 2
PNT 114 24 2 1 2
PNT 116 24 1 1 5
PNT 117 24 5 1 4
PNT 122 24 1 1 2
PNT 78 25 2 1 5
PNT 81 25 3 1 5
PNT 85 25 1 1 5
PNT 93 25 1 1 2
PNT 94 25 1 1 7
PNT 95 25 2 1 6
PNT 97 25 1 1 2
PNT 99 25 1 1 6
PNT 100 25 1 1 5
PNT 101 25 1 1 6
PNT 102 25 3 1 4
PNT 105 25 1 1 3
PNT 106 25 1 1 2
PNT 109 25 1 1 2
PNT 112 25 1 1 2
PNT 113 25 2 1 3
PNT 116 25 1 1 2
PNT 117 25 1 1 4
PNT 118 25 1 1 7
PNT 119 25 1 1 4
PNT 120 25 1 1 7
PNT 0 26 80 1 0
PNT 80 26 2 1 5
PNT 82 26 1 1 0
PNT 83 26 2 1 5
PNT 85 26 5 1 0
PNT 91 26 1 1 0
PNT 92 26 1 1 3
PNT 93 26 1 1 2
PNT 94 26 1 1 6
PNT 96 26 1 1 3
PNT 97 26 5 1 6
PNT 102 26 2 1 7
PNT 104 26 1 1 3
PNT 105 26 1 1 4
PNT 109 26 3 1 6
PNT 112 26 1 1 5
PNT 113 26 1 1 2
PNT 118 26 2 1 4
PNT 120 26 1 1 3
PNT 121 26 7 1 0
PNT 0 27 80 1 0
PNT 80 27 1 1 5
PNT 81 27 1 1 0
PNT 82 27 4 1 5
PNT 86 27 4 1 0
PNT 90 27 1 1 2
PNT 91 27 1 1 7
PNT 93 27 2 1 6
PNT 95 27 1 1 2
PNT 97 27 1 1 5
PNT 98 27 2 1 6
PNT 101 27 2 1 6
PNT 103 27 2 1 4
PNT 105 27 1 1 7
PNT 106 27 2 1 5
PNT 108 27 1 1 3
PNT 112 27 1 1 3
PNT 113 27 3 1 5
PNT 116 27 1 1 4
PNT 117 27 1 1 5
PNT 118 27 1 1 4
PNT 119 27 1 1 7
PNT 120 27 8 1 0
PNT 80 28 1 1 6
PNT 81 28 1 1 0
PNT 82 28 1 1 7
PNT 83 28 1 1 6
PNT 84 28 2 1 5
PNT 90 28 1 1 6
PNT 91 28 1 1 2
PNT 92 28 1 1 6
PNT 94 28 1 1 3
PNT 95 28 1 1 6
PNT 96 28 1 1 5
PNT 97 28 5 1 6
PNT 104 28 1 1 4
PNT 105 28 1 1 5
PNT 106 28 2 1 7
PNT 108 28 1 1 5
PNT 109 28 1 1 2
PNT 110 28 1 1 3
PNT 111 28 1 1 2
PNT 112 28 2 1 5
PNT 114 28 1 1 4
PNT 116 28 1 1 4
PNT 117 28 2 1 7
PNT 78 29 1 1 6
PNT 79 29 1 1 0
PNT 80 29 1 1 7
PNT 81 29 1 1 6
PNT 82 29 1 1 7
PNT 83 29 1 1 6
PNT 84 29 1 1 0
PNT 86 29 1 1 5
PNT 89 29 1 1 6
PNT 90 29 1 1 7
PNT 91 29 2 1 6
PNT 93 29 1 1 2
PNT 95 29 1 1 5
PNT 96 29 2 1 6
PNT 99 29 3 1 6
PNT 103 29 1 1 4
PNT 106 29 1 1 4
PNT 107 29 1 1 5
PNT 108 29 3 1 7
PNT 114 29 1 1 4
PNT 115 29 2 1 7
PNT 117 29 1 1 4
PNT 0 30 10 1 0
PNT 12 30 54 1 0
PNT 68 30 8 1 0
PNT 76 30 1 1 6
PNT 77 30 1 1 0
PNT 78 30 1 1 7
PNT 79 30 1 1 6
PNT 80 30 1 1 7
PNT 81 30 1 1 5
PNT 82 30 1 1 0
PNT 83 30 1 1 2
PNT 84 30 1 1 6
PNT 85 30 1 1 0
PNT 87 30 2 1 6
PNT 89 30 1 1 7
PNT 90 30 1 1 3
PNT 92 30 1 1 3
PNT 93 30 2 1 5
PNT 95 30 3 1 6
PNT 100 30 2 1 0
PNT 102 30 1 1 4
PNT 103 30 2 1 0
PNT 105 30 1 1 4
PNT 106 30 4 1 0
PNT 110 30 1 1 5
PNT 111 30 4 1 7
PNT 115 30 1 1 4
PNT 116 30 2 1 0
PNT 118 30 1 1 4
PNT 119 30 9 1 0
PNT 0 31 14 1 0
PNT 16 31 18 1 0
PNT 36 31 38 1 0
PNT 74 31 1 1 6
PNT 75 31 1 1 0
PNT 76 31 1 1 7
PNT 77 31 1 1 6
PNT 78 31 1 1 7
PNT 79 31 1 1 5
PNT 80 31 1 1 0
PNT 81 31 1 1 2
PNT 83 31 2 1 5
PNT 85 31 1 1 4
PNT 86 31 1 1 2
PNT 87 31 1 1 6
PNT 89 31 2 1 7
PNT 91 31 1 1 2
PNT 93 31 3 1 6
PNT 97 31 3 1 6
PNT 100 31 4 1 0
PNT 104 31 1 1 4
PNT 105 31 11 1 0
PNT 116 31 1 1 4
PNT 117 31 11 1 0
PNT 72 32 1 1 6
PNT 73 32 1 1 0
PNT 74 32 1 1 7
PNT 75 32 1 1 6
PNT 76 32 1 1 7
PNT 77 32 1 1 5
PNT 78 32 1 1 0
PNT 79 32 1 1 2
PNT 81 32 2 1 5
PNT 83 32 1 1 4
PNT 85 32 2 1 6
PNT 87 32 1 1 2
PNT 88 32 1 1 7
PNT 89 32 1 1 2
PNT 92 32 2 1 6
PNT 96 32 2 1 6
PNT 70 33 1 1 5
PNT 71 33 1 1 0
PNT 72 33 2 1 6
PNT 76 33 1 1 0
PNT 77 33 1 1 2
PNT 80 33 1 1 5
PNT 81 33 2 1 4
PNT 83 33 1 1 7
PNT 85 33 1 1 6
PNT 87 33 1 1 7
PNT 88 33 1 1 5
PNT 89 33 1 1 2
PNT 91 33 3 1 6
PNT 95 33 1 1 6
PNT 0 34 26 1 0
PNT 28 34 2 1 0
PNT 32 34 16 1 0
PNT 51 34 17 1 0
PNT 68 34 1 1 5
PNT 69 34 1 1 0
PNT 70 34 1 1 6
PNT 71 34 1 1 5
PNT 72 34 1 1 6
PNT 73 34 1 1 5
PNT 74 34 1 1 0
PNT 75 34 1 1 2
PNT 77 34 2 1 5
PNT 79 34 1 1 4
PNT 83 34 1 1 4
PNT 84 34 1 1 6
PNT 85 34 1 1 2
PNT 86 34 1 1 6
PNT 87 34 1 1 7
PNT 88 34 1 1 3
PNT 89 34 1 1 5
PNT 90 34 6 1 6
PNT 96 34 16 1 0
PNT 115 34 13 1 0
PNT 0 35 32 1 0
PNT 35 35 9 1 0
PNT 44 35 6 1 7
PNT 52 35 8 1 7
PNT 60 35 1 1 6
PNT 61 35 5 1 0
PNT 66 35 1 1 5
PNT 67 35 1 1 0
PNT 68 35 1 1 6
PNT 69 35 1 1 5
PNT 70 35 1 1 6
PNT 71 35 1 1 4
PNT 72 35 1 1 0
PNT 73 35 1 1 2
PNT 75 35 2 1 5
PNT 77 35 2 1 4
PNT 79 35 1 1 6
PNT 80 35 2 1 4
PNT 85 35 1 1 6
PNT 86 35 1 1 7
PNT 87 35 1 1 2
PNT 89 35 3 1 6
PNT 93 35 3 1 6
PNT 96 35 18 1 0
PNT 116 35 12 1 0
PNT 38 36 1 1 2
PNT 40 36 4 1 7
PNT 44 36 14 1 6
PNT 58 36 1 1 2
PNT 59 36 1 1 6
PNT 60 36 4 1 7
PNT 64 36 1 1 4
PNT 65 36 1 1 0
PNT 66 36 1 1 6
PNT 67 36 1 1 5
PNT 68 36 1 1 6
PNT 69 36 1 1 4
PNT 70 36 1 1 0
PNT 71 36 1 1 2
PNT 73 36 4 1 4
PNT 77 36 1 1 6
PNT 78 36 2 1 4
PNT 80 36 1 1 6
PNT 81 36 1 1 5
PNT 82 36 3 1 6
PNT 86 36 1 1 7
PNT 87 36 1 1 2
PNT 88 36 6 1 6
PNT 34 37 1 1 2
PNT 36 37 4 1 7
PNT 40 37 2 1 6
PNT 42 37 1 1 2
PNT 43 37 1 1 6
PNT 44 37 1 1 2
PNT 45 37 1 1 6
PNT 46 37 1 1 2
PNT 47 37 15 1 6
PNT 62 37 1 1 2
PNT 63 37 1 1 0
PNT 64 37 4 1 7
PNT 68 37 1 1 0
PNT 69 37 1 1 2
PNT 71 37 2 1 4
PNT 73 37 1 1 3
PNT 74 37 1 1 4
PNT 75 37 1 1 6
PNT 76 37 2 1 4
PNT 78 37 4 1 5
PNT 83 37 1 1 6
PNT 85 37 2 1 7
PNT 87 37 2 1 6
PNT 89 37 1 1 5
PNT 91 37 3 1 6
PNT 0 38 10 1 0
PNT 10 38 1 1 2
PNT 11 38 19 1 0
PNT 30 38 1 1 2
PNT 31 38 1 1 0
PNT 32 38 4 1 7
PNT 36 38 2 1 6
PNT 38 38 1 1 2
PNT 39 38 1 1 6
PNT 40 38 1 1 2
PNT 41 38 1 1 6
PNT 42 38 1 1 7
PNT 43 38 1 1 0
PNT 44 38 3 1 7
PNT 47 38 1 1 0
PNT 48 38 3 1 7
PNT 51 38 1 1 0
PNT 52 38 1 1 7
PNT 54 38 1 1 7
PNT 55 38 1 1 0
PNT 56 38 1 1 6
PNT 58 38 1 1 6
PNT 60 38 1 1 6
PNT 61 38 1 1 0
PNT 62 38 1 1 5
PNT 64 38 1 1 5
PNT 65 38 1 1 4
PNT 66 38 1 1 0
PNT 67 38 1 1 2
PNT 69 38 3 1 7
PNT 72 38 1 1 3
PNT 73 38 1 1 6
PNT 74 38 2 1 4
PNT 76 38 2 1 0
PNT 78 38 1 1 6
PNT 79 38 3 1 5
PNT 84 38 1 1 3
PNT 85 38 1 1 7
PNT 86 38 1 1 3
PNT 87 38 1 1 6
PNT 88 38 4 1 5
PNT 92 38 36 1 0
PNT 0 39 9 1 0
PNT 9 39 1 1 3
PNT 10 39 18 1 0
PNT 29 39 3 1 7
PNT 32 39 2 1 4
PNT 34 39 1 1 2
PNT 35 39 1 1 6
PNT 36 39 1 1 2
PNT 37 39 1 1 6
PNT 38 39 1 1 7
PNT 39 39 1 1 0
PNT 40 39 5 1 7
PNT 45 39 1 1 0
PNT 46 39 2 1 7
PNT 48 39 1 1 0
PNT 49 39 2 1 7
PNT 51 39 1 1 0
PNT 52 39 2 1 7
PNT 54 39 1 1 0
PNT 55 39 4 1 7
PNT 59 39 1 1 0
PNT 60 39 2 1 6
PNT 62 39 1 1 5
PNT 63 39 2 1 3
PNT 65 39 1 1 2
PNT 67 39 2 1 4
PNT 69 39 1 1 3
PNT 70 39 1 1 2
PNT 71 39 1 1 5
PNT 72 39 4 1 7
PNT 76 39 2 1 0
PNT 78 39 2 1 5
PNT 81 39 2 1 5
PNT 83 39 1 1 2
PNT 84 39 1 1 7
PNT 85 39 1 1 5
PNT 86 39 1 1 6
PNT 87 39 1 1 5
PNT 89 39 3 1 5
PNT 92 39 36 1 0
PNT 6 40 1 1 4
PNT 8 40 1 1 3
PNT 11 40 1 1 6
PNT 25 40 2 1 6
PNT 27 40 2 1 7
PNT 29 40 3 1 4
PNT 32 40 1 1 2
PNT 33 40 1 1 6
PNT 34 40 1 1 7
PNT 35 40 1 1 0
PNT 36 40 3 1 7
PNT 39 40 1 1 0
PNT 40 40 1 1 7
PNT 42 40 1 1 7
PNT 43 40 1 1 6
PNT 44 40 1 1 2
PNT 45 40 1 1 5
PNT 46 40 1 1 7
PNT 48 40 2 1 5
PNT 50 40 1 1 7
PNT 51 40 2 1 5
PNT 54 40 1 1 7
PNT 55 40 1 1 5
PNT 56 40 1 1 7
PNT 57 40 1 1 0
PNT 58 40 2 1 7
PNT 60 40 1 1 4
PNT 61 40 1 1 5
PNT 62 40 1 1 7
PNT 63 40 1 1 2
PNT 65 40 2 1 3
PNT 67 40 2 1 6
PNT 70 40 1 1 6
PNT 73 40 2 1 5
PNT 75 40 1 1 6
PNT 76 40 3 1 7
PNT 79 40 3 1 5
PNT 82 40 1 1 2
PNT 83 40 1 1 7
PNT 84 40 1 1 5
PNT 85 40 1 1 2
PNT 86 40 2 1 5
PNT 89 40 1 1 5
PNT 5 41 1 1 4
PNT 7 41 1 1 4
PNT 9 41 1 1 6
PNT 12 41 1 1 6
PNT 23 41 2 1 6
PNT 25 41 2 1 7
PNT 27 41 1 1 4
PNT 28 41 1 1 2
PNT 29 41 1 1 6
PNT 30 41 1 1 2
PNT 31 41 1 1 0
PNT 32 41 4 1 7
PNT 36 41 1 1 0
PNT 37 41 2 1 7
PNT 39 41 2 1 6
PNT 41 41 4 1 5
PNT 45 41 1 1 2
PNT 46 41 1 1 5
PNT 47 41 1 1 2
PNT 48 41 1 1 5
PNT 49 41 1 1 2
PNT 50 41 1 1 5
PNT 51 41 1 1 2
PNT 52 41 1 1 5
PNT 53 41 1 1 2
PNT 54 41 1 1 5
PNT 55 41 2 1 2
PNT 57 41 1 1 5
PNT 58 41 1 1 7
PNT 59 41 1 1 5
PNT 60 41 1 1 3
PNT 61 41 1 1 5
PNT 63 41 1 1 0
PNT 64 41 2 1 7
PNT 66 41 1 1 6
PNT 67 41 1 1 0
PNT 68 41 1 1 3
PNT 69 41 4 1 6
PNT 74 41 1 1 2
PNT 75 41 1 1 6
PNT 77 41 2 1 5
PNT 79 41 2 1 7
PNT 81 41 1 1 5
PNT 82 41 2 1 7
PNT 84 41 1 1 6
PNT 85 41 1 1 5
PNT 87 41 2 1 5
PNT 89 41 1 1 2
PNT 0 42 4 1 0
PNT 4 42 1 1 5
PNT 5 42 1 1 0
PNT 6 42 4 1 4
PNT 10 42 1 1 6
PNT 11 42 1 1 0
PNT 12 42 1 1 6
PNT 13 42 8 1 0
PNT 21 42 1 1 7
PNT 22 42 1 1 6
PNT 23 42 2 1 7
PNT 25 42 1 1 5
PNT 26 42 1 1 2
PNT 27 42 1 1 0
PNT 28 42 1 1 6
PNT 29 42 1 1 7
PNT 30 42 2 1 6
PNT 32 42 1 1 7
PNT 33 42 1 1 0
PNT 34 42 1 1 7
PNT 36 42 1 1 6
PNT 37 42 3 1 5
PNT 40 42 1 1 0
PNT 42 42 1 1 5
PNT 43 42 1 1 0
PNT 44 42 1 1 5
PNT 46 42 1 1 0
PNT 47 42 2 1 5
PNT 49 42 1 1 0
PNT 50 42 2 1 5
PNT 52 42 2 1 0
PNT 54 42 1 1 5
PNT 55 42 1 1 0
PNT 56 42 1 1 5
PNT 57 42 1 1 2
PNT 58 42 1 1 0
PNT 59 42 1 1 2
PNT 60 42 1 1 5
PNT 61 42 1 1 2
PNT 62 42 1 1 7
PNT 63 42 1 1 5
PNT 64 42 1 1 7
PNT 65 42 1 1 2
PNT 66 42 1 1 0
PNT 67 42 1 1 7
PNT 68 42 1 1 6
PNT 69 42 1 1 2
PNT 70 42 1 1 6
PNT 71 42 1 1 0
PNT 72 42 2 1 6
PNT 77 42 4 1 5
PNT 81 42 1 1 7
PNT 82 42 2 1 6
PNT 84 42 1 1 3
PNT 85 42 1 1 5
PNT 86 42 1 1 2
PNT 88 42 1 1 2
PNT 89 42 39 1 0
PNT 0 43 3 1 0
PNT 3 43 4 1 5
PNT 7 43 2 1 4
PNT 9 43 1 1 0
PNT 10 43 2 1 4
PNT 12 43 1 1 0
PNT 13 43 1 1 6
PNT 14 43 1 1 0
PNT 15 43 1 1 7
PNT 16 43 3 1 6
PNT 19 43 2 1 7
PNT 21 43 1 1 2
PNT 22 43 1 1 7
PNT 23 43 1 1 5
PNT 24 43 1 1 2
PNT 25 43 1 1 5
PNT 26 43 1 1 6
PNT 27 43 1 1 7
PNT 28 43 2 1 6
PNT 30 43 1 1 7
PNT 31 43 1 1 6
PNT 32 43 1 1 2
PNT 33 43 2 1 6
PNT 35 43 2 1 5
PNT 37 43 1 1 0
PNT 38 43 2 1 5
PNT 40 43 1 1 3
PNT 41 43 1 1 5
PNT 43 43 1 1 5
PNT 44 43 1 1 3
PNT 45 43 1 1 6
PNT 47 43 1 1 5
PNT 48 43 1 1 3
PNT 49 43 1 1 6
PNT 51 43 1 1 5
PNT 52 43 1 1 3
PNT 53 43 1 1 6
PNT 55 43 1 1 5
PNT 56 43 1 1 3
PNT 58 43 2 1 5
PNT 60 43 3 1 2
PNT 63 43 1 1 5
PNT 64 43 1 1 2
PNT 65 43 1 1 5
PNT 66 43 1 1 7
PNT 67 43 3 1 4
PNT 70 43 1 1 3
PNT 71 43 1 1 6
PNT 73 43 2 1 6
PNT 75 43 1 1 0
PNT 76 43 1 1 6
PNT 78 43 1 1 2
PNT 79 43 1 1 6
PNT 81 43 2 1 6
PNT 83 43 1 1 2
PNT 84 43 1 1 5
PNT 85 43 1 1 2
PNT 86 43 1 1 5
PNT 87 43 1 1 2
PNT 88 43 2 1 4
PNT 90 43 38 1 0
PNT 2 44 1 1 5
PNT 3 44 3 1 4
PNT 6 44 1 1 5
PNT 7 44 1 1 0
PNT 8 44 5 1 4
PNT 13 44 1 1 7
PNT 14 44 1 1 2
PNT 15 44 4 1 6
PNT 19 44 1 1 2
PNT 20 44 1 1 7
PNT 21 44 1 1 3
PNT 22 44 2 1 5
PNT 24 44 1 1 6
PNT 25 44 2 1 7
PNT 27 44 1 1 6
PNT 29 44 1 1 2
PNT 30 44 2 1 5
PNT 32 44 1 1 6
PNT 34 44 1 1 0
PNT 35 44 1 1 5
PNT 36 44 1 1 3
PNT 37 44 1 1 5
PNT 39 44 1 1 5
PNT 40 44 1 1 6
PNT 41 44 1 1 2
PNT 42 44 1 1 5
PNT 44 44 1 1 3
PNT 45 44 1 1 6
PNT 46 44 1 1 5
PNT 48 44 2 1 6
PNT 52 44 1 1 6
PNT 53 44 1 1 2
PNT 54 44 1 1 5
PNT 57 44 1 1 6
PNT 59 44 1 1 2
PNT 60 44 1 1 3
PNT 62 44 1 1 0
PNT 63 44 1 1 2
PNT 64 44 1 1 3
PNT 65 44 1 1 4
PNT 66 44 2 1 2
PNT 68 44 1 1 7
PNT 69 44 1 1 2
PNT 70 44 1 1 7
PNT 71 44 1 1 2
PNT 72 44 1 1 4
PNT 73 44 5 1 6
PNT 78 44 1 1 7
PNT 80 44 1 1 2
PNT 81 44 1 1 6
PNT 82 44 1 1 3
PNT 83 44 1 1 5
PNT 84 44 1 1 2
PNT 85 44 1 1 4
PNT 86 44 1 1 2
PNT 87 44 1 1 3
PNT 88 44 2 1 4
PNT 91 44 2 1 5
PNT 2 45 2 1 4
PNT 4 45 1 1 5
PNT 5 45 1 1 0
PNT 6 45 2 1 4
PNT 8 45 2 1 5
PNT 10 45 1 1 4
PNT 11 45 1 1 7
PNT 12 45 1 1 2
PNT 14 45 3 1 6
PNT 17 45 1 1 2
PNT 18 45 1 1 3
PNT 19 45 1 1 7
PNT 20 45 2 1 5
PNT 22 45 1 1 2
PNT 23 45 1 1 7
PNT 24 45 2 1 6
PNT 27 45 1 1 7
PNT 28 45 3 1 5
PNT 32 45 1 1 3
PNT 33 45 1 1 2
PNT 35 45 1 1 2
PNT 36 45 2 1 6
PNT 38 45 1 1 2
PNT 40 45 2 1 6
PNT 42 45 2 1 5
PNT 45 45 1 1 2
PNT 46 45 2 1 5
PNT 49 45 3 1 5
PNT 53 45 3 1 5
PNT 57 45 1 1 5
PNT 58 45 1 1 2
PNT 60 45 2 1 6
PNT 62 45 1 1 4
PNT 63 45 1 1 2
PNT 64 45 6 1 6
PNT 70 45 1 1 2
PNT 71 45 1 1 7
PNT 72 45 1 1 3
PNT 73 45 1 1 6
PNT 74 45 1 1 7
PNT 75 45 1 1 6
PNT 77 45 1 1 2
PNT 78 45 1 1 0
PNT 79 45 1 1 2
PNT 80 45 1 1 6
PNT 81 45 1 1 2
PNT 82 45 1 1 5
PNT 83 45 1 1 2
PNT 84 45 1 1 3
PNT 85 45 1 1 2
PNT 86 45 2 1 4
PNT 88 45 1 1 2
PNT 89 45 2 1 5
PNT 0 46 1 1 0
PNT 1 46 1 1 5
PNT 2 46 1 1 6
PNT 3 46 1 1 0
PNT 4 46 2 1 4
PNT 6 46 2 1 5
PNT 8 46 1 1 4
PNT 9 46 1 1 7
PNT 10 46 1 1 2
PNT 12 46 1 1 7
PNT 13 46 1 1 6
PNT 14 46 1 1 4
PNT 15 46 1 1 6
PNT 16 46 1 1 3
PNT 17 46 1 1 6
PNT 18 46 1 1 7
PNT 19 46 1 1 5
PNT 20 46 1 1 6
PNT 21 46 1 1 7
PNT 22 46 1 1 6
PNT 23 46 1 1 3
PNT 25 46 1 1 7
PNT 26 46 3 1 5
PNT 30 46 2 1 5
PNT 32 46 1 1 2
PNT 33 46 1 1 6
PNT 34 46 1 1 5
PNT 36 46 1 1 6
PNT 37 46 1 1 2
PNT 38 46 2 1 5
PNT 41 46 1 1 5
PNT 43 46 2 1 5
PNT 46 46 1 1 3
PNT 47 46 2 1 5
PNT 51 46 2 1 5
PNT 55 46 2 1 5
PNT 59 46 1 1 5
PNT 61 46 1 1 4
PNT 62 46 1 1 3
PNT 63 46 2 1 6
PNT 65 46 1 1 7
PNT 66 46 1 1 6
PNT 67 46 1 1 7
PNT 68 46 5 1 6
PNT 73 46 1 1 2
PNT 75 46 2 1 4
PNT 77 46 1 1 6
PNT 78 46 1 1 2
PNT 79 46 1 1 6
PNT 80 46 2 1 3
PNT 82 46 1 1 2
PNT 83 46 1 1 5
PNT 84 46 1 1 3
PNT 85 46 1 1 2
PNT 86 46 2 1 4
PNT 88 46 1 1 5
PNT 89 46 1 1 4
PNT 90 46 1 1 0
PNT 91 46 2 1 4
PNT 93 46 35 1 0
PNT 0 47 2 1 0
PNT 2 47 2 1 4
PNT 4 47 2 1 5
PNT 6 47 1 1 4
PNT 7 47 1 1 6
PNT 8 47 1 1 2
PNT 10 47 1 1 7
PNT 11 47 1 1 6
PNT 12 47 2 1 4
PNT 14 47 1 1 6
PNT 15 47 1 1 2
PNT 16 47 1 1 6
PNT 17 47 1 1 5
PNT 18 47 1 1 4
PNT 19 47 1 1 7
PNT 20 47 2 1 6
PNT 24 47 1 1 2
PNT 25 47 2 1 5
PNT 28 47 4 1 5
PNT 32 47 1 1 2
PNT 33 47 1 1 6
PNT 34 47 2 1 5
PNT 37 47 1 1 5
PNT 39 47 2 1 5
PNT 42 47 2 1 5
PNT 44 47 1 1 6
PNT 45 47 1 1 2
PNT 46 47 1 1 6
PNT 47 47 1 1 2
PNT 48 47 1 1 6
PNT 49 47 1 1 2
PNT 50 47 3 1 6
PNT 53 47 1 1 2
PNT 54 47 3 1 6
PNT 57 47 1 1 2
PNT 58 47 2 1 6
PNT 60 47 1 1 4
PNT 61 47 1 1 2
PNT 62 47 1 1 6
PNT 63 47 1 1 7
PNT 64 47 3 1 2
PNT 67 47 5 1 6
PNT 73 47 1 1 6
PNT 74 47 1 1 3
PNT 75 47 1 1 2
PNT 76 47 1 1 6
PNT 77 47 1 1 4
PNT 78 47 1 1 0
PNT 79 47 1 1 2
PNT 80 47 2 1 6
PNT 82 47 1 1 2
PNT 83 47 1 1 5
PNT 84 47 1 1 2
PNT 86 47 5 1 4
PNT 91 47 37 1 0
PNT 0 48 1 1 7
PNT 1 48 1 1 5
PNT 2 48 1 1 4
PNT 3 48 3 1 5
PNT 8 48 1 1 7
PNT 9 48 1 1 5
PNT 10 48 2 1 4
PNT 12 48 1 1 6
PNT 13 48 1 1 4
PNT 14 48 1 1 3
PNT 15 48 2 1 5
PNT 17 48 1 1 2
PNT 18 48 1 1 7
PNT 19 48 1 1 4
PNT 23 48 2 1 5
PNT 25 48 1 1 3
PNT 26 48 4 1 5
PNT 30 48 2 1 2
PNT 33 48 1 1 5
PNT 35 48 2 1 2
PNT 38 48 2 1 5
PNT 40 48 1 1 2
PNT 41 48 3 1 6
PNT 44 48 1 1 2
PNT 45 48 3 1 6
PNT 48 48 1 1 3
PNT 49 48 3 1 6
PNT 52 48 1 1 2
PNT 53 48 3 1 6
PNT 56 48 1 1 2
PNT 57 48 2 1 6
PNT 59 48 1 1 2
PNT 60 48 1 1 3
PNT 61 48 1 1 7
PNT 62 48 2 1 2
PNT 64 48 3 1 6
PNT 67 48 3 1 5
PNT 71 48 1 1 2
PNT 72 48 3 1 6
PNT 75 48 2 1 2
PNT 78 48 1 1 3
PNT 79 48 1 1 4
PNT 80 48 1 1 3
PNT 81 48 1 1 6
PNT 84 48 2 1 5
PNT 87 48 3 1 4
PNT 0 49 3 1 4
PNT 3 49 2 1 5
PNT 5 49 1 1 6
PNT 6 49 1 1 2
PNT 7 49 1 1 5
PNT 8 49 2 1 4
PNT 10 49 1 1 5
PNT 11 49 1 1 4
PNT 12 49 2 1 3
PNT 14 49 1 1 6
PNT 15 49 2 1 2
PNT 17 49 1 1 5
PNT 18 49 1 1 7
PNT 20 49 1 1 7
PNT 21 49 2 1 5
PNT 25 49 1 1 5
PNT 26 49 1 1 2
PNT 27 49 3 1 5
PNT 30 49 1 1 2
PNT 31 49 2 1 5
PNT 34 49 2 1 2
PNT 36 49 2 1 6
PNT 38 49 1 1 5
PNT 39 49 2 1 2
PNT 41 49 1 1 6
PNT 42 49 1 1 5
PNT 43 49 2 1 2
PNT 45 49 1 1 6
PNT 46 49 1 1 5
PNT 47 49 3 1 2
PNT 50 49 1 1 5
PNT 51 49 2 1 2
PNT 53 49 1 1 6
PNT 54 49 1 1 5
PNT 55 49 2 1 2
PNT 57 49 1 1 6
PNT 59 49 1 1 2
PNT 60 49 1 1 6
PNT 61 49 1 1 2
PNT 62 49 2 1 6
PNT 64 49 4 1 5
PNT 69 49 3 1 5
PNT 73 49 1 1 2
PNT 74 49 2 1 6
PNT 76 49 1 1 3
PNT 77 49 1 1 2
PNT 78 49 2 1 5
PNT 82 49 1 1 5
PNT 83 49 2 1 7
PNT 85 49 1 1 5
PNT 86 49 1 1 4
PNT 88 49 2 1 4
PNT 0 50 1 1 4
PNT 1 50 4 1 5
PNT 6 50 2 1 4
PNT 8 50 1 1 5
PNT 9 50 1 1 4
PNT 10 50 3 1 3
PNT 13 50 2 1 2
PNT 16 50 1 1 0
PNT 18 50 1 1 3
PNT 19 50 2 1 7
PNT 21 50 1 1 4
PNT 22 50 1 1 7
PNT 23 50 3 1 5
PNT 27 50 1 1 3
PNT 28 50 1 1 5
PNT 29 50 2 1 2
PNT 31 50 3 1 4
PNT 34 50 1 1 2
PNT 35 50 1 1 5
PNT 36 50 2 1 4
PNT 38 50 2 1 2
PNT 40 50 2 1 0
PNT 42 50 2 1 2
PNT 44 50 2 1 0
PNT 46 50 2 1 2
PNT 48 50 2 1 0
PNT 50 50 1 1 3
PNT 51 50 1 1 2
PNT 52 50 2 1 0
PNT 54 50 2 1 2
PNT 56 50 2 1 0
PNT 58 50 1 1 3
PNT 60 50 1 1 0
PNT 62 50 1 1 3
PNT 63 50 1 1 5
PNT 65 50 1 1 4
PNT 68 50 2 1 4
PNT 70 50 5 1 5
PNT 75 50 1 1 4
PNT 77 50 3 1 5
PNT 80 50 3 1 7
PNT 83 50 1 1 5
PNT 85 50 1 1 5
PNT 86 50 2 1 0
PNT 89 50 39 1 0
PNT 0 51 1 1 4
PNT 1 51 3 1 5
PNT 4 51 1 1 2
PNT 5 51 1 1 4
PNT 6 51 1 1 5
PNT 7 51 1 1 4
PNT 8 51 3 1 3
PNT 11 51 1 1 2
PNT 12 51 1 1 3
PNT 13 51 1 1 4
PNT 14 51 1 1 0
PNT 16 51 2 1 5
PNT 18 51 1 1 6
PNT 20 51 1 1 5
PNT 21 51 2 1 7
PNT 23 51 1 1 5
PNT 24 51 1 1 7
PNT 25 51 3 1 5
PNT 29 51 1 1 5
PNT 30 51 1 1 2
PNT 32 51 1 1 4
PNT 33 51 2 1 2
PNT 35 51 3 1 4
PNT 38 51 1 1 2
PNT 39 51 3 1 4
PNT 42 51 1 1 2
PNT 43 51 3 1 4
PNT 46 51 1 1 2
PNT 47 51 3 1 4
PNT 50 51 2 1 2
PNT 52 51 2 1 4
PNT 54 51 1 1 2
PNT 55 51 2 1 4
PNT 57 51 1 1 2
PNT 58 51 2 1 4
PNT 61 51 1 1 4
PNT 63 51 1 1 3
PNT 65 51 2 1 4
PNT 67 51 1 1 2
PNT 70 51 1 1 2
PNT 71 51 1 1 4
PNT 73 51 2 1 4
PNT 75 51 1 1 5
PNT 76 51 1 1 7
PNT 77 51 1 1 5
PNT 78 51 3 1 7
PNT 81 51 1 1 3
PNT 82 51 1 1 4
PNT 83 51 2 1 0
PNT 86 51 3 1 0
PNT 90 51 38 1 0
PNT 0 52 2 1 5
PNT 2 52 1 1 3
PNT 4 52 2 1 4
PNT 6 52 3 1 3
PNT 9 52 1 1 5
PNT 10 52 2 1 3
PNT 12 52 1 1 0
PNT 14 52 1 1 4
PNT 15 52 1 1 5
PNT 16 52 1 1 6
PNT 18 52 2 1 5
PNT 20 52 2 1 3
PNT 22 52 1 1 5
PNT 23 52 2 1 7
PNT 25 52 4 1 5
PNT 29 52 1 1 3
PNT 31 52 1 1 4
PNT 32 52 1 1 2
PNT 34 52 1 1 5
PNT 36 52 3 1 2
PNT 39 52 2 1 4
PNT 41 52 2 1 2
PNT 43 52 2 1 4
PNT 45 52 2 1 2
PNT 47 52 2 1 4
PNT 49 52 2 1 2
PNT 51 52 1 1 4
PNT 52 52 1 1 3
PNT 53 52 1 1 2
PNT 54 52 2 1 4
PNT 56 52 1 1 3
PNT 58 52 2 1 4
PNT 60 52 1 1 2
PNT 64 52 2 1 3
PNT 66 52 1 1 5
PNT 67 52 5 1 4
PNT 72 52 1 1 7
PNT 74 52 4 1 7
PNT 78 52 1 1 6
PNT 79 52 1 1 3
PNT 80 52 2 1 5
PNT 1 53 1 1 3
PNT 2 53 1 1 2
PNT 3 53 1 1 4
PNT 4 53 3 1 3
PNT 7 53 1 1 4
PNT 8 53 2 1 3
PNT 10 53 1 1 0
PNT 11 53 1 1 3
PNT 13 53 1 1 4
PNT 14 53 1 1 5
PNT 15 53 1 1 4
PNT 16 53 2 1 6
PNT 18 53 2 1 5
PNT 22 53 2 1 3
PNT 24 53 1 1 6
PNT 25 53 2 1 7
PNT 27 53 1 1 5
PNT 28 53 1 1 7
PNT 29 53 1 1 5
PNT 30 53 1 1 2
PNT 31 53 1 1 5
PNT 33 53 2 1 3
PNT 35 53 1 1 5
PNT 36 53 1 1 2
PNT 37 53 2 1 5
PNT 40 53 1 1 2
PNT 41 53 1 1 4
PNT 42 53 1 1 2
PNT 44 53 1 1 2
PNT 46 53 1 1 4
PNT 48 53 1 1 2
PNT 49 53 2 1 4
PNT 52 53 2 1 2
PNT 54 53 1 1 3
PNT 55 53 1 1 2
PNT 56 53 4 1 4
PNT 61 53 1 1 5
PNT 63 53 1 1 5
PNT 65 53 1 1 5
PNT 66 53 2 1 3
PNT 68 53 1 1 7
PNT 69 53 1 1 6
PNT 70 53 4 1 7
PNT 74 53 2 1 6
PNT 76 53 3 1 3
PNT 80 53 2 1 5
PNT 0 54 1 1 5
PNT 2 54 1 1 4
PNT 3 54 2 1 3
PNT 5 54 1 1 4
PNT 6 54 2 1 3
PNT 8 54 1 1 0
PNT 9 54 2 1 3
PNT 12 54 1 1 4
PNT 13 54 3 1 5
PNT 16 54 2 1 6
PNT 18 54 5 1 0
PNT 23 54 1 1 7
PNT 24 54 1 1 6
PNT 25 54 2 1 3
PNT 27 54 3 1 7
PNT 30 54 2 1 3
PNT 32 54 1 1 7
PNT 33 54 1 1 5
PNT 35 54 8 1 5
PNT 43 54 1 1 0
PNT 44 54 3 1 5
PNT 47 54 1 1 0
PNT 48 54 3 1 5
PNT 51 54 1 1 0
PNT 52 54 3 1 5
PNT 55 54 1 1 4
PNT 57 54 1 1 5
PNT 59 54 5 1 5
PNT 64 54 1 1 7
PNT 66 54 2 1 7
PNT 68 54 1 1 2
PNT 69 54 1 1 7
PNT 70 54 6 1 3
PNT 76 54 2 1 5
PNT 78 54 1 1 0
PNT 79 54 2 1 4
PNT 81 54 47 1 0
PNT 0 55 1 1 3
PNT 1 55 1 1 2
PNT 2 55 1 1 3
PNT 3 55 1 1 4
PNT 4 55 2 1 3
PNT 6 55 1 1 0
PNT 7 55 1 1 3
PNT 8 55 2 1 0
PNT 11 55 1 1 0
PNT 12 55 1 1 5
PNT 13 55 1 1 0
PNT 14 55 2 1 5
PNT 16 55 1 1 0
PNT 17 55 1 1 4
PNT 18 55 5 1 0
PNT 23 55 1 1 7
PNT 24 55 1 1 2
PNT 25 55 1 1 4
PNT 26 55 2 1 5
PNT 28 55 1 1 4
PNT 29 55 1 1 5
PNT 30 55 3 1 7
PNT 33 55 1 1 3
PNT 34 55 1 1 2
PNT 35 55 1 1 6
PNT 36 55 1 1 7
PNT 37 55 1 1 5
PNT 39 55 7 1 5
PNT 47 55 1 1 5
PNT 49 55 1 1 5
PNT 51 55 1 1 5
PNT 53 55 1 1 5
PNT 55 55 1 1 4
PNT 56 55 4 1 5
PNT 60 55 1 1 7
PNT 61 55 1 1 5
PNT 62 55 4 1 7
PNT 66 55 3 1 6
PNT 70 55 1 1 4
PNT 71 55 4 1 5
PNT 75 55 2 1 4
PNT 78 55 50 1 0
PNT 1 56 3 1 3
PNT 4 56 1 1 0
PNT 6 56 1 1 4
PNT 7 56 5 1 3
PNT 12 56 4 1 5
PNT 22 56 1 1 5
PNT 24 56 1 1 6
PNT 26 56 2 1 4
PNT 28 56 1 1 5
PNT 29 56 2 1 4
PNT 32 56 2 1 4
PNT 34 56 1 1 5
PNT 35 56 1 1 3
PNT 36 56 1 1 2
PNT 37 56 1 1 3
PNT 38 56 1 1 4
PNT 39 56 1 1 5
PNT 40 56 1 1 7
PNT 41 56 1 1 5
PNT 43 56 1 1 5
PNT 44 56 1 1 7
PNT 45 56 3 1 5
PNT 48 56 1 1 7
PNT 49 56 3 1 5
PNT 52 56 1 1 7
PNT 53 56 1 1 5
PNT 54 56 2 1 4
PNT 56 56 1 1 7
PNT 57 56 1 1 5
PNT 58 56 1 1 2
PNT 59 56 3 1 7
PNT 62 56 2 1 6
PNT 64 56 1 1 5
PNT 65 56 2 1 4
PNT 67 56 1 1 5
PNT 68 56 1 1 2
PNT 69 56 2 1 5
PNT 71 56 3 1 4
PNT 0 57 1 1 4
PNT 1 57 1 1 3
PNT 2 57 1 1 0
PNT 3 57 1 1 4
PNT 4 57 1 1 3
PNT 5 57 1 1 4
PNT 6 57 1 1 3
PNT 8 57 4 1 3
PNT 12 57 2 1 5
PNT 22 57 1 1 5
PNT 24 57 1 1 2
PNT 25 57 1 1 6
PNT 26 57 2 1 5
PNT 28 57 4 1 4
PNT 32 57 1 1 5
PNT 33 57 1 1 4
PNT 34 57 1 1 2
PNT 35 57 1 1 5
PNT 36 57 2 1 4
PNT 38 57 1 1 2
PNT 39 57 1 1 3
PNT 40 57 1 1 2
PNT 41 57 17 1 7
PNT 58 57 1 1 5
PNT 60 57 1 1 5
PNT 61 57 2 1 4
PNT 64 57 2 1 5
PNT 66 57 1 1 6
PNT 67 57 1 1 4
PNT 68 57 1 1 6
PNT 70 57 3 1 5
PNT 73 57 1 1 4
PNT 74 57 1 1 5
PNT 0 58 1 1 0
PNT 1 58 1 1 2
PNT 2 58 2 1 3
PNT 4 58 1 1 4
PNT 5 58 4 1 3
PNT 9 58 1 1 0
PNT 10 58 2 1 3
PNT 12 58 2 1 5
PNT 14 58 8 1 0
PNT 22 58 1 1 5
PNT 23 58 1 1 0
PNT 24 58 1 1 6
PNT 26 58 3 1 5
PNT 29 58 1 1 4
PNT 30 58 1 1 0
PNT 31 58 2 1 4
PNT 33 58 2 1 5
PNT 36 58 1 1 5
PNT 37 58 2 1 4
PNT 39 58 1 1 0
PNT 40 58 1 1 4
PNT 41 58 1 1 0
PNT 42 58 2 1 6
PNT 44 58 1 1 4
PNT 45 58 1 1 0
PNT 46 58 2 1 6
PNT 48 58 1 1 4
PNT 49 58 1 1 0
PNT 50 58 2 1 6
PNT 52 58 1 1 4
PNT 53 58 1 1 0
PNT 54 58 2 1 6
PNT 56 58 2 1 4
PNT 58 58 1 1 2
PNT 59 58 3 1 5
PNT 62 58 3 1 4
PNT 65 58 1 1 6
PNT 66 58 1 1 5
PNT 67 58 1 1 0
PNT 68 58 1 1 2
PNT 69 58 1 1 6
PNT 70 58 4 1 5
PNT 74 58 1 1 4
PNT 75 58 1 1 5
PNT 76 58 52 1 0
PNT 0 59 2 1 0
PNT 2 59 1 1 4
PNT 3 59 2 1 3
PNT 5 59 1 1 4
PNT 6 59 5 1 3
PNT 11 59 1 1 4
PNT 12 59 10 1 0
PNT 22 59 1 1 5
PNT 23 59 1 1 0
PNT 24 59 1 1 2
PNT 25 59 1 1 6
PNT 26 59 4 1 5
PNT 30 59 1 1 4
PNT 31 59 1 1 0
PNT 32 59 1 1 4
PNT 33 59 1 1 5
PNT 34 59 1 1 2
PNT 35 59 1 1 5
PNT 36 59 4 1 4
PNT 40 59 1 1 5
PNT 41 59 2 1 4
PNT 43 59 1 1 0
PNT 44 59 1 1 5
PNT 45 59 2 1 4
PNT 47 59 1 1 0
PNT 48 59 1 1 5
PNT 49 59 2 1 4
PNT 51 59 1 1 0
PNT 52 59 1 1 5
PNT 53 59 3 1 4
PNT 56 59 2 1 5
PNT 58 59 1 1 4
PNT 60 59 2 1 4
PNT 62 59 1 1 0
PNT 63 59 1 1 4
PNT 64 59 1 1 0
PNT 65 59 1 1 6
PNT 66 59 1 1 5
PNT 67 59 1 1 0
PNT 68 59 1 1 6
PNT 70 59 4 1 5
PNT 74 59 1 1 4
PNT 75 59 1 1 5
PNT 76 59 52 1 0
PNT 3 60 1 1 4
PNT 4 60 7 1 3
PNT 11 60 1 1 4
PNT 22 60 1 1 5
PNT 24 60 1 1 6
PNT 26 60 4 1 5
PNT 30 60 1 1 4
PNT 32 60 1 1 4
PNT 33 60 2 1 5
PNT 36 60 5 1 4
PNT 42 60 3 1 4
PNT 46 60 3 1 4
PNT 50 60 3 1 4
PNT 54 60 3 1 4
PNT 57 60 2 1 5
PNT 59 60 1 1 2
PNT 60 60 1 1 5
PNT 62 60 2 1 4
PNT 65 60 1 1 6
PNT 66 60 1 1 5
PNT 68 60 1 1 2
PNT 69 60 1 1 6
PNT 70 60 4 1 5
PNT 74 60 1 1 4
PNT 75 60 1 1 5
PNT 4 61 1 1 4
PNT 5 61 1 1 3
PNT 7 61 4 1 3
PNT 22 61 1 1 5
PNT 24 61 1 1 2
PNT 25 61 1 1 6
PNT 26 61 4 1 5
PNT 30 61 1 1 4
PNT 32 61 1 1 4
PNT 33 61 1 1 5
PNT 34 61 1 1 2
PNT 35 61 1 1 5
PNT 36 61 4 1 4
PNT 54 61 3 1 4
PNT 57 61 1 1 2
PNT 58 61 2 1 5
PNT 62 61 2 1 4
PNT 65 61 1 1 6
PNT 66 61 1 1 5
PNT 68 61 2 1 6
PNT 70 61 4 1 5
PNT 74 61 1 1 4
PNT 75 61 1 1 5
PNT 0 62 4 1 0
PNT 4 62 4 1 3
PNT 8 62 1 1 0
PNT 9 62 2 1 3
PNT 11 62 11 1 0
PNT 22 62 1 1 5
PNT 23 62 1 1 0
PNT 24 62 1 1 6
PNT 26 62 4 1 5
PNT 30 62 1 1 4
PNT 31 62 1 1 0
PNT 32 62 1 1 4
PNT 33 62 2 1 5
PNT 36 62 4 1 4
PNT 40 62 14 1 0
PNT 54 62 3 1 4
PNT 57 62 2 1 5
PNT 59 62 1 1 2
PNT 60 62 1 1 5
PNT 61 62 1 1 0
PNT 62 62 2 1 4
PNT 64 62 1 1 0
PNT 65 62 1 1 6
PNT 66 62 1 1 5
PNT 67 62 1 1 0
PNT 68 62 1 1 2
PNT 69 62 1 1 6
PNT 70 62 4 1 5
PNT 74 62 1 1 4
PNT 75 62 1 1 5
PNT 76 62 52 1 0
PNT 0 63 6 1 0
PNT 6 63 3 1 3
PNT 9 63 1 1 0
PNT 10 63 1 1 3
PNT 11 63 11 1 0
PNT 22 63 1 1 5
PNT 23 63 1 1 0
PNT 24 63 1 1 2
PNT 25 63 1 1 6
PNT 26 63 4 1 5
PNT 30 63 1 1 4
PNT 31 63 1 1 0
PNT 32 63 1 1 4
PNT 33 63 1 1 5
PNT 34 63 1 1 2
PNT 35 63 1 1 5
PNT 36 63 4 1 4
PNT 40 63 15 1 0
PNT 55 63 2 1 4
PNT 57 63 3 1 5
PNT 61 63 1 1 0
PNT 62 63 2 1 4
PNT 64 63 1 1 0
PNT 65 63 1 1 6
PNT 66 63 1 1 5
PNT 67 63 1 1 0
PNT 68 63 2 1 6
PNT 70 63 4 1 5
PNT 74 63 1 1 4
PNT 75 63 1 1 5
PNT 76 63 52 1 0
PNT 5 64 1 1 3
PNT 7 64 3 1 3
PNT 22 64 1 1 5
PNT 24 64 1 1 6
PNT 26 64 4 1 5
PNT 30 64 1 1 4
PNT 32 64 1 1 4
PNT 33 64 2 1 5
PNT 36 64 4 1 4
PNT 55 64 3 1 4
PNT 58 64 2 1 5
PNT 60 64 1 1 2
PNT 61 64 1 1 5
PNT 62 64 2 1 4
PNT 65 64 1 1 6
PNT 66 64 1 1 5
PNT 68 64 1 1 2
PNT 69 64 1 1 6
PNT 70 64 4 1 5
PNT 74 64 1 1 4
PNT 75 64 1 1 5
PNT 8 65 2 1 3
PNT 22 65 1 1 5
PNT 24 65 1 1 2
PNT 25 65 1 1 6
PNT 26 65 4 1 5
PNT 30 65 1 1 4
PNT 32 65 1 1 4
PNT 33 65 1 1 5
PNT 34 65 1 1 2
PNT 35 65 1 1 5
PNT 36 65 4 1 4
PNT 55 65 3 1 4
PNT 58 65 1 1 3
PNT 59 65 2 1 5
PNT 62 65 2 1 4
PNT 65 65 1 1 6
PNT 66 65 1 1 5
PNT 67 65 2 1 6
PNT 69 65 4 1 5
PNT 73 65 1 1 4
PNT 75 65 1 1 5
PNT 0 66 6 1 0
PNT 6 66 1 1 2
PNT 7 66 2 1 0
PNT 9 66 1 1 3
PNT 10 66 12 1 0
PNT 22 66 1 1 5
PNT 23 66 1 1 0
PNT 24 66 1 1 6
PNT 26 66 4 1 5
PNT 30 66 1 1 4
PNT 31 66 1 1 0
PNT 32 66 1 1 4
PNT 33 66 2 1 5
PNT 36 66 4 1 4
PNT 40 66 15 1 0
PNT 55 66 3 1 4
PNT 58 66 2 1 5
PNT 60 66 1 1 2
PNT 61 66 1 1 5
PNT 62 66 3 1 4
PNT 65 66 1 1 6
PNT 66 66 1 1 5
PNT 67 66 1 1 2
PNT 68 66 1 1 6
PNT 69 66 4 1 5
PNT 73 66 1 1 4
PNT 74 66 1 1 5
PNT 75 66 53 1 0
PNT 0 67 22 1 0
PNT 22 67 1 1 5
PNT 23 67 1 1 0
PNT 24 67 1 1 2
PNT 25 67 1 1 6
PNT 26 67 4 1 5
PNT 30 67 1 1 4
PNT 31 67 1 1 0
PNT 32 67 1 1 4
PNT 33 67 1 1 5
PNT 34 67 1 1 2
PNT 35 67 1 1 5
PNT 36 67 4 1 4
PNT 40 67 16 1 0
PNT 56 67 2 1 4
PNT 58 67 1 1 5
PNT 59 67 1 1 4
PNT 60 67 1 1 5
PNT 62 67 2 1 4
PNT 64 67 1 1 0
PNT 65 67 1 1 6
PNT 66 67 1 1 5
PNT 67 67 2 1 6
PNT 69 67 4 1 5
PNT 73 67 1 1 4
PNT 74 67 1 1 5
PNT 75 67 53 1 0
PNT 22 68 1 1 5
PNT 23 68 1 1 6
PNT 24 68 1 1 7
PNT 25 68 1 1 6
PNT 26 68 5 1 5
PNT 32 68 1 1 4
PNT 33 68 1 1 5
PNT 34 68 1 1 6
PNT 35 68 1 1 5
PNT 36 68 4 1 4
PNT 56 68 3 1 4
PNT 59 68 2 1 5
PNT 61 68 1 1 2
PNT 62 68 1 1 4
PNT 65 68 1 1 6
PNT 66 68 1 1 5
PNT 67 68 1 1 2
PNT 68 68 1 1 6
PNT 69 68 4 1 5
PNT 73 68 1 1 4
PNT 74 68 1 1 5
PNT 22 69 1 1 5
PNT 23 69 2 1 7
PNT 25 69 1 1 6
PNT 26 69 2 1 5
PNT 28 69 1 1 6
PNT 29 69 2 1 5
PNT 31 69 2 1 4
PNT 33 69 2 1 6
PNT 35 69 1 1 5
PNT 36 69 1 1 4
PNT 37 69 1 1 6
PNT 38 69 1 1 5
PNT 39 69 1 1 4
PNT 56 69 8 1 6
PNT 65 69 2 1 5
PNT 67 69 1 1 7
PNT 68 69 1 1 6
PNT 69 69 1 1 5
PNT 70 69 1 1 6
PNT 71 69 1 1 5
PNT 72 69 1 1 4
PNT 73 69 1 1 5
PNT 0 70 21 1 2
PNT 21 70 1 1 6
PNT 22 70 6 1 7
PNT 28 70 2 1 5
PNT 30 70 1 1 2
PNT 31 70 1 1 4
PNT 32 70 6 1 6
PNT 38 70 2 1 5
PNT 40 70 17 1 2
PNT 57 70 1 1 5
PNT 58 70 6 1 6
PNT 64 70 1 1 2
PNT 65 70 6 1 7
PNT 71 70 1 1 6
PNT 72 70 1 1 4
PNT 73 70 1 1 5
PNT 74 70 54 1 2
PNT 0 71 16 1 2
PNT 19 71 3 1 2
PNT 22 71 6 1 7
PNT 28 71 4 1 2
PNT 32 71 6 1 6
PNT 38 71 11 1 2
PNT 51 71 8 1 2
PNT 59 71 1 1 4
PNT 60 71 5 1 2
PNT 65 71 8 1 7
PNT 73 71 1 1 6
PNT 74 71 7 1 2
PNT 83 71 13 1 2
PNT 99 71 13 1 2
PNT 115 71 9 1 2
PNT 127 71 1 1 2
PNT 0 72 18 1 3
PNT 18 72 71 1 2
PNT 89 72 39 1 3
PNT 0 73 20 1 2
PNT 87 73 41 1 2
PNT 16 76 2 1 2
PNT 22 76 2 1 2
PNT 27 76 5 1 2
PNT 50 76 14 1 2
PNT 82 76 6 1 2
PNT 90 76 6 1 2
PNT 112 76 8 1 2
PNT 123 76 5 1 2
PNT 0 80 24 1 2
PNT 26 80 38 1 2
PNT 66 80 38 1 2
PNT 106 80 22 1 2
PNT 0 82 8 1 2
PNT 18 82 54 1 2
PNT 80 82 14 1 2
PNT 98 82 30 1 2
PNT 0 83 24 1 2
PNT 32 83 2 1 2
PNT 38 83 18 1 2
PNT 64 83 10 1 2
PNT 78 83 10 1 2
PNT 96 83 18 1 2
PNT 118 83 2 1 2
PNT 0 86 24 1 2
PNT 30 86 50 1 2
PNT 86 86 42 1 2
PNT 0 87 52 1 2
PNT 58 87 50 1 2
PNT 114 87 14 1 2
PNT 0 88 128 1 2
PNT 0 89 128 1 2
PNT 0 90 128 1 2
PNT 0 91 128 1 2
PNT 0 92 128 1 2
PNT 0 93 128 1 2
PNT 0 94 128 1 2
PNT 0 95 128 1 2
REC 1
C FRAME 6
CLR 1
PNT 0 6 128 1 0
PNT 0 7 128 1 0
PNT 110 8 1 1 5
PNT 109 9 1 1 5
PNT 116 9 1 1 5
PNT 0 10 20 1 0
PNT 22 10 62 1 0
PNT 86 10 19 1 0
PNT 105 10 1 1 5
PNT 106 10 1 1 0
PNT 107 10 1 1 7
PNT 108 10 2 1 5
PNT 110 10 5 1 0
PNT 115 10 1 1 5
PNT 116 10 12 1 0
PNT 0 11 105 1 0
PNT 105 11 1 1 5
PNT 106 11 2 1 0
PNT 108 11 1 1 5
PNT 109 11 3 1 0
PNT 112 11 1 1 5
PNT 113 11 1 1 0
PNT 114 11 1 1 7
PNT 115 11 2 1 5
PNT 117 11 11 1 0
PNT 106 12 2 1 5
PNT 108 12 1 1 6
PNT 109 12 1 1 5
PNT 112 12 1 1 5
PNT 114 12 2 1 5
PNT 106 13 2 1 5
PNT 108 13 1 1 6
PNT 109 13 1 1 5
PNT 113 13 1 1 5
PNT 114 13 1 1 6
PNT 115 13 1 1 5
PNT 0 14 105 1 0
PNT 105 14 2 1 5
PNT 107 14 1 1 7
PNT 108 14 1 1 5
PNT 109 14 4 1 0
PNT 113 14 3 1 5
PNT 116 14 12 1 0
PNT 0 15 105 1 0
PNT 105 15 4 1 5
PNT 109 15 4 1 0
PNT 113 15 1 1 7
PNT 114 15 1 1 5
PNT 115 15 13 1 0
PNT 106 16 2 1 5
PNT 113 16 3 1 5
PNT 86 17 1 1 4
PNT 106 17 2 1 5
PNT 108 17 3 1 6
PNT 112 17 1 1 5
PNT 114 17 1 1 5
PNT 0 18 6 1 0
PNT 10 18 52 1 0
PNT 64 18 2 1 0
PNT 66 18 1 1 3
PNT 67 18 18 1 0
PNT 85 18 1 1 4
PNT 86 18 1 1 0
PNT 87 18 1 1 4
PNT 88 18 6 1 0
PNT 96 18 7 1 0
PNT 103 18 11 1 7
PNT 114 18 1 1 6
PNT 115 18 13 1 0
PNT 0 19 10 1 0
PNT 13 19 17 1 0
PNT 32 19 35 1 0
PNT 67 19 2 1 3
PNT 69 19 15 1 0
PNT 84 19 1 1 5
PNT 85 19 1 1 0
PNT 86 19 1 1 4
PNT 87 19 1 1 0
PNT 88 19 1 1 4
PNT 89 19 12 1 0
PNT 101 19 2 1 7
PNT 103 19 1 1 6
PNT 104 19 1 1 7
PNT 105 19 5 1 5
PNT 110 19 1 1 7
PNT 111 19 1 1 5
PNT 113 19 1 1 5
PNT 114 19 2 1 7
PNT 116 19 2 1 0
PNT 118 19 2 1 4
PNT 120 19 8 1 0
PNT 68 20 2 1 3
PNT 70 20 1 1 4
PNT 84 20 1 1 5
PNT 98 20 1 1 3
PNT 99 20 1 1 2
PNT 100 20 1 1 3
PNT 101 20 3 1 2
PNT 104 20 2 1 5
PNT 106 20 5 1 3
PNT 111 20 3 1 5
PNT 114 20 1 1 2
PNT 115 20 1 1 5
PNT 116 20 2 1 7
PNT 74 21 1 1 4
PNT 83 21 1 1 5
PNT 85 21 1 1 5
PNT 87 21 1 1 4
PNT 97 21 1 1 2
PNT 98 21 1 1 7
PNT 99 21 1 1 6
PNT 101 21 1 1 2
PNT 106 21 5 1 5
PNT 111 21 2 1 3
PNT 113 21 3 1 5
PNT 116 21 1 1 7
PNT 117 21 1 1 4
PNT 118 21 1 1 7
PNT 0 22 22 1 0
PNT 26 22 16 1 0
PNT 45 22 27 1 0
PNT 72 22 2 1 4
PNT 77 22 6 1 0
PNT 83 22 1 1 5
PNT 84 22 1 1 0
PNT 85 22 1 1 5
PNT 86 22 8 1 0
PNT 95 22 1 1 0
PNT 96 22 1 1 3
PNT 97 22 1 1 6
PNT 99 22 2 1 2
PNT 103 22 3 1 2
PNT 109 22 2 1 0
PNT 111 22 1 1 7
PNT 112 22 1 1 6
PNT 113 22 3 1 5
PNT 116 22 2 1 4
PNT 118 22 1 1 2
PNT 119 22 1 1 7
PNT 120 22 8 1 0
PNT 0 23 26 1 0
PNT 29 23 17 1 0
PNT 48 23 26 1 0
PNT 74 23 2 1 4
PNT 76 23 1 1 0
PNT 77 23 1 1 5
PNT 80 23 2 1 0
PNT 82 23 1 1 5
PNT 83 23 1 1 0
PNT 84 23 1 1 5
PNT 85 23 1 1 0
PNT 86 23 1 1 5
PNT 87 23 7 1 0
PNT 94 23 2 1 2
PNT 97 23 1 1 2
PNT 98 23 1 1 6
PNT 100 23 1 1 3
PNT 101 23 2 1 5
PNT 104 23 1 1 3
PNT 105 23 1 1 5
PNT 106 23 1 1 4
PNT 107 23 1 1 3
PNT 108 23 1 1 2
PNT 112 23 2 1 2
PNT 114 23 1 1 3
PNT 115 23 5 1 4
PNT 121 23 1 1 4
PNT 122 23 6 1 0
PNT 76 24 1 1 4
PNT 77 24 1 1 5
PNT 79 24 2 1 5
PNT 82 24 1 1 5
PNT 84 24 1 1 5
PNT 94 24 1 1 3
PNT 95 24 1 1 2
PNT 96 24 1 1 6
PNT 98 24 1 1 3
PNT 99 24 1 1 2
PNT 102 24 4 1 4
PNT 106 24 1 1 3
PNT 107 24 1 1 2
PNT 114 24 2 1 2
PNT 116 24 1 1 5
PNT 117 24 5 1 4
PNT 122 24 1 1 2
PNT 78 25 2 1 5
PNT 81 25 3 1 5
PNT 85 25 1 1 5
PNT 93 25 1 1 2
PNT 94 25 1 1 7
PNT 95 25 2 1 6
PNT 97 25 1 1 2
PNT 99 25 1 1 6
PNT 100 25 1 1 5
PNT 101 25 1 1 6
PNT 102 25 3 1 4
PNT 105 25 1 1 3
PNT 106 25 1 1 2
PNT 109 25 1 1 2
PNT 112 25 1 1 2
PNT 113 25 2 1 3
PNT 116 25 1 1 2
PNT 117 25 1 1 4
PNT 118 25 1 1 7
PNT 119 25 1 1 4
PNT 120 25 1 1 7
PNT 0 26 80 1 0
PNT 80 26 2 1 5
PNT 82 26 1 1 0
PNT 83 26 2 1 5
PNT 85 26 5 1 0
PNT 91 26 1 1 0
PNT 92 26 1 1 3
PNT 93 26 1 1 2
PNT 94 26 1 1 6
PNT 96 26 1 1 3
PNT 97 26 5 1 6
PNT 102 26 2 1 7
PNT 104 26 1 1 3
PNT 105 26 1 1 4
PNT 109 26 3 1 6
PNT 112 26 1 1 5
PNT 113 26 1 1 2
PNT 118 26 2 1 4
PNT 120 26 1 1 3
PNT 121 26 7 1 0
PNT 0 27 80 1 0
PNT 80 27 1 1 5
PNT 81 27 1 1 0
PNT 82 27 4 1 5
PNT 86 27 4 1 0
PNT 90 27 1 1 2
PNT 91 27 1 1 7
PNT 93 27 2 1 6
PNT 95 27 1 1 2
PNT 97 27 1 1 5
PNT 98 27 2 1 6
PNT 101 27 2 1 6
PNT 103 27 2 1 4
PNT 105 27 1 1 7
PNT 106 27 2 1 5
PNT 108 27 1 1 3
PNT 112 27 1 1 3
PNT 113 27 3 1 5
PNT 116 27 1 1 4
PNT 117 27 1 1 5
PNT 118 27 1 1 4
PNT 119 27 1 1 7
PNT 120 27 8 1 0
PNT 80 28 1 1 6
PNT 81 28 1 1 0
PNT 82 28 1 1 7
PNT 83 28 1 1 6
PNT 84 28 2 1 5
PNT 90 28 1 1 6
PNT 91 28 1 1 2
PNT 92 28 1 1 6
PNT 94 28 1 1 3
PNT 95 28 1 1 6
PNT 96 28 1 1 5
PNT 97 28 5 1 6
PNT 104 28 1 1 4
PNT 105 28 1 1 5
PNT 106 28 2 1 7
PNT 108 28 1 1 5
PNT 109 28 1 1 2
PNT 110 28 1 1 3
PNT 111 28 1 1 2
PNT 112 28 2 1 5
PNT 114 28 1 1 4
PNT 116 28 1 1 4
PNT 117 28 2 1 7
PNT 78 29 1 1 6
PNT 79 29 1 1 0
PNT 80 29 1 1 7
PNT 81 29 1 1 6
PNT 82 29 1 1 7
PNT 83 29 1 1 6
PNT 84 29 1 1 0
PNT 86 29 1 1 5
PNT 89 29 1 1 6
PNT 90 29 1 1 7
PNT 91 29 2 1 6
PNT 93 29 1 1 2
PNT 95 29 1 1 5
PNT 96 29 2 1 6
PNT 99 29 3 1 6
PNT 103 29 1 1 4
PNT 106 29 1 1 4
PNT 107 29 1 1 5
PNT 108 29 3 1 7
PNT 114 29 1 1 4
PNT 115 29 2 1 7
PNT 117 29 1 1 4
PNT 0 30 10 1 0
PNT 12 30 54 1 0
PNT 68 30 8 1 0
PNT 76 30 1 1 6
PNT 77 30 1 1 0
PNT 78 30 1 1 7
PNT 79 30 1 1 6
PNT 80 30 1 1 7
PNT 81 30 1 1 5
PNT 82 30 1 1 0
PNT 83 30 1 1 2
PNT 84 30 1 1 6
PNT 85 30 1 1 0
PNT 87 30 2 1 6
PNT 89 30 1 1 7
PNT 90 30 1 1 3
PNT 92 30 1 1 3
PNT 93 30 2 1 5
PNT 95 30 3 1 6
PNT 100 30 2 1 0
PNT 102 30 1 1 4
PNT 103 30 2 1 0
PNT 105 30 1 1 4
PNT 106 30 4 1 0
PNT 110 30 1 1 5
PNT 111 30 4 1 7
PNT 115 30 1 1 4
PNT 116 30 2 1 0
PNT 118 30 1 1 4
PNT 119 30 9 1 0
PNT 0 31 14 1 0
PNT 16 31 18 1 0
PNT 36 31 38 1 0
PNT 74 31 1 1 6
PNT 75 31 1 1 0
PNT 76 31 1 1 7
PNT 77 31 1 1 6
PNT 78 31 1 1 7
PNT 79 31 1 1 5
PNT 80 31 1 1 0
PNT 81 31 1 1 2
PNT 83 31 2 1 5
PNT 85 31 1 1 4
PNT 86 31 1 1 2
PNT 87 31 1 1 6
PNT 89 31 2 1 7
PNT 91 31 1 1 2
PNT 93 31 3 1 6
PNT 97 31 3 1 6
PNT 100 31 4 1 0
PNT 104 31 1 1 4
PNT 105 31 11 1 0
PNT 116 31 1 1 4
PNT 117 31 11 1 0
PNT 72 32 1 1 6
PNT 73 32 1 1 0
PNT 74 32 1 1 7
PNT 75 32 1 1 6
PNT 76 32 1 1 7
PNT 77 32 1 1 5
PNT 78 32 1 1 0
PNT 79 32 1 1 2
PNT 81 32 2 1 5
PNT 83 32 1 1 4
PNT 85 32 2 1 6
PNT 87 32 1 1 2
PNT 88 32 1 1 7
PNT 89 32 1 1 2
PNT 92 32 2 1 6
PNT 96 32 2 1 6
PNT 70 33 1 1 5
PNT 71 33 1 1 0
PNT 72 33 2 1 6
PNT 76 33 1 1 0
PNT 77 33 1 1 2
PNT 80 33 1 1 5
PNT 81 33 2 1 4
PNT 83 33 1 1 7
PNT 85 33 1 1 6
PNT 87 33 1 1 7
PNT 88 33 1 1 5
PNT 89 33 1 1 2
PNT 91 33 3 1 6
PNT 95 33 1 1 6
PNT 0 34 26 1 0
PNT 28 34 2 1 0
PNT 32 34 16 1 0
PNT 51 34 17 1 0
PNT 68 34 1 1 5
PNT 69 34 1 1 0
PNT 70 34 1 1 6
PNT 71 34 1 1 5
PNT 72 34 1 1 6
PNT 73 34 1 1 5
PNT 74 34 1 1 0
PNT 75 34 1 1 2
PNT 77 34 2 1 5
PNT 79 34 1 1 4
PNT 83 34 1 1 4
PNT 84 34 1 1 6
PNT 85 34 1 1 2
PNT 86 34 1 1 6
PNT 87 34 1 1 7
PNT 88 34 1 1 3
PNT 89 34 1 1 5
PNT 90 34 6 1 6
PNT 96 34 16 1 0
PNT 115 34 13 1 0
PNT 0 35 32 1 0
PNT 35 35 9 1 0
PNT 44 35 6 1 7
PNT 52 35 8 1 7
PNT 60 35 1 1 6
PNT 61 35 5 1 0
PNT 66 35 1 1 5
PNT 67 35 1 1 0
PNT 68 35 1 1 6
PNT 69 35 1 1 5
PNT 70 35 1 1 6
PNT 71 35 1 1 4
PNT 72 35 1 1 0
PNT 73 35 1 1 2
PNT 75 35 2 1 5
PNT 77 35 2 1 4
PNT 79 35 1 1 6
PNT 80 35 2 1 4
PNT 85 35 1 1 6
PNT 86 35 1 1 7
PNT 87 35 1 1 2
PNT 89 35 3 1 6
PNT 93 35 3 1 6
PNT 96 35 18 1 0
PNT 116 35 12 1 0
PNT 38 36 1 1 2
PNT 40 36 4 1 7
PNT 44 36 14 1 6
PNT 58 36 1 1 2
PNT 59 36 1 1 6
PNT 60 36 4 1 7
PNT 64 36 1 1 4
PNT 65 36 1 1 0
PNT 66 36 1 1 6
PNT 67 36 1 1 5
PNT 68 36 1 1 6
PNT 69 36 1 1 4
PNT 70 36 1 1 0
PNT 71 36 1 1 2
PNT 73 36 4 1 4
PNT 77 36 1 1 6
PNT 78 36 2 1 4
PNT 80 36 1 1 6
PNT 81 36 1 1 5
PNT 82 36 3 1 6
PNT 86 36 1 1 7
PNT 87 36 1 1 2
PNT 88 36 6 1 6
PNT 34 37 1 1 2
PNT 36 37 4 1 7
PNT 40 37 2 1 6
PNT 42 37 1 1 2
PNT 43 37 1 1 6
PNT 44 37 1 1 2
PNT 45 37 1 1 6
PNT 46 37 1 1 2
PNT 47 37 15 1 6
PNT 62 37 1 1 2
PNT 63 37 1 1 0
PNT 64 37 4 1 7
PNT 68 37 1 1 0
PNT 69 37 1 1 2
PNT 71 37 2 1 4
PNT 73 37 1 1 3
PNT 74 37 1 1 4
PNT 75 37 1 1 6
PNT 76 37 2 1 4
PNT 78 37 4 1 5
PNT 83 37 1 1 6
PNT 85 37 2 1 7
PNT 87 37 2 1 6
PNT 89 37 1 1 5
PNT 91 37 3 1 6
PNT 0 38 10 1 0
PNT 10 38 1 1 2
PNT 11 38 19 1 0
PNT 30 38 1 1 2
PNT 31 38 1 1 0
PNT 32 38 4 1 7
PNT 36 38 2 1 6
PNT 38 38 1 1 2
PNT 39 38 1 1 6
PNT 40 38 1 1 2
PNT 41 38 1 1 6
PNT 42 38 1 1 7
PNT 43 38 1 1 0
PNT 44 38 3 1 7
PNT 47 38 1 1 0
PNT 48 38 3 1 7
PNT 51 38 1 1 0
PNT 52 38 1 1 7
PNT 54 38 1 1 7
PNT 55 38 1 1 0
PNT 56 38 1 1 6
PNT 58 38 1 1 6
PNT 60 38 1 1 6
PNT 61 38 1 1 0
PNT 62 38 1 1 5
PNT 64 38 1 1 5
PNT 65 38 1 1 4
PNT 66 38 1 1 0
PNT 67 38 1 1 2
PNT 69 38 3 1 7
PNT 72 38 1 1 3
PNT 73 38 1 1 6
PNT 74 38 2 1 4
PNT 76 38 2 1 0
PNT 78 38 1 1 6
PNT 79 38 3 1 5
PNT 84 38 1 1 3
PNT 85 38 1 1 7
PNT 86 38 1 1 3
PNT 87 38 1 1 6
PNT 88 38 4 1 5
PNT 92 38 36 1 0
PNT 0 39 9 1 0
PNT 9 39 1 1 3
PNT 10 39 18 1 0
PNT 29 39 3 1 7
PNT 32 39 2 1 4
PNT 34 39 1 1 2
PNT 35 39 1 1 6
PNT 36 39 1 1 2
PNT 37 39 1 1 6
PNT 38 39 1 1 7
PNT 39 39 1 1 0
PNT 40 39 5 1 7
PNT 45 39 1 1 0
PNT 46 39 2 1 7
PNT 48 39 1 1 0
PNT 49 39 2 1 7
PNT 51 39 1 1 0
PNT 52 39 2 1 7
PNT 54 39 1 1 0
PNT 55 39 4 1 7
PNT 59 39 1 1 0
PNT 60 39 2 1 6
PNT 62 39 1 1 5
PNT 63 39 2 1 3
PNT 65 39 1 1 2
PNT 67 39 2 1 4
PNT 69 39 1 1 3
PNT 70 39 1 1 2
PNT 71 39 1 1 5
PNT 72 39 4 1 7
PNT 76 39 2 1 0
PNT 78 39 2 1 5
PNT 81 39 2 1 5
PNT 83 39 1 1 2
PNT 84 39 1 1 7
PNT 85 39 1 1 5
PNT 86 39 1 1 6
PNT 87 39 1 1 5
PNT 89 39 3 1 5
PNT 92 39 36 1 0
PNT 6 40 1 1 4
PNT 8 40 1 1 3
PNT 11 40 1 1 6
PNT 25 40 2 1 6
PNT 27 40 2 1 7
PNT 29 40 3 1 4
PNT 32 40 1 1 2
PNT 33 40 1 1 6
PNT 34 40 1 1 7
PNT 35 40 1 1 0
PNT 36 40 3 1 7
PNT 39 40 1 1 0
PNT 40 40 1 1 7
PNT 42 40 1 1 7
PNT 43 40 1 1 6
PNT 44 40 1 1 2
PNT 45 40 1 1 5
PNT 46 40 1 1 7
PNT 48 40 2 1 5
PNT 50 40 1 1 7
PNT 51 40 2 1 5
PNT 54 40 1 1 7
PNT 55 40 1 1 5
PNT 56 40 1 1 7
PNT 57 40 1 1 0
PNT 58 40 2 1 7
PNT 60 40 1 1 4
PNT 61 40 1 1 5
PNT 62 40 1 1 7
PNT 63 40 1 1 2
PNT 65 40 2 1 3
PNT 67 40 2 1 6
PNT 70 40 1 1 6
PNT 73 40 2 1 5
PNT 75 40 1 1 6
PNT 76 40 3 1 7
PNT 79 40 3 1 5
PNT 82 40 1 1 2
PNT 83 40 1 1 7
PNT 84 40 1 1 5
PNT 85 40 1 1 2
PNT 86 40 2 1 5
PNT 89 40 1 1 5
PNT 5 41 1 1 4
PNT 7 41 1 1 4
PNT 9 41 1 1 6
PNT 12 41 1 1 6
PNT 23 41 2 1 6
PNT 25 41 2 1 7
PNT 27 41 1 1 4
PNT 28 41 1 1 2
PNT 29 41 1 1 6
PNT 30 41 1 1 2
PNT 31 41 1 1 0
PNT 32 41 4 1 7
PNT 36 41 1 1 0
PNT 37 41 2 1 7
PNT 39 41 2 1 6
PNT 41 41 4 1 5
PNT 45 41 1 1 2
PNT 46 41 1 1 5
PNT 47 41 1 1 2
PNT 48 41 1 1 5
PNT 49 41 1 1 2
PNT 50 41 1 1 5
PNT 51 41 1 1 2
PNT 52 41 1 1 5
PNT 53 41 1 1 2
PNT 54 41 1 1 5
PNT 55 41 2 1 2
PNT 57 41 1 1 5
PNT 58 41 1 1 7
PNT 59 41 1 1 5
PNT 60 41 1 1 3
PNT 61 41 1 1 5
PNT 63 41 1 1 0
PNT 64 41 2 1 7
PNT 66 41 1 1 6
PNT 67 41 1 1 0
PNT 68 41 1 1 3
PNT 69 41 4 1 6
PNT 74 41 1 1 2
PNT 75 41 1 1 6
PNT 77 41 2 1 5
PNT 79 41 2 1 7
PNT 81 41 1 1 5
PNT 82 41 2 1 7
PNT 84 41 1 1 6
PNT 85 41 1 1 5
PNT 87 41 2 1 5
PNT 89 41 1 1 2
PNT 0 42 4 1 0
PNT 4 42 1 1 5
PNT 5 42 1 1 0
PNT 6 42 4 1 4
PNT 10 42 1 1 6
PNT 11 42 1 1 0
PNT 12 42 1 1 6
PNT 13 42 8 1 0
PNT 21 42 1 1 7
PNT 22 42 1 1 6
PNT 23 42 2 1 7
PNT 25 42 1 1 5
PNT 26 42 1 1 2
PNT 27 42 1 1 0
PNT 28 42 1 1 6
PNT 29 42 1 1 7
PNT 30 42 2 1 6
PNT 32 42 1 1 7
PNT 33 42 1 1 0
PNT 34 42 1 1 7
PNT 36 42 1 1 6
PNT 37 42 3 1 5
PNT 40 42 1 1 0
PNT 42 42 1 1 5
PNT 43 42 1 1 0
PNT 44 42 1 1 5
PNT 46 42 1 1 0
PNT 47 42 2 1 5
PNT 49 42 1 1 0
PNT 50 42 2 1 5
PNT 52 42 2 1 0
PNT 54 42 1 1 5
PNT 55 42 1 1 0
PNT 56 42 1 1 5
PNT 57 42 1 1 2
PNT 58 42 1 1 0
PNT 59 42 1 1 2
PNT 60 42 1 1 5
PNT 61 42 1 1 2
PNT 62 42 1 1 7
PNT 63 42 1 1 5
PNT 64 42 1 1 7
PNT 65 42 1 1 2
PNT 66 42 1 1 0
PNT 67 42 1 1 7
PNT 68 42 1 1 6
PNT 69 42 1 1 2
PNT 70 42 1 1 6
PNT 71 42 1 1 0
PNT 72 42 2 1 6
PNT 77 42 4 1 5
PNT 81 42 1 1 7
PNT 82 42 2 1 6
PNT 84 42 1 1 3
PNT 85 42 1 1 5
PNT 86 42 1 1 2
PNT 88 42 1 1 2
PNT 89 42 39 1 0
PNT 0 43 3 1 0
PNT 3 43 4 1 5
PNT 7 43 2 1 4
PNT 9 43 1 1 0
PNT 10 43 2 1 4
PNT 12 43 1 1 0
PNT 13 43 1 1 6
PNT 14 43 1 1 0
PNT 15 43 1 1 7
PNT 16 43 3 1 6
PNT 19 43 2 1 7
PNT 21 43 1 1 2
PNT 22 43 1 1 7
PNT 23 43 1 1 5
PNT 24 43 1 1 2
PNT 25 43 1 1 5
PNT 26 43 1 1 6
PNT 27 43 1 1 7
PNT 28 43 2 1 6
PNT 30 43 1 1 7
PNT 31 43 1 1 6
PNT 32 43 1 1 2
PNT 33 43 2 1 6
PNT 35 43 2 1 5
PNT 37 43 1 1 0
PNT 38 43 2 1 5
PNT 40 43 1 1 3
PNT 41 43 1 1 5
PNT 43 43 1 1 5
PNT 44 43 1 1 3
PNT 45 43 1 1 6
PNT 47 43 1 1 5
PNT 48 43 1 1 3
PNT 49 43 1 1 6
PNT 51 43 1 1 5
PNT 52 43 1 1 3
PNT 53 43 1 1 6
PNT 55 43 1 1 5
PNT 56 43 1 1 3
PNT 58 43 2 1 5
PNT 60 43 3 1 2
PNT 63 43 1 1 5
PNT 64 43 1 1 2
PNT 65 43 1 1 5
PNT 66 43 1 1 7
PNT 67 43 3 1 4
PNT 70 43 1 1 3
PNT 71 43 1 1 6
PNT 73 43 2 1 6
PNT 75 43 1 1 0
PNT 76 43 1 1 6
PNT 78 43 1 1 2
PNT 79 43 1 1 6
PNT 81 43 2 1 6
PNT 83 43 1 1 2
PNT 84 43 1 1 5
PNT 85 43 1 1 2
PNT 86 43 1 1 5
PNT 87 43 1 1 2
PNT 88 43 2 1 4
PNT 90 43 38 1 0
PNT 2 44 1 1 5
PNT 3 44 3 1 4
PNT 6 44 1 1 5
PNT 7 44 1 1 0
PNT 8 44 5 1 4
PNT 13 44 1 1 7
PNT 14 44 1 1 2
PNT 15 44 4 1 6
PNT 19 44 1 1 2
PNT 20 44 1 1 7
PNT 21 44 1 1 3
PNT 22 44 2 1 5
PNT 24 44 1 1 6
PNT 25 44 2 1 7
PNT 27 44 1 1 6
PNT 29 44 1 1 2
PNT 30 44 2 1 5
PNT 32 44 1 1 6
PNT 34 44 1 1 0
PNT 35 44 1 1 5
PNT 36 44 1 1 3
PNT 37 44 1 1 5
PNT 39 44 1 1 5
PNT 40 44 1 1 6
PNT 41 44 1 1 2
PNT 42 44 1 1 5
PNT 44 44 1 1 3
PNT 45 44 1 1 6
PNT 46 44 1 1 5
PNT 48 44 2 1 6
PNT 52 44 1 1 6
PNT 53 44 1 1 2
PNT 54 44 1 1 5
PNT 57 44 1 1 6
PNT 59 44 1 1 2
PNT 60 44 1 1 3
PNT 62 44 1 1 0
PNT 63 44 1 1 2
PNT 64 44 1 1 3
PNT 65 44 1 1 4
PNT 66 44 2 1 2
PNT 68 44 1 1 7
PNT 69 44 1 1 2
PNT 70 44 1 1 7
PNT 71 44 1 1 2
PNT 72 44 1 1 4
PNT 73 44 5 1 6
PNT 78 44 1 1 7
PNT 80 44 1 1 2
PNT 81 44 1 1 6
PNT 82 44 1 1 3
PNT 83 44 1 1 5
PNT 84 44 1 1 2
PNT 85 44 1 1 4
PNT 86 44 1 1 2
PNT 87 44 1 1 3
PNT 88 44 2 1 4
PNT 91 44 2 1 5
PNT 2 45 2 1 4
PNT 4 45 1 1 5
PNT 5 45 1 1 0
PNT 6 45 2 1 4
PNT 8 45 2 1 5
PNT 10 45 1 1 4
PNT 11 45 1 1 7
PNT 12 45 1 1 2
PNT 14 45 3 1 6
PNT 17 45 1 1 2
PNT 18 45 1 1 3
PNT 19 45 1 1 7
PNT 20 45 2 1 5
PNT 22 45 1 1 2
PNT 23 45 1 1 7
PNT 24 45 2 1 6
PNT 27 45 1 1 7
PNT 28 45 3 1 5
PNT 32 45 1 1 3
PNT 33 45 1 1 2
PNT 35 45 1 1 2
PNT 36 45 2 1 6
PNT 38 45 1 1 2
PNT 40 45 2 1 6
PNT 42 45 2 1 5
PNT 45 45 1 1 2
PNT 46 45 2 1 5
PNT 49 45 3 1 5
PNT 53 45 3 1 5
PNT 57 45 1 1 5
PNT 58 45 1 1 2
PNT 60 45 2 1 6
PNT 62 45 1 1 4
PNT 63 45 1 1 2
PNT 64 45 6 1 6
PNT 70 45 1 1 2
PNT 71 45 1 1 7
PNT 72 45 1 1 3
PNT 73 45 1 1 6
PNT 74 45 1 1 7
PNT 75 45 1 1 6
PNT 77 45 1 1 2
PNT 78 45 1 1 0
PNT 79 45 1 1 2
PNT 80 45 1 1 6
PNT 81 45 1 1 2
PNT 82 45 1 1 5
PNT 83 45 1 1 2
PNT 84 45 1 1 3
PNT 85 45 1 1 2
PNT 86 45 2 1 4
PNT 88 45 1 1 2
PNT 89 45 2 1 5
PNT 0 46 1 1 0
PNT 1 46 1 1 5
PNT 2 46 1 1 6
PNT 3 46 1 1 0
PNT 4 46 2 1 4
PNT 6 46 2 1 5
PNT 8 46 1 1 4
PNT 9 46 1 1 7
PNT 10 46 1 1 2
PNT 12 46 1 1 7
PNT 13 46 1 1 6
PNT 14 46 1 1 4
PNT 15 46 1 1 6
PNT 16 46 1 1 3
PNT 17 46 1 1 6
PNT 18 46 1 1 7
PNT 19 46 1 1 5
PNT 20 46 1 1 6
PNT 21 46 1 1 7
PNT 22 46 1 1 6
PNT 23 46 1 1 3
PNT 25 46 1 1 7
PNT 26 46 3 1 5
PNT 30 46 2 1 5
PNT 32 46 1 1 2
PNT 33 46 1 1 6
PNT 34 46 1 1 5
PNT 36 46 1 1 6
PNT 37 46 1 1 2
PNT 38 46 2 1 5
PNT 41 46 1 1 5
PNT 43 46 2 1 5
PNT 46 46 1 1 3
PNT 47 46 2 1 5
PNT 51 46 2 1 5
PNT 55 46 2 1 5
PNT 59 46 1 1 5
PNT 61 46 1 1 4
PNT 62 46 1 1 3
PNT 63 46 2 1 6
PNT 65 46 1 1 7
PNT 66 46 1 1 6
PNT 67 46 1 1 7
PNT 68 46 5 1 6
PNT 73 46 1 1 2
PNT 75 46 2 1 4
PNT 77 46 1 1 6
PNT 78 46 1 1 2
PNT 79 46 1 1 6
PNT 80 46 2 1 3
PNT 82 46 1 1 2
PNT 83 46 1 1 5
PNT 84 46 1 1 3
PNT 85 46 1 1 2
PNT 86 46 2 1 4
PNT 88 46 1 1 5
PNT 89 46 1 1 4
PNT 90 46 1 1 0
PNT 91 46 2 1 4
PNT 93 46 35 1 0
PNT 0 47 2 1 0
PNT 2 47 2 1 4
PNT 4 47 2 1 5
PNT 6 47 1 1 4
PNT 7 47 1 1 6
PNT 8 47 1 1 2
PNT 10 47 1 1 7
PNT 11 47 1 1 6
PNT 12 47 2 1 4
PNT 14 47 1 1 6
PNT 15 47 1 1 2
PNT 16 47 1 1 6
PNT 17 47 1 1 5
PNT 18 47 1 1 4
PNT 19 47 1 1 7
PNT 20 47 2 1 6
PNT 24 47 1 1 2
PNT 25 47 2 1 5
PNT 28 47 4 1 5
PNT 32 47 1 1 2
PNT 33 47 1 1 6
PNT 34 47 2 1 5
PNT 37 47 1 1 5
PNT 39 47 2 1 5
PNT 42 47 2 1 5
PNT 44 47 1 1 6
PNT 45 47 1 1 2
PNT 46 47 1 1 6
PNT 47 47 1 1 2
PNT 48 47 1 1 6
PNT 49 47 1 1 2
PNT 50 47 3 1 6
PNT 53 47 1 1 2
PNT 54 47 3 1 6
PNT 57 47 1 1 2
PNT 58 47 2 1 6
PNT 60 47 1 1 4
PNT 61 47 1 1 2
PNT 62 47 1 1 6
PNT 63 47 1 1 7
PNT 64 47 3 1 2
PNT 67 47 5 1 6
PNT 73 47 1 1 6
PNT 74 47 1 1 3
PNT 75 47 1 1 2
PNT 76 47 1 1 6
PNT 77 47 1 1 4
PNT 78 47 1 1 0
PNT 79 47 1 1 2
PNT 80 47 2 1 6
PNT 82 47 1 1 2
PNT 83 47 1 1 5
PNT 84 47 1 1 2
PNT 86 47 5 1 4
PNT 91 47 37 1 0
PNT 0 48 1 1 7
PNT 1 48 1 1 5
PNT 2 48 1 1 4
PNT 3 48 3 1 5
PNT 8 48 1 1 7
PNT 9 48 1 1 5
PNT 10 48 2 1 4
PNT 12 48 1 1 6
PNT 13 48 1 1 4
PNT 14 48 1 1 3
PNT 15 48 2 1 5
PNT 17 48 1 1 2
PNT 18 48 1 1 7
PNT 19 48 1 1 4
PNT 23 48 2 1 5
PNT 25 48 1 1 3
PNT 26 48 4 1 5
PNT 30 48 2 1 2
PNT 33 48 1 1 5
PNT 35 48 2 1 2
PNT 38 48 2 1 5
PNT 40 48 1 1 2
PNT 41 48 3 1 6
PNT 44 48 1 1 2
PNT 45 48 3 1 6
PNT 48 48 1 1 3
PNT 49 48 3 1 6
PNT 52 48 1 1 2
PNT 53 48 3 1 6
PNT 56 48 1 1 2
PNT 57 48 2 1 6
PNT 59 48 1 1 2
PNT 60 48 1 1 3
PNT 61 48 1 1 7
PNT 62 48 2 1 2
PNT 64 48 3 1 6
PNT 67 48 3 1 5
PNT 71 48 1 1 2
PNT 72 48 3 1 6
PNT 75 48 2 1 2
PNT 78 48 1 1 3
PNT 79 48 1 1 4
PNT 80 48 1 1 3
PNT 81 48 1 1 6
PNT 84 48 2 1 5
PNT 87 48 3 1 4
PNT 0 49 3 1 4
PNT 3 49 2 1 5
PNT 5 49 1 1 6
PNT 6 49 1 1 2
PNT 7 49 1 1 5
PNT 8 49 2 1 4
PNT 10 49 1 1 5
PNT 11 49 1 1 4
PNT 12 49 2 1 3
PNT 14 49 1 1 6
PNT 15 49 2 1 2
PNT 17 49 1 1 5
PNT 18 49 1 1 7
PNT 20 49 1 1 7
PNT 21 49 2 1 5
PNT 25 49 1 1 5
PNT 26 49 1 1 2
PNT 27 49 3 1 5
PNT 30 49 1 1 2
PNT 31 49 2 1 5
PNT 34 49 2 1 2
PNT 36 49 2 1 6
PNT 38 49 1 1 5
PNT 39 49 2 1 2
PNT 41 49 1 1 6
PNT 42 49 1 1 5
PNT 43 49 2 1 2
PNT 45 49 1 1 6
PNT 46 49 1 1 5
PNT 47 49 3 1 2
PNT 50 49 1 1 5
PNT 51 49 2 1 2
PNT 53 49 1 1 6
PNT 54 49 1 1 5
PNT 55 49 2 1 2
PNT 57 49 1 1 6
PNT 59 49 1 1 2
PNT 60 49 1 1 6
PNT 61 49 1 1 2
PNT 62 49 2 1 6
PNT 64 49 4 1 5
PNT 69 49 3 1 5
PNT 73 49 1 1 2
PNT 74 49 2 1 6
PNT 76 49 1 1 3
PNT 77 49 1 1 2
PNT 78 49 2 1 5
PNT 82 49 1 1 5
PNT 83 49 2 1 7
PNT 85 49 1 1 5
PNT 86 49 1 1 4
PNT 88 49 2 1 4
PNT 0 50 1 1 4
PNT 1 50 4 1 5
PNT 6 50 2 1 4
PNT 8 50 1 1 5
PNT 9 50 1 1 4
PNT 10 50 3 1 3
PNT 13 50 2 1 2
PNT 16 50 1 1 0
PNT 18 50 1 1 3
PNT 19 50 2 1 7
PNT 21 50 1 1 4
PNT 22 50 1 1 7
PNT 23 50 3 1 5
PNT 27 50 1 1 3
PNT 28 50 1 1 5
PNT 29 50 2 1 2
PNT 31 50 3 1 4
PNT 34 50 1 1 2
PNT 35 50 1 1 5
PNT 36 50 2 1 4
PNT 38 50 2 1 2
PNT 40 50 2 1 0
PNT 42 50 2 1 2
PNT 44 50 2 1 0
PNT 46 50 2 1 2
PNT 48 50 2 1 0
PNT 50 50 1 1 3
PNT 51 50 1 1 2
PNT 52 50 2 1 0
PNT 54 50 2 1 2
PNT 56 50 2 1 0
PNT 58 50 1 1 3
PNT 60 50 1 1 0
PNT 62 50 1 1 3
PNT 63 50 1 1 5
PNT 65 50 1 1 4
PNT 68 50 2 1 4
PNT 70 50 5 1 5
PNT 75 50 1 1 4
PNT 77 50 3 1 5
PNT 80 50 3 1 7
PNT 83 50 1 1 5
PNT 85 50 1 1 5
PNT 86 50 2 1 0
PNT 89 50 39 1 0
PNT 0 51 1 1 4
PNT 1 51 3 1 5
PNT 4 51 1 1 2
PNT 5 51 1 1 4
PNT 6 51 1 1 5
PNT 7 51 1 1 4
PNT 8 51 3 1 3
PNT 11 51 1 1 2
PNT 12 51 1 1 3
PNT 13 51 1 1 4
PNT 14 51 1 1 0
PNT 16 51 2 1 5
PNT 18 51 1 1 6
PNT 20 51 1 1 5
PNT 21 51 2 1 7
PNT 23 51 1 1 5
PNT 24 51 1 1 7
PNT 25 51 3 1 5
PNT 29 51 1 1 5
PNT 30 51 1 1 2
PNT 32 51 1 1 4
PNT 33 51 2 1 2
PNT 35 51 3 1 4
PNT 38 51 1 1 2
PNT 39 51 3 1 4
PNT 42 51 1 1 2
PNT 43 51 3 1 4
PNT 46 51 1 1 2
PNT 47 51 3 1 4
PNT 50 51 2 1 2
PNT 52 51 2 1 4
PNT 54 51 1 1 2
PNT 55 51 2 1 4
PNT 57 51 1 1 2
PNT 58 51 2 1 4
PNT 61 51 1 1 4
PNT 63 51 1 1 3
PNT 65 51 2 1 4
PNT 67 51 1 1 2
PNT 70 51 1 1 2
PNT 71 51 1 1 4
PNT 73 51 2 1 4
PNT 75 51 1 1 5
PNT 76 51 1 1 7
PNT 77 51 1 1 5
PNT 78 51 3 1 7
PNT 81 51 1 1 3
PNT 82 51 1 1 4
PNT 83 51 2 1 0
PNT 86 51 3 1 0
PNT 90 51 38 1 0
PNT 0 52 2 1 5
PNT 2 52 1 1 3
PNT 4 52 2 1 4
PNT 6 52 3 1 3
PNT 9 52 1 1 5
PNT 10 52 2 1 3
PNT 12 52 1 1 0
PNT 14 52 1 1 4
PNT 15 52 1 1 5
PNT 16 52 1 1 6
PNT 18 52 2 1 5
PNT 20 52 2 1 3
PNT 22 52 1 1 5
PNT 23 52 2 1 7
PNT 25 52 4 1 5
PNT 29 52 1 1 3
PNT 31 52 1 1 4
PNT 32 52 1 1 2
PNT 34 52 1 1 5
PNT 36 52 3 1 2
PNT 39 52 2 1 4
PNT 41 52 2 1 2
PNT 43 52 2 1 4
PNT 45 52 2 1 2
PNT 47 52 2 1 4
PNT 49 52 2 1 2
PNT 51 52 1 1 4
PNT 52 52 1 1 3
PNT 53 52 1 1 2
PNT 54 52 2 1 4
PNT 56 52 1 1 3
PNT 58 52 2 1 4
PNT 60 52 1 1 2
PNT 64 52 2 1 3
PNT 66 52 1 1 5
PNT 67 52 5 1 4
PNT 72 52 1 1 7
PNT 74 52 4 1 7
PNT 78 52 1 1 6
PNT 79 52 1 1 3
PNT 80 52 2 1 5
PNT 1 53 1 1 3
PNT 2 53 1 1 2
PNT 3 53 1 1 4
PNT 4 53 3 1 3
PNT 7 53 1 1 4
PNT 8 53 2 1 3
PNT 10 53 1 1 0
PNT 11 53 1 1 3
PNT 13 53 1 1 4
PNT 14 53 1 1 5
PNT 15 53 1 1 4
PNT 16 53 2 1 6
PNT 18 53 2 1 5
PNT 22 53 2 1 3
PNT 24 53 1 1 6
PNT 25 53 2 1 7
PNT 27 53 1 1 5
PNT 28 53 1 1 7
PNT 29 53 1 1 5
PNT 30 53 1 1 2
PNT 31 53 1 1 5
PNT 33 53 2 1 3
PNT 35 53 1 1 5
PNT 36 53 1 1 2
PNT 37 53 2 1 5
PNT 40 53 1 1 2
PNT 41 53 1 1 4
PNT 42 53 1 1 2
PNT 44 53 1 1 2
PNT 46 53 1 1 4
PNT 48 53 1 1 2
PNT 49 53 2 1 4
PNT 52 53 2 1 2
PNT 54 53 1 1 3
PNT 55 53 1 1 2
PNT 56 53 4 1 4
PNT 61 53 1 1 5
PNT 63 53 1 1 5
PNT 65 53 1 1 5
PNT 66 53 2 1 3
PNT 68 53 1 1 7
PNT 69 53 1 1 6
PNT 70 53 4 1 7
PNT 74 53 2 1 6
PNT 76 53 3 1 3
PNT 80 53 2 1 5
PNT 0 54 1 1 5
PNT 2 54 1 1 4
PNT 3 54 2 1 3
PNT 5 54 1 1 4
PNT 6 54 2 1 3
PNT 8 54 1 1 0
PNT 9 54 2 1 3
PNT 12 54 1 1 4
PNT 13 54 3 1 5
PNT 16 54 2 1 6
PNT 18 54 5 1 0
PNT 23 54 1 1 7
PNT 24 54 1 1 6
PNT 25 54 2 1 3
PNT 27 54 3 1 7
PNT 30 54 2 1 3
PNT 32 54 1 1 7
PNT 33 54 1 1 5
PNT 35 54 8 1 5
PNT 43 54 1 1 0
PNT 44 54 3 1 5
PNT 47 54 1 1 0
PNT 48 54 3 1 5
PNT 51 54 1 1 0
PNT 52 54 3 1 5
PNT 55 54 1 1 4
PNT 57 54 1 1 5
PNT 59 54 5 1 5
PNT 64 54 1 1 7
PNT 66 54 2 1 7
PNT 68 54 1 1 2
PNT 69 54 1 1 7
PNT 70 54 6 1 3
PNT 76 54 2 1 5
PNT 78 54 1 1 0
PNT 79 54 2 1 4
PNT 81 54 47 1 0
PNT 0 55 1 1 3
PNT 1 55 1 1 2
PNT 2 55 1 1 3
PNT 3 55 1 1 4
PNT 4 55 2 1 3
PNT 6 55 1 1 0
PNT 7 55 1 1 3
PNT 8 55 2 1 0
PNT 11 55 1 1 0
PNT 12 55 1 1 5
PNT 13 55 1 1 0
PNT 14 55 2 1 5
PNT 16 55 1 1 0
PNT 17 55 1 1 4
PNT 18 55 5 1 0
PNT 23 55 1 1 7
PNT 24 55 1 1 2
PNT 25 55 1 1 4
PNT 26 55 2 1 5
PNT 28 55 1 1 4
PNT 29 55 1 1 5
PNT 30 55 3 1 7
PNT 33 55 1 1 3
PNT 34 55 1 1 2
PNT 35 55 1 1 6
PNT 36 55 1 1 7
PNT 37 55 1 1 5
PNT 39 55 7 1 5
PNT 47 55 1 1 5
PNT 49 55 1 1 5
PNT 51 55 1 1 5
PNT 53 55 1 1 5
PNT 55 55 1 1 4
PNT 56 55 4 1 5
PNT 60 55 1 1 7
PNT 61 55 1 1 5
PNT 62 55 4 1 7
PNT 66 55 3 1 6
PNT 70 55 1 1 4
PNT 71 55 4 1 5
PNT 75 55 2 1 4
PNT 78 55 50 1 0
PNT 1 56 3 1 3
PNT 4 56 1 1 0
PNT 6 56 1 1 4
PNT 7 56 5 1 3
PNT 12 56 4 1 5
PNT 22 56 1 1 5
PNT 24 56 1 1 6
PNT 26 56 2 1 4
PNT 28 56 1 1 5
PNT 29 56 2 1 4
PNT 32 56 2 1 4
PNT 34 56 1 1 5
PNT 35 56 1 1 3
PNT 36 56 1 1 2
PNT 37 56 1 1 3
PNT 38 56 1 1 4
PNT 39 56 1 1 5
PNT 40 56 1 1 7
PNT 41 56 1 1 5
PNT 43 56 1 1 5
PNT 44 56 1 1 7
PNT 45 56 3 1 5
PNT 48 56 1 1 7
PNT 49 56 3 1 5
PNT 52 56 1 1 7
PNT 53 56 1 1 5
PNT 54 56 2 1 4
PNT 56 56 1 1 7
PNT 57 56 1 1 5
PNT 58 56 1 1 2
PNT 59 56 3 1 7
PNT 62 56 2 1 6
PNT 64 56 1 1 5
PNT 65 56 2 1 4
PNT 67 56 1 1 5
PNT 68 56 1 1 2
PNT 69 56 2 1 5
PNT 71 56 3 1 4
PNT 0 57 1 1 4
PNT 1 57 1 1 3
PNT 2 57 1 1 0
PNT 3 57 1 1 4
PNT 4 57 1 1 3
PNT 5 57 1 1 4
PNT 6 57 1 1 3
PNT 8 57 4 1 3
PNT 12 57 2 1 5
PNT 22 57 1 1 5
PNT 24 57 1 1 2
PNT 25 57 1 1 6
PNT 26 57 2 1 5
PNT 28 57 4 1 4
PNT 32 57 1 1 5
PNT 33 57 1 1 4
PNT 34 57 1 1 2
PNT 35 57 1 1 5
PNT 36 57 2 1 4
PNT 38 57 1 1 2
PNT 39 57 1 1 3
PNT 40 57 1 1 2
PNT 41 57 17 1 7
PNT 58 57 1 1 5
PNT 60 57 1 1 5
PNT 61 57 2 1 4
PNT 64 57 2 1 5
PNT 66 57 1 1 6
PNT 67 57 1 1 4
PNT 68 57 1 1 6
PNT 70 57 3 1 5
PNT 73 57 1 1 4
PNT 74 57 1 1 5
PNT 0 58 1 1 0
PNT 1 58 1 1 2
PNT 2 58 2 1 3
PNT 4 58 1 1 4
PNT 5 58 4 1 3
PNT 9 58 1 1 0
PNT 10 58 2 1 3
PNT 12 58 2 1 5
PNT 14 58 8 1 0
PNT 22 58 1 1 5
PNT 23 58 1 1 0
PNT 24 58 1 1 6
PNT 26 58 3 1 5
PNT 29 58 1 1 4
PNT 30 58 1 1 0
PNT 31 58 2 1 4
PNT 33 58 2 1 5
PNT 36 58 1 1 5
PNT 37 58 2 1 4
PNT 39 58 1 1 0
PNT 40 58 1 1 4
PNT 41 58 1 1 0
PNT 42 58 2 1 6
PNT 44 58 1 1 4
PNT 45 58 1 1 0
PNT 46 58 2 1 6
PNT 48 58 1 1 4
PNT 49 58 1 1 0
PNT 50 58 2 1 6
PNT 52 58 1 1 4
PNT 53 58 1 1 0
PNT 54 58 2 1 6
PNT 56 58 2 1 4
PNT 58 58 1 1 2
PNT 59 58 3 1 5
PNT 62 58 3 1 4
PNT 65 58 1 1 6
PNT 66 58 1 1 5
PNT 67 58 1 1 0
PNT 68 58 1 1 2
PNT 69 58 1 1 6
PNT 70 58 4 1 5
PNT 74 58 1 1 4
PNT 75 58 1 1 5
PNT 76 58 52 1 0
PNT 0 59 2 1 0
PNT 2 59 1 1 4
PNT 3 59 2 1 3
PNT 5 59 1 1 4
PNT 6 59 5 1 3
PNT 11 59 1 1 4
PNT 12 59 10 1 0
PNT 22 59 1 1 5
PNT 23 59 1 1 0
PNT 24 59 1 1 2
PNT 25 59 1 1 6
PNT 26 59 4 1 5
PNT 30 59 1 1 4
PNT 31 59 1 1 0
PNT 32 59 1 1 4
PNT 33 59 1 1 5
PNT 34 59 1 1 2
PNT 35 59 1 1 5
PNT 36 59 4 1 4
PNT 40 59 1 1 5
PNT 41 59 2 1 4
PNT 43 59 1 1 0
PNT 44 59 1 1 5
PNT 45 59 2 1 4
PNT 47 59 1 1 0
PNT 48 59 1 1 5
PNT 49 59 2 1 4
PNT 51 59 1 1 0
PNT 52 59 1 1 5
PNT 53 59 3 1 4
PNT 56 59 2 1 5
PNT 58 59 1 1 4
PNT 60 59 2 1 4
PNT 62 59 1 1 0
PNT 63 59 1 1 4
PNT 64 59 1 1 0
PNT 65 59 1 1 6
PNT 66 59 1 1 5
PNT 67 59 1 1 0
PNT 68 59 1 1 6
PNT 70 59 4 1 5
PNT 74 59 1 1 4
PNT 75 59 1 1 5
PNT 76 59 52 1 0
PNT 3 60 1 1 4
PNT 4 60 7 1 3
PNT 11 60 1 1 4
PNT 22 60 1 1 5
PNT 24 60 1 1 6
PNT 26 60 4 1 5
PNT 30 60 1 1 4
PNT 32 60 1 1 4
PNT 33 60 2 1 5
PNT 36 60 5 1 4
PNT 42 60 3 1 4
PNT 46 60 3 1 4
PNT 50 60 3 1 4
PNT 54 60 3 1 4
PNT 57 60 2 1 5
PNT 59 60 1 1 2
PNT 60 60 1 1 5
PNT 62 60 2 1 4
PNT 65 60 1 1 6
PNT 66 60 1 1 5
PNT 68 60 1 1 2
PNT 69 60 1 1 6
PNT 70 60 4 1 5
PNT 74 60 1 1 4
PNT 75 60 1 1 5
PNT 4 61 1 1 4
PNT 5 61 1 1 3
PNT 7 61 4 1 3
PNT 22 61 1 1 5
PNT 24 61 1 1 2
PNT 25 61 1 1 6
PNT 26 61 4 1 5
PNT 30 61 1 1 4
PNT 32 61 1 1 4
PNT 33 61 1 1 5
PNT 34 61 1 1 2
PNT 35 61 1 1 5
PNT 36 61 4 1 4
PNT 54 61 3 1 4
PNT 57 61 1 1 2
PNT 58 61 2 1 5
PNT 62 61 2 1 4
PNT 65 61 1 1 6
PNT 66 61 1 1 5
PNT 68 61 2 1 6
PNT 70 61 4 1 5
PNT 74 61 1 1 4
PNT 75 61 1 1 5
PNT 0 62 4 1 0
PNT 4 62 4 1 3
PNT 8 62 1 1 0
PNT 9 62 2 1 3
PNT 11 62 11 1 0
PNT 22 62 1 1 5
PNT 23 62 1 1 0
PNT 24 62 1 1 6
PNT 26 62 4 1 5
PNT 30 62 1 1 4
PNT 31 62 1 1 0
PNT 32 62 1 1 4
PNT 33 62 2 1 5
PNT 36 62 4 1 4
PNT 40 62 14 1 0
PNT 54 62 3 1 4
PNT 57 62 2 1 5
PNT 59 62 1 1 2
PNT 60 62 1 1 5
PNT 61 62 1 1 0
PNT 62 62 2 1 4
PNT 64 62 1 1 0
PNT 65 62 1 1 6
PNT 66 62 1 1 5
PNT 67 62 1 1 0
PNT 68 62 1 1 2
PNT 69 62 1 1 6
PNT 70 62 4 1 5
PNT 74 62 1 1 4
PNT 75 62 1 1 5
PNT 76 62 52 1 0
PNT 0 63 6 1 0
PNT 6 63 3 1 3
PNT 9 63 1 1 0
PNT 10 63 1 1 3
PNT 11 63 11 1 0
PNT 22 63 1 1 5
PNT 23 63 1 1 0
PNT 24 63 1 1 2
PNT 25 63 1 1 6
PNT 26 63 4 1 5
PNT 30 63 1 1 4
PNT 31 63 1 1 0
PNT 32 63 1 1 4
PNT 33 63 1 1 5
PNT 34 63 1 1 2
PNT 35 63 1 1 5
PNT 36 63 4 1 4
PNT 40 63 15 1 0
PNT 55 63 2 1 4
PNT 57 63 3 1 5
PNT 61 63 1 1 0
PNT 62 63 2 1 4
PNT 64 63 1 1 0
PNT 65 63 1 1 6
PNT 66 63 1 1 5
PNT 67 63 1 1 0
PNT 68 63 2 1 6
PNT 70 63 4 1 5
PNT 74 63 1 1 4
PNT 75 63 1 1 5
PNT 76 63 52 1 0
PNT 5 64 1 1 3
PNT 7 64 3 1 3
PNT 22 64 1 1 5
PNT 24 64 1 1 6
PNT 26 64 4 1 5
PNT 30 64 1 1 4
PNT 32 64 1 1 4
PNT 33 64 2 1 5
PNT 36 64 4 1 4
PNT 55 64 3 1 4
PNT 58 64 2 1 5
PNT 60 64 1 1 2
PNT 61 64 1 1 5
PNT 62 64 2 1 4
PNT 65 64 1 1 6
PNT 66 64 1 1 5
PNT 68 64 1 1 2
PNT 69 64 1 1 6
PNT 70 64 4 1 5
PNT 74 64 1 1 4
PNT 75 64 1 1 5
PNT 8 65 2 1 3
PNT 22 65 1 1 5
PNT 24 65 1 1 2
PNT 25 65 1 1 6
PNT 26 65 4 1 5
PNT 30 65 1 1 4
PNT 32 65 1 1 4
PNT 33 65 1 1 5
PNT 34 65 1 1 2
PNT 35 65 1 1 5
PNT 36 65 4 1 4
PNT 55 65 3 1 4
PNT 58 65 1 1 3
PNT 59 65 2 1 5
PNT 62 65 2 1 4
PNT 65 65 1 1 6
PNT 66 65 1 1 5
PNT 67 65 2 1 6
PNT 69 65 4 1 5
PNT 73 65 1 1 4
PNT 75 65 1 1 5
PNT 0 66 6 1 0
PNT 6 66 1 1 2
PNT 7 66 2 1 0
PNT 9 66 1 1 3
PNT 10 66 12 1 0
PNT 22 66 1 1 5
PNT 23 66 1 1 0
PNT 24 66 1 1 6
PNT 26 66 4 1 5
PNT 30 66 1 1 4
PNT 31 66 1 1 0
PNT 32 66 1 1 4
PNT 33 66 2 1 5
PNT 36 66 4 1 4
PNT 40 66 15 1 0
PNT 55 66 3 1 4
PNT 58 66 2 1 5
PNT 60 66 1 1 2
PNT 61 66 1 1 5
PNT 62 66 3 1 4
PNT 65 66 1 1 6
PNT 66 66 1 1 5
PNT 67 66 1 1 2
PNT 68 66 1 1 6
PNT 69 66 4 1 5
PNT 73 66 1 1 4
PNT 74 66 1 1 5
PNT 75 66 53 1 0
PNT 0 67 22 1 0
PNT 22 67 1 1 5
PNT 23 67 1 1 0
PNT 24 67 1 1 2
PNT 25 67 1 1 6
PNT 26 67 4 1 5
PNT 30 67 1 1 4
PNT 31 67 1 1 0
PNT 32 67 1 1 4
PNT 33 67 1 1 5
PNT 34 67 1 1 2
PNT 35 67 1 1 5
PNT 36 67 4 1 4
PNT 40 67 16 1 0
PNT 56 67 2 1 4
PNT 58 67 1 1 5
PNT 59 67 1 1 4
PNT 60 67 1 1 5
PNT 62 67 2 1 4
PNT 64 67 1 1 0
PNT 65 67 1 1 6
PNT 66 67 1 1 5
PNT 67 67 2 1 6
PNT 69 67 4 1 5
PNT 73 67 1 1 4
PNT 74 67 1 1 5
PNT 75 67 53 1 0
PNT 22 68 1 1 5
PNT 23 68 1 1 6
PNT 24 68 1 1 7
PNT 25 68 1 1 6
PNT 26 68 5 1 5
PNT 32 68 1 1 4
PNT 33 68 1 1 5
PNT 34 68 1 1 6
PNT 35 68 1 1 5
PNT 36 68 4 1 4
PNT 56 68 3 1 4
PNT 59 68 2 1 5
PNT 61 68 1 1 2
PNT 62 68 1 1 4
PNT 65 68 1 1 6
PNT 66 68 1 1 5
PNT 67 68 1 1 2
PNT 68 68 1 1 6
PNT 69 68 4 1 5
PNT 73 68 1 1 4
PNT 74 68 1 1 5
PNT 22 69 1 1 5
PNT 23 69 2 1 7
PNT 25 69 1 1 6
PNT 26 69 2 1 5
PNT 28 69 1 1 6
PNT 29 69 2 1 5
PNT 31 69 2 1 4
PNT 33 69 2 1 6
PNT 35 69 1 1 5
PNT 36 69 1 1 4
PNT 37 69 1 1 6
PNT 38 69 1 1 5
PNT 39 69 1 1 4
PNT 56 69 8 1 6
PNT 65 69 2 1 5
PNT 67 69 1 1 7
PNT 68 69 1 1 6
PNT 69 69 1 1 5
PNT 70 69 1 1 6
PNT 71 69 1 1 5
PNT 72 69 1 1 4
PNT 73 69 1 1 5
PNT 0 70 21 1 2
PNT 21 70 1 1 6
PNT 22 70 6 1 7
PNT 28 70 2 1 5
PNT 30 70 1 1 2
PNT 31 70 1 1 4
PNT 32 70 6 1 6
PNT 38 70 2 1 5
PNT 40 70 17 1 2
PNT 57 70 1 1 5
PNT 58 70 6 1 6
PNT 64 70 1 1 2
PNT 65 70 6 1 7
PNT 71 70 1 1 6
PNT 72 70 1 1 4
PNT 73 70 1 1 5
PNT 74 70 54 1 2
PNT 0 71 16 1 2
PNT 19 71 3 1 2
PNT 22 71 6 1 7
PNT 28 71 4 1 2
PNT 32 71 6 1 6
PNT 38 71 11 1 2
PNT 51 71 8 1 2
PNT 59 71 1 1 4
PNT 60 71 5 1 2
PNT 65 71 8 1 7
PNT 73 71 1 1 6
PNT 74 71 7 1 2
PNT 83 71 13 1 2
PNT 99 71 13 1 2
PNT 115 71 9 1 2
PNT 127 71 1 1 2
PNT 0 72 18 1 3
PNT 18 72 71 1 2
PNT 89 72 39 1 3
PNT 0 73 20 1 2
PNT 87 73 41 1 2
PNT 16 76 2 1 2
PNT 22 76 2 1 2
PNT 27 76 5 1 2
PNT 50 76 14 1 2
PNT 82 76 6 1 2
PNT 90 76 6 1 2
PNT 112 76 8 1 2
PNT 123 76 5 1 2
PNT 0 80 24 1 2
PNT 26 80 38 1 2
PNT 66 80 38 1 2
PNT 106 80 22 1 2
PNT 0 82 8 1 2
PNT 18 82 54 1 2
PNT 80 82 14 1 2
PNT 98 82 30 1 2
PNT 0 83 24 1 2
PNT 32 83 2 1 2
PNT 38 83 18 1 2
PNT 64 83 10 1 2
PNT 78 83 10 1 2
PNT 96 83 18 1 2
PNT 118 83 2 1 2
PNT 0 86 24 1 2
PNT 30 86 50 1 2
PNT 86 86 42 1 2
PNT 0 87 52 1 2
PNT 58 87 50 1 2
PNT 114 87 14 1 2
PNT 0 88 128 1 2
PNT 0 89 128 1 2
PNT 0 90 128 1 2
PNT 0 91 128 1 2
PNT 0 92 128 1 2
PNT 0 93 128 1 2
PNT 0 94 128 1 2
PNT 0 95 128 1 2
REC 1
C FRAME 7
CLR 1
PNT 0 6 128 1 0
PNT 0 7 128 1 0
PNT 110 8 1 1 5
PNT 109 9 1 1 5
PNT 116 9 1 1 5
PNT 0 10 20 1 0
PNT 22 10 62 1 0
PNT 86 10 19 1 0
PNT 105 10 1 1 5
PNT 106 10 1 1 0
PNT 107 10 1 1 7
PNT 108 10 2 1 5
PNT 110 10 5 1 0
PNT 115 10 1 1 5
PNT 116 10 12 1 0
PNT 0 11 105 1 0
PNT 105 11 1 1 5
PNT 106 11 2 1 0
PNT 108 11 1 1 5
PNT 109 11 3 1 0
PNT 112 11 1 1 5
PNT 113 11 1 1 0
PNT 114 11 1 1 7
PNT 115 11 2 1 5
PNT 117 11 11 1 0
PNT 106 12 2 1 5
PNT 108 12 1 1 6
PNT 109 12 1 1 5
PNT 112 12 1 1 5
PNT 114 12 2 1 5
PNT 106 13 2 1 5
PNT 108 13 1 1 6
PNT 109 13 1 1 5
PNT 113 13 1 1 5
PNT 114 13 1 1 6
PNT 115 13 1 1 5
PNT 0 14 105 1 0
PNT 105 14 2 1 5
PNT 107 14 1 1 7
PNT 108 14 1 1 5
PNT 109 14 4 1 0
PNT 113 14 3 1 5
PNT 116 14 12 1 0
PNT 0 15 105 1 0
PNT 105 15 4 1 5
PNT 109 15 4 1 0
PNT 113 15 1 1 7
PNT 114 15 1 1 5
PNT 115 15 13 1 0
PNT 106 16 2 1 5
PNT 113 16 3 1 5
PNT 86 17 1 1 4
PNT 106 17 2 1 5
PNT 108 17 3 1 6
PNT 112 17 1 1 5
PNT 114 17 1 1 5
PNT 0 18 6 1 0
PNT 10 18 52 1 0
PNT 64 18 2 1 0
PNT 66 18 1 1 3
PNT 67 18 18 1 0
PNT 85 18 1 1 4
PNT 86 18 1 1 0
PNT 87 18 1 1 4
PNT 88 18 6 1 0
PNT 96 18 7 1 0
PNT 103 18 11 1 7
PNT 114 18 1 1 6
PNT 115 18 13 1 0
PNT 0 19 10 1 0
PNT 13 19 17 1 0
PNT 32 19 35 1 0
PNT 67 19 2 1 3
PNT 69 19 15 1 0
PNT 84 19 1 1 5
PNT 85 19 1 1 0
PNT 86 19 1 1 4
PNT 87 19 1 1 0
PNT 88 19 1 1 4
PNT 89 19 12 1 0
PNT 101 19 2 1 7
PNT 103 19 1 1 6
PNT 104 19 1 1 7
PNT 105 19 5 1 5
PNT 110 19 1 1 7
PNT 111 19 1 1 5
PNT 113 19 1 1 5
PNT 114 19 2 1 7
PNT 116 19 2 1 0
PNT 118 19 2 1 4
PNT 120 19 8 1 0
PNT 68 20 2 1 3
PNT 70 20 1 1 4
PNT 84 20 1 1 5
PNT 98 20 1 1 3
PNT 99 20 1 1 2
PNT 100 20 1 1 3
PNT 101 20 3 1 2
PNT 104 20 2 1 5
PNT 106 20 5 1 3
PNT 111 20 3 1 5
PNT 114 20 1 1 2
PNT 115 20 1 1 5
PNT 116 20 2 1 7
PNT 74 21 1 1 4
PNT 83 21 1 1 5
PNT 85 21 1 1 5
PNT 87 21 1 1 4
PNT 97 21 1 1 2
PNT 98 21 1 1 7
PNT 99 21 1 1 6
PNT 101 21 1 1 2
PNT 106 21 5 1 5
PNT 111 21 2 1 3
PNT 113 21 3 1 5
PNT 116 21 1 1 7
PNT 117 21 1 1 4
PNT 118 21 1 1 7
PNT 0 22 22 1 0
PNT 26 22 16 1 0
PNT 45 22 27 1 0
PNT 72 22 2 1 4
PNT 77 22 6 1 0
PNT 83 22 1 1 5
PNT 84 22 1 1 0
PNT 85 22 1 1 5
PNT 86 22 8 1 0
PNT 95 22 1 1 0
PNT 96 22 1 1 3
PNT 97 22 1 1 6
PNT 99 22 2 1 2
PNT 103 22 3 1 2
PNT 109 22 2 1 0
PNT 111 22 1 1 7
PNT 112 22 1 1 6
PNT 113 22 3 1 5
PNT 116 22 2 1 4
PNT 118 22 1 1 2
PNT 119 22 1 1 7
PNT 120 22 8 1 0
PNT 0 23 26 1 0
PNT 29 23 17 1 0
PNT 48 23 26 1 0
PNT 74 23 2 1 4
PNT 76 23 1 1 0
PNT 77 23 1 1 5
PNT 80 23 2 1 0
PNT 82 23 1 1 5
PNT 83 23 1 1 0
PNT 84 23 1 1 5
PNT 85 23 1 1 0
PNT 86 23 1 1 5
PNT 87 23 7 1 0
PNT 94 23 2 1 2
PNT 97 23 1 1 2
PNT 98 23 1 1 6
PNT 100 23 1 1 3
PNT 101 23 2 1 5
PNT 104 23 1 1 3
PNT 105 23 1 1 5
PNT 106 23 1 1 4
PNT 107 23 1 1 3
PNT 108 23 1 1 2
PNT 112 23 2 1 2
PNT 114 23 1 1 3
PNT 115 23 5 1 4
PNT 121 23 1 1 4
PNT 122 23 6 1 0
PNT 76 24 1 1 4
PNT 77 24 1 1 5
PNT 79 24 2 1 5
PNT 82 24 1 1 5
PNT 84 24 1 1 5
PNT 94 24 1 1 3
PNT 95 24 1 1 2
PNT 96 24 1 1 6
PNT 98 24 1 1 3
PNT 99 24 1 1 2
PNT 102 24 4 1 4
PNT 106 24 1 1 3
PNT 107 24 1 1 2
PNT 114 24 2 1 2
PNT 116 24 1 1 5
PNT 117 24 5 1 4
PNT 122 24 1 1 2
PNT 78 25 2 1 5
PNT 81 25 3 1 5
PNT 85 25 1 1 5
PNT 93 25 1 1 2
PNT 94 25 1 1 7
PNT 95 25 2 1 6
PNT 97 25 1 1 2
PNT 99 25 1 1 6
PNT 100 25 1 1 5
PNT 101 25 1 1 6
PNT 102 25 3 1 4
PNT 105 25 1 1 3
PNT 106 25 1 1 2
PNT 109 25 1 1 2
PNT 112 25 1 1 2
PNT 113 25 2 1 3
PNT 116 25 1 1 2
PNT 117 25 1 1 4
PNT 118 25 1 1 7
PNT 119 25 1 1 4
PNT 120 25 1 1 7
PNT 0 26 80 1 0
PNT 80 26 2 1 5
PNT 82 26 1 1 0
PNT 83 26 2 1 5
PNT 85 26 5 1 0
PNT 91 26 1 1 0
PNT 92 26 1 1 3
PNT 93 26 1 1 2
PNT 94 26 1 1 6
PNT 96 26 1 1 3
PNT 97 26 5 1 6
PNT 102 26 2 1 7
PNT 104 26 1 1 3
PNT 105 26 1 1 4
PNT 109 26 3 1 6
PNT 112 26 1 1 5
PNT 113 26 1 1 2
PNT 118 26 2 1 4
PNT 120 26 1 1 3
PNT 121 26 7 1 0
PNT 0 27 80 1 0
PNT 80 27 1 1 5
PNT 81 27 1 1 0
PNT 82 27 4 1 5
PNT 86 27 4 1 0
PNT 90 27 1 1 2
PNT 91 27 1 1 7
PNT 93 27 2 1 6
PNT 95 27 1 1 2
PNT 97 27 1 1 5
PNT 98 27 2 1 6
PNT 101 27 2 1 6
PNT 103 27 2 1 4
PNT 105 27 1 1 7
PNT 106 27 2 1 5
PNT 108 27 1 1 3
PNT 112 27 1 1 3
PNT 113 27 3 1 5
PNT 116 27 1 1 4
PNT 117 27 1 1 5
PNT 118 27 1 1 4
PNT 119 27 1 1 7
PNT 120 27 8 1 0
PNT 80 28 1 1 6
PNT 81 28 1 1 0
PNT 82 28 1 1 7
PNT 83 28 1 1 6
PNT 84 28 2 1 5
PNT 90 28 1 1 6
PNT 91 28 1 1 2
PNT 92 28 1 1 6
PNT 94 28 1 1 3
PNT 95 28 1 1 6
PNT 96 28 1 1 5
PNT 97 28 5 1 6
PNT 104 28 1 1 4
PNT 105 28 1 1 5
PNT 106 28 2 1 7
PNT 108 28 1 1 5
PNT 109 28 1 1 2
PNT 110 28 1 1 3
PNT 111 28 1 1 2
PNT 112 28 2 1 5
PNT 114 28 1 1 4
PNT 116 28 1 1 4
PNT 117 28 2 1 7
PNT 78 29 1 1 6
PNT 79 29 1 1 0
PNT 80 29 1 1 7
PNT 81 29 1 1 6
PNT 82 29 1 1 7
PNT 83 29 1 1 6
PNT 84 29 1 1 0
PNT 86 29 1 1 5
PNT 89 29 1 1 6
PNT 90 29 1 1 7
PNT 91 29 2 1 6
PNT 93 29 1 1 2
PNT 95 29 1 1 5
PNT 96 29 2 1 6
PNT 99 29 3 1 6
PNT 103 29 1 1 4
PNT 106 29 1 1 4
PNT 107 29 1 1 5
PNT 108 29 3 1 7
PNT 114 29 1 1 4
PNT 115 29 2 1 7
PNT 117 29 1 1 4
PNT 0 30 10 1 0
PNT 12 30 54 1 0
PNT 68 30 8 1 0
PNT 76 30 1 1 6
PNT 77 30 1 1 0
PNT 78 30 1 1 7
PNT 79 30 1 1 6
PNT 80 30 1 1 7
PNT 81 30 1 1 5
PNT 82 30 1 1 0
PNT 83 30 1 1 2
PNT 84 30 1 1 6
PNT 85 30 1 1 0
PNT 87 30 2 1 6
PNT 89 30 1 1 7
PNT 90 30 1 1 3
PNT 92 30 1 1 3
PNT 93 30 2 1 5
PNT 95 30 3 1 6
PNT 100 30 2 1 0
PNT 102 30 1 1 4
PNT 103 30 2 1 0
PNT 105 30 1 1 4
PNT 106 30 4 1 0
PNT 110 30 1 1 5
PNT 111 30 4 1 7
PNT 115 30 1 1 4
PNT 116 30 2 1 0
PNT 118 30 1 1 4
PNT 119 30 9 1 0
PNT 0 31 14 1 0
PNT 16 31 18 1 0
PNT 36 31 38 1 0
PNT 74 31 1 1 6
PNT 75 31 1 1 0
PNT 76 31 1 1 7
PNT 77 31 1 1 6
PNT 78 31 1 1 7
PNT 79 31 1 1 5
PNT 80 31 1 1 0
PNT 81 31 1 1 2
PNT 83 31 2 1 5
PNT 85 31 1 1 4
PNT 86 31 1 1 2
PNT 87 31 1 1 6
PNT 89 31 2 1 7
PNT 91 31 1 1 2
PNT 93 31 3 1 6
PNT 97 31 3 1 6
PNT 100 31 4 1 0
PNT 104 31 1 1 4
PNT 105 31 11 1 0
PNT 116 31 1 1 4
PNT 117 31 11 1 0
PNT 72 32 1 1 6
PNT 73 32 1 1 0
PNT 74 32 1 1 7
PNT 75 32 1 1 6
PNT 76 32 1 1 7
PNT 77 32 1 1 5
PNT 78 32 1 1 0
PNT 79 32 1 1 2
PNT 81 32 2 1 5
PNT 83 32 1 1 4
PNT 85 32 2 1 6
PNT 87 32 1 1 2
PNT 88 32 1 1 7
PNT 89 32 1 1 2
PNT 92 32 2 1 6
PNT 96 32 2 1 6
PNT 70 33 1 1 5
PNT 71 33 1 1 0
PNT 72 33 2 1 6
PNT 76 33 1 1 0
PNT 77 33 1 1 2
PNT 80 33 1 1 5
PNT 81 33 2 1 4
PNT 83 33 1 1 7
PNT 85 33 1 1 6
PNT 87 33 1 1 7
PNT 88 33 1 1 5
PNT 89 33 1 1 2
PNT 91 33 3 1 6
PNT 95 33 1 1 6
PNT 0 34 26 1 0
PNT 28 34 2 1 0
PNT 32 34 16 1 0
PNT 51 34 17 1 0
PNT 68 34 1 1 5
PNT 69 34 1 1 0
PNT 70 34 1 1 6
PNT 71 34 1 1 5
PNT 72 34 1 1 6
PNT 73 34 1 1 5
PNT 74 34 1 1 0
PNT 75 34 1 1 2
PNT 77 34 2 1 5
PNT 79 34 1 1 4
PNT 83 34 1 1 4
PNT 84 34 1 1 6
PNT 85 34 1 1 2
PNT 86 34 1 1 6
PNT 87 34 1 1 7
PNT 88 34 1 1 3
PNT 89 34 1 1 5
PNT 90 34 6 1 6
PNT 96 34 16 1 0
PNT 115 34 13 1 0
PNT 0 35 32 1 0
PNT 35 35 9 1 0
PNT 44 35 6 1 7
PNT 52 35 8 1 7
PNT 60 35 1 1 6
PNT 61 35 5 1 0
PNT 66 35 1 1 5
PNT 67 35 1 1 0
PNT 68 35 1 1 6
PNT 69 35 1 1 5
PNT 70 35 1 1 6
PNT 71 35 1 1 4
PNT 72 35 1 1 0
PNT 73 35 1 1 2
PNT 75 35 2 1 5
PNT 77 35 2 1 4
PNT 79 35 1 1 6
PNT 80 35 2 1 4
PNT 85 35 1 1 6
PNT 86 35 1 1 7
PNT 87 35 1 1 2
PNT 89 35 3 1 6
PNT 93 35 3 1 6
PNT 96 35 18 1 0
PNT 116 35 12 1 0
PNT 38 36 1 1 2
PNT 40 36 4 1 7
PNT 44 36 14 1 6
PNT 58 36 1 1 2
PNT 59 36 1 1 6
PNT 60 36 4 1 7
PNT 64 36 1 1 4
PNT 65 36 1 1 0
PNT 66 36 1 1 6
PNT 67 36 1 1 5
PNT 68 36 1 1 6
PNT 69 36 1 1 4
PNT 70 36 1 1 0
PNT 71 36 1 1 2
PNT 73 36 4 1 4
PNT 77 36 1 1 6
PNT 78 36 2 1 4
PNT 80 36 1 1 6
PNT 81 36 1 1 5
PNT 82 36 3 1 6
PNT 86 36 1 1 7
PNT 87 36 1 1 2
PNT 88 36 6 1 6
PNT 34 37 1 1 2
PNT 36 37 4 1 7
PNT 40 37 2 1 6
PNT 42 37 1 1 2
PNT 43 37 1 1 6
PNT 44 37 1 1 2
PNT 45 37 1 1 6
PNT 46 37 1 1 2
PNT 47 37 15 1 6
PNT 62 37 1 1 2
PNT 63 37 1 1 0
PNT 64 37 4 1 7
PNT 68 37 1 1 0
PNT 69 37 1 1 2
PNT 71 37 2 1 4
PNT 73 37 1 1 3
PNT 74 37 1 1 4
PNT 75 37 1 1 6
PNT 76 37 2 1 4
PNT 78 37 4 1 5
PNT 83 37 1 1 6
PNT 85 37 2 1 7
PNT 87 37 2 1 6
PNT 89 37 1 1 5
PNT 91 37 3 1 6
PNT 0 38 10 1 0
PNT 10 38 1 1 2
PNT 11 38 19 1 0
PNT 30 38 1 1 2
PNT 31 38 1 1 0
PNT 32 38 4 1 7
PNT 36 38 2 1 6
PNT 38 38 1 1 2
PNT 39 38 1 1 6
PNT 40 38 1 1 2
PNT 41 38 1 1 6
PNT 42 38 1 1 7
PNT 43 38 1 1 0
PNT 44 38 3 1 7
PNT 47 38 1 1 0
PNT 48 38 3 1 7
PNT 51 38 1 1 0
PNT 52 38 1 1 7
PNT 54 38 1 1 7
PNT 55 38 1 1 0
PNT 56 38 1 1 6
PNT 58 38 1 1 6
PNT 60 38 1 1 6
PNT 61 38 1 1 0
PNT 62 38 1 1 5
PNT 64 38 1 1 5
PNT 65 38 1 1 4
PNT 66 38 1 1 0
PNT 67 38 1 1 2
PNT 69 38 3 1 7
PNT 72 38 1 1 3
PNT 73 38 1 1 6
PNT 74 38 2 1 4
PNT 76 38 2 1 0
PNT 78 38 1 1 6
PNT 79 38 3 1 5
PNT 84 38 1 1 3
PNT 85 38 1 1 7
PNT 86 38 1 1 3
PNT 87 38 1 1 6
PNT 88 38 4 1 5
PNT 92 38 36 1 0
PNT 0 39 9 1 0
PNT 9 39 1 1 3
PNT 10 39 18 1 0
PNT 29 39 3 1 7
PNT 32 39 2 1 4
PNT 34 39 1 1 2
PNT 35 39 1 1 6
PNT 36 39 1 1 2
PNT 37 39 1 1 6
PNT 38 39 1 1 7
PNT 39 39 1 1 0
PNT 40 39 5 1 7
PNT 45 39 1 1 0
PNT 46 39 2 1 7
PNT 48 39 1 1 0
PNT 49 39 2 1 7
PNT 51 39 1 1 0
PNT 52 39 2 1 7
PNT 54 39 1 1 0
PNT 55 39 4 1 7
PNT 59 39 1 1 0
PNT 60 39 2 1 6
PNT 62 39 1 1 5
PNT 63 39 2 1 3
PNT 65 39 1 1 2
PNT 67 39 2 1 4
PNT 69 39 1 1 3
PNT 70 39 1 1 2
PNT 71 39 1 1 5
PNT 72 39 4 1 7
PNT 76 39 2 1 0
PNT 78 39 2 1 5
PNT 81 39 2 1 5
PNT 83 39 1 1 2
PNT 84 39 1 1 7
PNT 85 39 1 1 5
PNT 86 39 1 1 6
PNT 87 39 1 1 5
PNT 89 39 3 1 5
PNT 92 39 36 1 0
PNT 6 40 1 1 4
PNT 8 40 1 1 3
PNT 11 40 1 1 6
PNT 25 40 2 1 6
PNT 27 40 2 1 7
PNT 29 40 3 1 4
PNT 32 40 1 1 2
PNT 33 40 1 1 6
PNT 34 40 1 1 7
PNT 35 40 1 1 0
PNT 36 40 3 1 7
PNT 39 40 1 1 0
PNT 40 40 1 1 7
PNT 42 40 1 1 7
PNT 43 40 1 1 6
PNT 44 40 1 1 2
PNT 45 40 1 1 5
PNT 46 40 1 1 7
PNT 48 40 2 1 5
PNT 50 40 1 1 7
PNT 51 40 2 1 5
PNT 54 40 1 1 7
PNT 55 40 1 1 5
PNT 56 40 1 1 7
PNT 57 40 1 1 0
PNT 58 40 2 1 7
PNT 60 40 1 1 4
PNT 61 40 1 1 5
PNT 62 40 1 1 7
PNT 63 40 1 1 2
PNT 65 40 2 1 3
PNT 67 40 2 1 6
PNT 70 40 1 1 6
PNT 73 40 2 1 5
PNT 75 40 1 1 6
PNT 76 40 3 1 7
PNT 79 40 3 1 5
PNT 82 40 1 1 2
PNT 83 40 1 1 7
PNT 84 40 1 1 5
PNT 85 40 1 1 2
PNT 86 40 2 1 5
PNT 89 40 1 1 5
PNT 5 41 1 1 4
PNT 7 41 1 1 4
PNT 9 41 1 1 6
PNT 12 41 1 1 6
PNT 23 41 2 1 6
PNT 25 41 2 1 7
PNT 27 41 1 1 4
PNT 28 41 1 1 2
PNT 29 41 1 1 6
PNT 30 41 1 1 2
PNT 31 41 1 1 0
PNT 32 41 4 1 7
PNT 36 41 1 1 0
PNT 37 41 2 1 7
PNT 39 41 2 1 6
PNT 41 41 4 1 5
PNT 45 41 1 1 2
PNT 46 41 1 1 5
PNT 47 41 1 1 2
PNT 48 41 1 1 5
PNT 49 41 1 1 2
PNT 50 41 1 1 5
PNT 51 41 1 1 2
PNT 52 41 1 1 5
PNT 53 41 1 1 2
PNT 54 41 1 1 5
PNT 55 41 2 1 2
PNT 57 41 1 1 5
PNT 58 41 1 1 7
PNT 59 41 1 1 5
PNT 60 41 1 1 3
PNT 61 41 1 1 5
PNT 63 41 1 1 0
PNT 64 41 2 1 7
PNT 66 41 1 1 6
PNT 67 41 1 1 0
PNT 68 41 1 1 3
PNT 69 41 4 1 6
PNT 74 41 1 1 2
PNT 75 41 1 1 6
PNT 77 41 2 1 5
PNT 79 41 2 1 7
PNT 81 41 1 1 5
PNT 82 41 2 1 7
PNT 84 41 1 1 6
PNT 85 41 1 1 5
PNT 87 41 2 1 5
PNT 89 41 1 1 2
PNT 0 42 4 1 0
PNT 4 42 1 1 5
PNT 5 42 1 1 0
PNT 6 42 4 1 4
PNT 10 42 1 1 6
PNT 11 42 1 1 0
PNT 12 42 1 1 6
PNT 13 42 8 1 0
PNT 21 42 1 1 7
PNT 22 42 1 1 6
PNT 23 42 2 1 7
PNT 25 42 1 1 5
PNT 26 42 1 1 2
PNT 27 42 1 1 0
PNT 28 42 1 1 6
PNT 29 42 1 1 7
PNT 30 42 2 1 6
PNT 32 42 1 1 7
PNT 33 42 1 1 0
PNT 34 42 1 1 7
PNT 36 42 1 1 6
PNT 37 42 3 1 5
PNT 40 42 1 1 0
PNT 42 42 1 1 5
PNT 43 42 1 1 0
PNT 44 42 1 1 5
PNT 46 42 1 1 0
PNT 47 42 2 1 5
PNT 49 42 1 1 0
PNT 50 42 2 1 5
PNT 52 42 2 1 0
PNT 54 42 1 1 5
PNT 55 42 1 1 0
PNT 56 42 1 1 5
PNT 57 42 1 1 2
PNT 58 42 1 1 0
PNT 59 42 1 1 2
PNT 60 42 1 1 5
PNT 61 42 1 1 2
PNT 62 42 1 1 7
PNT 63 42 1 1 5
PNT 64 42 1 1 7
PNT 65 42 1 1 2
PNT 66 42 1 1 0
PNT 67 42 1 1 7
PNT 68 42 1 1 6
PNT 69 42 1 1 2
PNT 70 42 1 1 6
PNT 71 42 1 1 0
PNT 72 42 2 1 6
PNT 77 42 4 1 5
PNT 81 42 1 1 7
PNT 82 42 2 1 6
PNT 84 42 1 1 3
PNT 85 42 1 1 5
PNT 86 42 1 1 2
PNT 88 42 1 1 2
PNT 89 42 39 1 0
PNT 0 43 3 1 0
PNT 3 43 4 1 5
PNT 7 43 2 1 4
PNT 9 43 1 1 0
PNT 10 43 2 1 4
PNT 12 43 1 1 0
PNT 13 43 1 1 6
PNT 14 43 1 1 0
PNT 15 43 1 1 7
PNT 16 43 3 1 6
PNT 19 43 2 1 7
PNT 21 43 1 1 2
PNT 22 43 1 1 7
PNT 23 43 1 1 5
PNT 24 43 1 1 2
PNT 25 43 1 1 5
PNT 26 43 1 1 6
PNT 27 43 1 1 7
PNT 28 43 2 1 6
PNT 30 43 1 1 7
PNT 31 43 1 1 6
PNT 32 43 1 1 2
PNT 33 43 2 1 6
PNT 35 43 2 1 5
PNT 37 43 1 1 0
PNT 38 43 2 1 5
PNT 40 43 1 1 3
PNT 41 43 1 1 5
PNT 43 43 1 1 5
PNT 44 43 1 1 3
PNT 45 43 1 1 6
PNT 47 43 1 1 5
PNT 48 43 1 1 3
PNT 49 43 1 1 6
PNT 51 43 1 1 5
PNT 52 43 1 1 3
PNT 53 43 1 1 6
PNT 55 43 1 1 5
PNT 56 43 1 1 3
PNT 58 43 2 1 5
PNT 60 43 3 1 2
PNT 63 43 1 1 5
PNT 64 43 1 1 2
PNT 65 43 1 1 5
PNT 66 43 1 1 7
PNT 67 43 3 1 4
PNT 70 43 1 1 3
PNT 71 43 1 1 6
PNT 73 43 2 1 6
PNT 75 43 1 1 0
PNT 76 43 1 1 6
PNT 78 43 1 1 2
PNT 79 43 1 1 6
PNT 81 43 2 1 6
PNT 83 43 1 1 2
PNT 84 43 1 1 5
PNT 85 43 1 1 2
PNT 86 43 1 1 5
PNT 87 43 1 1 2
PNT 88 43 2 1 4
PNT 90 43 38 1 0
PNT 2 44 1 1 5
PNT 3 44 3 1 4
PNT 6 44 1 1 5
PNT 7 44 1 1 0
PNT 8 44 5 1 4
PNT 13 44 1 1 7
PNT 14 44 1 1 2
PNT 15 44 4 1 6
PNT 19 44 1 1 2
PNT 20 44 1 1 7
PNT 21 44 1 1 3
PNT 22 44 2 1 5
PNT 24 44 1 1 6
PNT 25 44 2 1 7
PNT 27 44 1 1 6
PNT 29 44 1 1 2
PNT 30 44 2 1 5
PNT 32 44 1 1 6
PNT 34 44 1 1 0
PNT 35 44 1 1 5
PNT 36 44 1 1 3
PNT 37 44 1 1 5
PNT 39 44 1 1 5
PNT 40 44 1 1 6
PNT 41 44 1 1 2
PNT 42 44 1 1 5
PNT 44 44 1 1 3
PNT 45 44 1 1 6
PNT 46 44 1 1 5
PNT 48 44 2 1 6
PNT 52 44 1 1 6
PNT 53 44 1 1 2
PNT 54 44 1 1 5
PNT 57 44 1 1 6
PNT 59 44 1 1 2
PNT 60 44 1 1 3
PNT 62 44 1 1 0
PNT 63 44 1 1 2
PNT 64 44 1 1 3
PNT 65 44 1 1 4
PNT 66 44 2 1 2
PNT 68 44 1 1 7
PNT 69 44 1 1 2
PNT 70 44 1 1 7
PNT 71 44 1 1 2
PNT 72 44 1 1 4
PNT 73 44 5 1 6
PNT 78 44 1 1 7
PNT 80 44 1 1 2
PNT 81 44 1 1 6
PNT 82 44 1 1 3
PNT 83 44 1 1 5
PNT 84 44 1 1 2
PNT 85 44 1 1 4
PNT 86 44 1 1 2
PNT 87 44 1 1 3
PNT 88 44 2 1 4
PNT 91 44 2 1 5
PNT 2 45 2 1 4
PNT 4 45 1 1 5
PNT 5 45 1 1 0
PNT 6 45 2 1 4
PNT 8 45 2 1 5
PNT 10 45 1 1 4
PNT 11 45 1 1 7
PNT 12 45 1 1 2
PNT 14 45 3 1 6
PNT 17 45 1 1 2
PNT 18 45 1 1 3
PNT 19 45 1 1 7
PNT 20 45 2 1 5
PNT 22 45 1 1 2
PNT 23 45 1 1 7
PNT 24 45 2 1 6
PNT 27 45 1 1 7
PNT 28 45 3 1 5
PNT 32 45 1 1 3
PNT 33 45 1 1 2
PNT 35 45 1 1 2
PNT 36 45 2 1 6
PNT 38 45 1 1 2
PNT 40 45 2 1 6
PNT 42 45 2 1 5
PNT 45 45 1 1 2
PNT 46 45 2 1 5
PNT 49 45 3 1 5
PNT 53 45 3 1 5
PNT 57 45 1 1 5
PNT 58 45 1 1 2
PNT 60 45 2 1 6
PNT 62 45 1 1 4
PNT 63 45 1 1 2
PNT 64 45 6 1 6
PNT 70 45 1 1 2
PNT 71 45 1 1 7
PNT 72 45 1 1 3
PNT 73 45 1 1 6
PNT 74 45 1 1 7
PNT 75 45 1 1 6
PNT 77 45 1 1 2
PNT 78 45 1 1 0
PNT 79 45 1 1 2
PNT 80 45 1 1 6
PNT 81 45 1 1 2
PNT 82 45 1 1 5
PNT 83 45 1 1 2
PNT 84 45 1 1 3
PNT 85 45 1 1 2
PNT 86 45 2 1 4
PNT 88 45 1 1 2
PNT 89 45 2 1 5
PNT 0 46 1 1 0
PNT 1 46 1 1 5
PNT 2 46 1 1 6
PNT 3 46 1 1 0
PNT 4 46 2 1 4
PNT 6 46 2 1 5
PNT 8 46 1 1 4
PNT 9 46 1 1 7
PNT 10 46 1 1 2
PNT 12 46 1 1 7
PNT 13 46 1 1 6
PNT 14 46 1 1 4
PNT 15 46 1 1 6
PNT 16 46 1 1 3
PNT 17 46 1 1 6
PNT 18 46 1 1 7
PNT 19 46 1 1 5
PNT 20 46 1 1 6
PNT 21 46 1 1 7
PNT 22 46 1 1 6
PNT 23 46 1 1 3
PNT 25 46 1 1 7
PNT 26 46 3 1 5
PNT 30 46 2 1 5
PNT 32 46 1 1 2
PNT 33 46 1 1 6
PNT 34 46 1 1 5
PNT 36 46 1 1 6
PNT 37 46 1 1 2
PNT 38 46 2 1 5
PNT 41 46 1 1 5
PNT 43 46 2 1 5
PNT 46 46 1 1 3
PNT 47 46 2 1 5
PNT 51 46 2 1 5
PNT 55 46 2 1 5
PNT 59 46 1 1 5
PNT 61 46 1 1 4
PNT 62 46 1 1 3
PNT 63 46 2 1 6
PNT 65 46 1 1 7
PNT 66 46 1 1 6
PNT 67 46 1 1 7
PNT 68 46 5 1 6
PNT 73 46 1 1 2
PNT 75 46 2 1 4
PNT 77 46 1 1 6
PNT 78 46 1 1 2
PNT 79 46 1 1 6
PNT 80 46 2 1 3
PNT 82 46 1 1 2
PNT 83 46 1 1 5
PNT 84 46 1 1 3
PNT 85 46 1 1 2
PNT 86 46 2 1 4
PNT 88 46 1 1 5
PNT 89 46 1 1 4
PNT 90 46 1 1 0
PNT 91 46 2 1 4
PNT 93 46 35 1 0
PNT 0 47 2 1 0
PNT 2 47 2 1 4
PNT 4 47 2 1 5
PNT 6 47 1 1 4
PNT 7 47 1 1 6
PNT 8 47 1 1 2
PNT 10 47 1 1 7
PNT 11 47 1 1 6
PNT 12 47 2 1 4
PNT 14 47 1 1 6
PNT 15 47 1 1 2
PNT 16 47 1 1 6
PNT 17 47 1 1 5
PNT 18 47 1 1 4
PNT 19 47 1 1 7
PNT 20 47 2 1 6
PNT 24 47 1 1 2
PNT 25 47 2 1 5
PNT 28 47 4 1 5
PNT 32 47 1 1 2
PNT 33 47 1 1 6
PNT 34 47 2 1 5
PNT 37 47 1 1 5
PNT 39 47 2 1 5
PNT 42 47 2 1 5
PNT 44 47 1 1 6
PNT 45 47 1 1 2
PNT 46 47 1 1 6
PNT 47 47 1 1 2
PNT 48 47 1 1 6
PNT 49 47 1 1 2
PNT 50 47 3 1 6
PNT 53 47 1 1 2
PNT 54 47 3 1 6
PNT 57 47 1 1 2
PNT 58 47 2 1 6
PNT 60 47 1 1 4
PNT 61 47 1 1 2
PNT 62 47 1 1 6
PNT 63 47 1 1 7
PNT 64 47 3 1 2
PNT 67 47 5 1 6
PNT 73 47 1 1 6
PNT 74 47 1 1 3
PNT 75 47 1 1 2
PNT 76 47 1 1 6
PNT 77 47 1 1 4
PNT 78 47 1 1 0
PNT 79 47 1 1 2
PNT 80 47 2 1 6
PNT 82 47 1 1 2
PNT 83 47 1 1 5
PNT 84 47 1 1 2
PNT 86 47 5 1 4
PNT 91 47 37 1 0
PNT 0 48 1 1 7
PNT 1 48 1 1 5
PNT 2 48 1 1 4
PNT 3 48 3 1 5
PNT 8 48 1 1 7
PNT 9 48 1 1 5
PNT 10 48 2 1 4
PNT 12 48 1 1 6
PNT 13 48 1 1 4
PNT 14 48 1 1 3
PNT 15 48 2 1 5
PNT 17 48 1 1 2
PNT 18 48 1 1 7
PNT 19 48 1 1 4
PNT 23 48 2 1 5
PNT 25 48 1 1 3
PNT 26 48 4 1 5
PNT 30 48 2 1 2
PNT 33 48 1 1 5
PNT 35 48 2 1 2
PNT 38 48 2 1 5
PNT 40 48 1 1 2
PNT 41 48 3 1 6
PNT 44 48 1 1 2
PNT 45 48 3 1 6
PNT 48 48 1 1 3
PNT 49 48 3 1 6
PNT 52 48 1 1 2
PNT 53 48 3 1 6
PNT 56 48 1 1 2
PNT 57 48 2 1 6
PNT 59 48 1 1 2
PNT 60 48 1 1 3
PNT 61 48 1 1 7
PNT 62 48 2 1 2
PNT 64 48 3 1 6
PNT 67 48 3 1 5
PNT 71 48 1 1 2
PNT 72 48 3 1 6
PNT 75 48 2 1 2
PNT 78 48 1 1 3
PNT 79 48 1 1 4
PNT 80 48 1 1 3
PNT 81 48 1 1 6
PNT 84 48 2 1 5
PNT 87 48 3 1 4
PNT 0 49 3 1 4
PNT 3 49 2 1 5
PNT 5 49 1 1 6
PNT 6 49 1 1 2
PNT 7 49 1 1 5
PNT 8 49 2 1 4
PNT 10 49 1 1 5
PNT 11 49 1 1 4
PNT 12 49 2 1 3
PNT 14 49 1 1 6
PNT 15 49 2 1 2
PNT 17 49 1 1 5
PNT 18 49 1 1 7
PNT 20 49 1 1 7
PNT 21 49 2 1 5
PNT 25 49 1 1 5
PNT 26 49 1 1 2
PNT 27 49 3 1 5
PNT 30 49 1 1 2
PNT 31 49 2 1 5
PNT 34 49 2 1 2
PNT 36 49 2 1 6
PNT 38 49 1 1 5
PNT 39 49 2 1 2
PNT 41 49 1 1 6
PNT 42 49 1 1 5
PNT 43 49 2 1 2
PNT 45 49 1 1 6
PNT 46 49 1 1 5
PNT 47 49 3 1 2
PNT 50 49 1 1 5
PNT 51 49 2 1 2
PNT 53 49 1 1 6
PNT 54 49 1 1 5
PNT 55 49 2 1 2
PNT 57 49 1 1 6
PNT 59 49 1 1 2
PNT 60 49 1 1 6
PNT 61 49 1 1 2
PNT 62 49 2 1 6
PNT 64 49 4 1 5
PNT 69 49 3 1 5
PNT 73 49 1 1 2
PNT 74 49 2 1 6
PNT 76 49 1 1 3
PNT 77 49 1 1 2
PNT 78 49 2 1 5
PNT 82 49 1 1 5
PNT 83 49 2 1 7
PNT 85 49 1 1 5
PNT 86 49 1 1 4
PNT 88 49 2 1 4
PNT 0 50 1 1 4
PNT 1 50 4 1 5
PNT 6 50 2 1 4
PNT 8 50 1 1 5
PNT 9 50 1 1 4
PNT 10 50 3 1 3
PNT 13 50 2 1 2
PNT 16 50 1 1 0
PNT 18 50 1 1 3
PNT 19 50 2 1 7
PNT 21 50 1 1 4
PNT 22 50 1 1 7
PNT 23 50 3 1 5
PNT 27 50 1 1 3
PNT 28 50 1 1 5
PNT 29 50 2 1 2
PNT 31 50 3 1 4
PNT 34 50 1 1 2
PNT 35 50 1 1 5
PNT 36 50 2 1 4
PNT 38 50 2 1 2
PNT 40 50 2 1 0
PNT 42 50 2 1 2
PNT 44 50 2 1 0
PNT 46 50 2 1 2
PNT 48 50 2 1 0
PNT 50 50 1 1 3
PNT 51 50 1 1 2
PNT 52 50 2 1 0
PNT 54 50 2 1 2
PNT 56 50 2 1 0
PNT 58 50 1 1 3
PNT 60 50 1 1 0
PNT 62 50 1 1 3
PNT 63 50 1 1 5
PNT 65 50 1 1 4
PNT 68 50 2 1 4
PNT 70 50 5 1 5
PNT 75 50 1 1 4
PNT 77 50 3 1 5
PNT 80 50 3 1 7
PNT 83 50 1 1 5
PNT 85 50 1 1 5
PNT 86 50 2 1 0
PNT 89 50 39 1 0
PNT 0 51 1 1 4
PNT 1 51 3 1 5
PNT 4 51 1 1 2
PNT 5 51 1 1 4
PNT 6 51 1 1 5
PNT 7 51 1 1 4
PNT 8 51 3 1 3
PNT 11 51 1 1 2
PNT 12 51 1 1 3
PNT 13 51 1 1 4
PNT 14 51 1 1 0
PNT 16 51 2 1 5
PNT 18 51 1 1 6
PNT 20 51 1 1 5
PNT 21 51 2 1 7
PNT 23 51 1 1 5
PNT 24 51 1 1 7
PNT 25 51 3 1 5
PNT 29 51 1 1 5
PNT 30 51 1 1 2
PNT 32 51 1 1 4
PNT 33 51 2 1 2
PNT 35 51 3 1 4
PNT 38 51 1 1 2
PNT 39 51 3 1 4
PNT 42 51 1 1 2
PNT 43 51 3 1 4
PNT 46 51 1 1 2
PNT 47 51 3 1 4
PNT 50 51 2 1 2
PNT 52 51 2 1 4
PNT 54 51 1 1 2
PNT 55 51 2 1 4
PNT 57 51 1 1 2
PNT 58 51 2 1 4
PNT 61 51 1 1 4
PNT 63 51 1 1 3
PNT 65 51 2 1 4
PNT 67 51 1 1 2
PNT 70 51 1 1 2
PNT 71 51 1 1 4
PNT 73 51 2 1 4
PNT 75 51 1 1 5
PNT 76 51 1 1 7
PNT 77 51 1 1 5
PNT 78 51 3 1 7
PNT 81 51 1 1 3
PNT 82 51 1 1 4
PNT 83 51 2 1 0
PNT 86 51 3 1 0
PNT 90 51 38 1 0
PNT 0 52 2 1 5
PNT 2 52 1 1 3
PNT 4 52 2 1 4
PNT 6 52 3 1 3
PNT 9 52 1 1 5
PNT 10 52 2 1 3
PNT 12 52 1 1 0
PNT 14 52 1 1 4
PNT 15 52 1 1 5
PNT 16 52 1 1 6
PNT 18 52 2 1 5
PNT 20 52 2 1 3
PNT 22 52 1 1 5
PNT 23 52 2 1 7
PNT 25 52 4 1 5
PNT 29 52 1 1 3
PNT 31 52 1 1 4
PNT 32 52 1 1 2
PNT 34 52 1 1 5
PNT 36 52 3 1 2
PNT 39 52 2 1 4
PNT 41 52 2 1 2
PNT 43 52 2 1 4
PNT 45 52 2 1 2
PNT 47 52 2 1 4
PNT 49 52 2 1 2
PNT 51 52 1 1 4
PNT 52 52 1 1 3
PNT 53 52 1 1 2
PNT 54 52 2 1 4
PNT 56 52 1 1 3
PNT 58 52 2 1 4
PNT 60 52 1 1 2
PNT 64 52 2 1 3
PNT 66 52 1 1 5
PNT 67 52 5 1 4
PNT 72 52 1 1 7
PNT 74 52 4 1 7
PNT 78 52 1 1 6
PNT 79 52 1 1 3
PNT 80 52 2 1 5
PNT 1 53 1 1 3
PNT 2 53 1 1 2
PNT 3 53 1 1 4
PNT 4 53 3 1 3
PNT 7 53 1 1 4
PNT 8 53 2 1 3
PNT 10 53 1 1 0
PNT 11 53 1 1 3
PNT 13 53 1 1 4
PNT 14 53 1 1 5
PNT 15 53 1 1 4
PNT 16 53 2 1 6
PNT 18 53 2 1 5
PNT 22 53 2 1 3
PNT 24 53 1 1 6
PNT 25 53 2 1 7
PNT 27 53 1 1 5
PNT 28 53 1 1 7
PNT 29 53 1 1 5
PNT 30 53 1 1 2
PNT 31 53 1 1 5
PNT 33 53 2 1 3
PNT 35 53 1 1 5
PNT 36 53 1 1 2
PNT 37 53 2 1 5
PNT 40 53 1 1 2
PNT 41 53 1 1 4
PNT 42 53 1 1 2
PNT 44 53 1 1 2
PNT 46 53 1 1 4
PNT 48 53 1 1 2
PNT 49 53 2 1 4
PNT 52 53 2 1 2
PNT 54 53 1 1 3
PNT 55 53 1 1 2
PNT 56 53 4 1 4
PNT 61 53 1 1 5
PNT 63 53 1 1 5
PNT 65 53 1 1 5
PNT 66 53 2 1 3
PNT 68 53 1 1 7
PNT 69 53 1 1 6
PNT 70 53 4 1 7
PNT 74 53 2 1 6
PNT 76 53 3 1 3
PNT 80 53 2 1 5
PNT 0 54 1 1 5
PNT 2 54 1 1 4
PNT 3 54 2 1 3
PNT 5 54 1 1 4
PNT 6 54 2 1 3
PNT 8 54 1 1 0
PNT 9 54 2 1 3
PNT 12 54 1 1 4
PNT 13 54 3 1 5
PNT 16 54 2 1 6
PNT 18 54 5 1 0
PNT 23 54 1 1 7
PNT 24 54 1 1 6
PNT 25 54 2 1 3
PNT 27 54 3 1 7
PNT 30 54 2 1 3
PNT 32 54 1 1 7
PNT 33 54 1 1 5
PNT 35 54 8 1 5
PNT 43 54 1 1 0
PNT 44 54 3 1 5
PNT 47 54 1 1 0
PNT 48 54 3 1 5
PNT 51 54 1 1 0
PNT 52 54 3 1 5
PNT 55 54 1 1 4
PNT 57 54 1 1 5
PNT 59 54 5 1 5
PNT 64 54 1 1 7
PNT 66 54 2 1 7
PNT 68 54 1 1 2
PNT 69 54 1 1 7
PNT 70 54 6 1 3
PNT 76 54 2 1 5
PNT 78 54 1 1 0
PNT 79 54 2 1 4
PNT 81 54 47 1 0
PNT 0 55 1 1 3
PNT 1 55 1 1 2
PNT 2 55 1 1 3
PNT 3 55 1 1 4
PNT 4 55 2 1 3
PNT 6 55 1 1 0
PNT 7 55 1 1 3
PNT 8 55 2 1 0
PNT 11 55 1 1 0
PNT 12 55 1 1 5
PNT 13 55 1 1 0
PNT 14 55 2 1 5
PNT 16 55 1 1 0
PNT 17 55 1 1 4
PNT 18 55 5 1 0
PNT 23 55 1 1 7
PNT 24 55 1 1 2
PNT 25 55 1 1 4
PNT 26 55 2 1 5
PNT 28 55 1 1 4
PNT 29 55 1 1 5
PNT 30 55 3 1 7
PNT 33 55 1 1 3
PNT 34 55 1 1 2
PNT 35 55 1 1 6
PNT 36 55 1 1 7
PNT 37 55 1 1 5
PNT 39 55 7 1 5
PNT 47 55 1 1 5
PNT 49 55 1 1 5
PNT 51 55 1 1 5
PNT 53 55 1 1 5
PNT 55 55 1 1 4
PNT 56 55 4 1 5
PNT 60 55 1 1 7
PNT 61 55 1 1 5
PNT 62 55 4 1 7
PNT 66 55 3 1 6
PNT 70 55 1 1 4
PNT 71 55 4 1 5
PNT 75 55 2 1 4
PNT 78 55 50 1 0
PNT 1 56 3 1 3
PNT 4 56 1 1 0
PNT 6 56 1 1 4
PNT 7 56 5 1 3
PNT 12 56 4 1 5
PNT 22 56 1 1 5
PNT 24 56 1 1 6
PNT 26 56 2 1 4
PNT 28 56 1 1 5
PNT 29 56 2 1 4
PNT 32 56 2 1 4
PNT 34 56 1 1 5
PNT 35 56 1 1 3
PNT 36 56 1 1 2
PNT 37 56 1 1 3
PNT 38 56 1 1 4
PNT 39 56 1 1 5
PNT 40 56 1 1 7
PNT 41 56 1 1 5
PNT 43 56 1 1 5
PNT 44 56 1 1 7
PNT 45 56 3 1 5
PNT 48 56 1 1 7
PNT 49 56 3 1 5
PNT 52 56 1 1 7
PNT 53 56 1 1 5
PNT 54 56 2 1 4
PNT 56 56 1 1 7
PNT 57 56 1 1 5
PNT 58 56 1 1 2
PNT 59 56 3 1 7
PNT 62 56 2 1 6
PNT 64 56 1 1 5
PNT 65 56 2 1 4
PNT 67 56 1 1 5
PNT 68 56 1 1 2
PNT 69 56 2 1 5
PNT 71 56 3 1 4
PNT 0 57 1 1 4
PNT 1 57 1 1 3
PNT 2 57 1 1 0
PNT 3 57 1 1 4
PNT 4 57 1 1 3
PNT 5 57 1 1 4
PNT 6 57 1 1 3
PNT 8 57 4 1 3
PNT 12 57 2 1 5
PNT 22 57 1 1 5
PNT 24 57 1 1 2
PNT 25 57 1 1 6
PNT 26 57 2 1 5
PNT 28 57 4 1 4
PNT 32 57 1 1 5
PNT 33 57 1 1 4
PNT 34 57 1 1 2
PNT 35 57 1 1 5
PNT 36 57 2 1 4
PNT 38 57 1 1 2
PNT 39 57 1 1 3
PNT 40 57 1 1 2
PNT 41 57 17 1 7
PNT 58 57 1 1 5
PNT 60 57 1 1 5
PNT 61 57 2 1 4
PNT 64 57 2 1 5
PNT 66 57 1 1 6
PNT 67 57 1 1 4
PNT 68 57 1 1 6
PNT 70 57 3 1 5
PNT 73 57 1 1 4
PNT 74 57 1 1 5
PNT 0 58 1 1 0
PNT 1 58 1 1 2
PNT 2 58 2 1 3
PNT 4 58 1 1 4
PNT 5 58 4 1 3
PNT 9 58 1 1 0
PNT 10 58 2 1 3
PNT 12 58 2 1 5
PNT 14 58 8 1 0
PNT 22 58 1 1 5
PNT 23 58 1 1 0
PNT 24 58 1 1 6
PNT 26 58 3 1 5
PNT 29 58 1 1 4
PNT 30 58 1 1 0
PNT 31 58 2 1 4
PNT 33 58 2 1 5
PNT 36 58 1 1 5
PNT 37 58 2 1 4
PNT 39 58 1 1 0
PNT 40 58 1 1 4
PNT 41 58 1 1 0
PNT 42 58 2 1 6
PNT 44 58 1 1 4
PNT 45 58 1 1 0
PNT 46 58 2 1 6
PNT 48 58 1 1 4
PNT 49 58 1 1 0
PNT 50 58 2 1 6
PNT 52 58 1 1 4
PNT 53 58 1 1 0
PNT 54 58 2 1 6
PNT 56 58 2 1 4
PNT 58 58 1 1 2
PNT 59 58 3 1 5
PNT 62 58 3 1 4
PNT 65 58 1 1 6
PNT 66 58 1 1 5
PNT 67 58 1 1 0
PNT 68 58 1 1 2
PNT 69 58 1 1 6
PNT 70 58 4 1 5
PNT 74 58 1 1 4
PNT 75 58 1 1 5
PNT 76 58 52 1 0
PNT 0 59 2 1 0
PNT 2 59 1 1 4
PNT 3 59 2 1 3
PNT 5 59 1 1 4
PNT 6 59 5 1 3
PNT 11 59 1 1 4
PNT 12 59 10 1 0
PNT 22 59 1 1 5
PNT 23 59 1 1 0
PNT 24 59 1 1 2
PNT 25 59 1 1 6
PNT 26 59 4 1 5
PNT 30 59 1 1 4
PNT 31 59 1 1 0
PNT 32 59 1 1 4
PNT 33 59 1 1 5
PNT 34 59 1 1 2
PNT 35 59 1 1 5
PNT 36 59 4 1 4
PNT 40 59 1 1 5
PNT 41 59 2 1 4
PNT 43 59 1 1 0
PNT 44 59 1 1 5
PNT 45 59 2 1 4
PNT 47 59 1 1 0
PNT 48 59 1 1 5
PNT 49 59 2 1 4
PNT 51 59 1 1 0
PNT 52 59 1 1 5
PNT 53 59 3 1 4
PNT 56 59 2 1 5
PNT 58 59 1 1 4
PNT 60 59 2 1 4
PNT 62 59 1 1 0
PNT 63 59 1 1 4
PNT 64 59 1 1 0
PNT 65 59 1 1 6
PNT 66 59 1 1 5
PNT 67 59 1 1 0
PNT 68 59 1 1 6
PNT 70 59 4 1 5
PNT 74 59 1 1 4
PNT 75 59 1 1 5
PNT 76 59 52 1 0
PNT 3 60 1 1 4
PNT 4 60 7 1 3
PNT 11 60 1 1 4
PNT 22 60 1 1 5
PNT 24 60 1 1 6
PNT 26 60 4 1 5
PNT 30 60 1 1 4
PNT 32 60 1 1 4
PNT 33 60 2 1 5
PNT 36 60 5 1 4
PNT 42 60 3 1 4
PNT 46 60 3 1 4
PNT 50 60 3 1 4
PNT 54 60 3 1 4
PNT 57 60 2 1 5
PNT 59 60 1 1 2
PNT 60 60 1 1 5
PNT 62 60 2 1 4
PNT 65 60 1 1 6
PNT 66 60 1 1 5
PNT 68 60 1 1 2
PNT 69 60 1 1 6
PNT 70 60 4 1 5
PNT 74 60 1 1 4
PNT 75 60 1 1 5
PNT 4 61 1 1 4
PNT 5 61 1 1 3
PNT 7 61 4 1 3
PNT 22 61 1 1 5
PNT 24 61 1 1 2
PNT 25 61 1 1 6
PNT 26 61 4 1 5
PNT 30 61 1 1 4
PNT 32 61 1 1 4
PNT 33 61 1 1 5
PNT 34 61 1 1 2
PNT 35 61 1 1 5
PNT 36 61 4 1 4
PNT 54 61 3 1 4
PNT 57 61 1 1 2
PNT 58 61 2 1 5
PNT 62 61 2 1 4
PNT 65 61 1 1 6
PNT 66 61 1 1 5
PNT 68 61 2 1 6
PNT 70 61 4 1 5
PNT 74 61 1 1 4
PNT 75 61 1 1 5
PNT 0 62 4 1 0
PNT 4 62 4 1 3
PNT 8 62 1 1 0
PNT 9 62 2 1 3
PNT 11 62 11 1 0
PNT 22 62 1 1 5
PNT 23 62 1 1 0
PNT 24 62 1 1 6
PNT 26 62 4 1 5
PNT 30 62 1 1 4
PNT 31 62 1 1 0
PNT 32 62 1 1 4
PNT 33 62 2 1 5
PNT 36 62 4 1 4
PNT 40 62 14 1 0
PNT 54 62 3 1 4
PNT 57 62 2 1 5
PNT 59 62 1 1 2
PNT 60 62 1 1 5
PNT 61 62 1 1 0
PNT 62 62 2 1 4
PNT 64 62 1 1 0
PNT 65 62 1 1 6
PNT 66 62 1 1 5
PNT 67 62 1 1 0
PNT 68 62 1 1 2
PNT 69 62 1 1 6
PNT 70 62 4 1 5
PNT 74 62 1 1 4
PNT 75 62 1 1 5
PNT 76 62 52 1 0
PNT 0 63 6 1 0
PNT 6 63 3 1 3
PNT 9 63 1 1 0
PNT 10 63 1 1 3
PNT 11 63 11 1 0
PNT 22 63 1 1 5
PNT 23 63 1 1 0
PNT 24 63 1 1 2
PNT 25 63 1 1 6
PNT 26 63 4 1 5
PNT 30 63 1 1 4
PNT 31 63 1 1 0
PNT 32 63 1 1 4
PNT 33 63 1 1 5
PNT 34 63 1 1 2
PNT 35 63 1 1 5
PNT 36 63 4 1 4
PNT 40 63 15 1 0
PNT 55 63 2 1 4
PNT 57 63 3 1 5
PNT 61 63 1 1 0
PNT 62 63 2 1 4
PNT 64 63 1 1 0
PNT 65 63 1 1 6
PNT 66 63 1 1 5
PNT 67 63 1 1 0
PNT 68 63 2 1 6
PNT 70 63 4 1 5
PNT 74 63 1 1 4
PNT 75 63 1 1 5
PNT 76 63 52 1 0
PNT 5 64 1 1 3
PNT 7 64 3 1 3
PNT 22 64 1 1 5
PNT 24 64 1 1 6
PNT 26 64 4 1 5
PNT 30 64 1 1 4
PNT 32 64 1 1 4
PNT 33 64 2 1 5
PNT 36 64 4 1 4
PNT 55 64 3 1 4
PNT 58 64 2 1 5
PNT 60 64 1 1 2
PNT 61 64 1 1 5
PNT 62 64 2 1 4
PNT 65 64 1 1 6
PNT 66 64 1 1 5
PNT 68 64 1 1 2
PNT 69 64 1 1 6
PNT 70 64 4 1 5
PNT 74 64 1 1 4
PNT 75 64 1 1 5
PNT 8 65 2 1 3
PNT 22 65 1 1 5
PNT 24 65 1 1 2
PNT 25 65 1 1 6
PNT 26 65 4 1 5
PNT 30 65 1 1 4
PNT 32 65 1 1 4
PNT 33 65 1 1 5
PNT 34 65 1 1 2
PNT 35 65 1 1 5
PNT 36 65 4 1 4
PNT 55 65 3 1 4
PNT 58 65 1 1 3
PNT 59 65 2 1 5
PNT 62 65 2 1 4
PNT 65 65 1 1 6
PNT 66 65 1 1 5
PNT 67 65 2 1 6
PNT 69 65 4 1 5
PNT 73 65 1 1 4
PNT 75 65 1 1 5
PNT 0 66 6 1 0
PNT 6 66 1 1 2
PNT 7 66 2 1 0
PNT 9 66 1 1 3
PNT 10 66 12 1 0
PNT 22 66 1 1 5
PNT 23 66 1 1 0
PNT 24 66 1 1 6
PNT 26 66 4 1 5
PNT 30 66 1 1 4
PNT 31 66 1 1 0
PNT 32 66 1 1 4
PNT 33 66 2 1 5
PNT 36 66 4 1 4
PNT 40 66 15 1 0
PNT 55 66 3 1 4
PNT 58 66 2 1 5
PNT 60 66 1 1 2
PNT 61 66 1 1 5
PNT 62 66 3 1 4
PNT 65 66 1 1 6
PNT 66 66 1 1 5
PNT 67 66 1 1 2
PNT 68 66 1 1 6
PNT 69 66 4 1 5
PNT 73 66 1 1 4
PNT 74 66 1 1 5
PNT 75 66 53 1 0
PNT 0 67 22 1 0
PNT 22 67 1 1 5
PNT 23 67 1 1 0
PNT 24 67 1 1 2
PNT 25 67 1 1 6
PNT 26 67 4 1 5
PNT 30 67 1 1 4
PNT 31 67 1 1 0
PNT 32 67 1 1 4
PNT 33 67 1 1 5
PNT 34 67 1 1 2
PNT 35 67 1 1 5
PNT 36 67 4 1 4
PNT 40 67 16 1 0
PNT 56 67 2 1 4
PNT 58 67 1 1 5
PNT 59 67 1 1 4
PNT 60 67 1 1 5
PNT 62 67 2 1 4
PNT 64 67 1 1 0
PNT 65 67 1 1 6
PNT 66 67 1 1 5
PNT 67 67 2 1 6
PNT 69 67 4 1 5
PNT 73 67 1 1 4
PNT 74 67 1 1 5
PNT 75 67 53 1 0
PNT 22 68 1 1 5
PNT 23 68 1 1 6
PNT 24 68 1 1 7
PNT 25 68 1 1 6
PNT 26 68 5 1 5
PNT 32 68 1 1 4
PNT 33 68 1 1 5
PNT 34 68 1 1 6
PNT 35 68 1 1 5
PNT 36 68 4 1 4
PNT 56 68 3 1 4
PNT 59 68 2 1 5
PNT 61 68 1 1 2
PNT 62 68 1 1 4
PNT 65 68 1 1 6
PNT 66 68 1 1 5
PNT 67 68 1 1 2
PNT 68 68 1 1 6
PNT 69 68 4 1 5
PNT 73 68 1 1 4
PNT 74 68 1 1 5
PNT 22 69 1 1 5
PNT 23 69 2 1 7
PNT 25 69 1 1 6
PNT 26 69 2 1 5
PNT 28 69 1 1 6
PNT 29 69 2 1 5
PNT 31 69 2 1 4
PNT 33 69 2 1 6
PNT 35 69 1 1 5
PNT 36 69 1 1 4
PNT 37 69 1 1 6
PNT 38 69 1 1 5
PNT 39 69 1 1 4
PNT 56 69 8 1 6
PNT 65 69 2 1 5
PNT 67 69 1 1 7
PNT 68 69 1 1 6
PNT 69 69 1 1 5
PNT 70 69 1 1 6
PNT 71 69 1 1 5
PNT 72 69 1 1 4
PNT 73 69 1 1 5
PNT 0 70 21 1 2
PNT 21 70 1 1 6
PNT 22 70 6 1 7
PNT 28 70 2 1 5
PNT 30 70 1 1 2
PNT 31 70 1 1 4
PNT 32 70 6 1 6
PNT 38 70 2 1 5
PNT 40 70 17 1 2
PNT 57 70 1 1 5
PNT 58 70 6 1 6
PNT 64 70 1 1 2
PNT 65 70 6 1 7
PNT 71 70 1 1 6
PNT 72 70 1 1 4
PNT 73 70 1 1 5
PNT 74 70 54 1 2
PNT 0 71 16 1 2
PNT 19 71 3 1 2
PNT 22 71 6 1 7
PNT 28 71 4 1 2
PNT 32 71 6 1 6
PNT 38 71 11 1 2
PNT 51 71 8 1 2
PNT 59 71 1 1 4
PNT 60 71 5 1 2
PNT 65 71 8 1 7
PNT 73 71 1 1 6
PNT 74 71 7 1 2
PNT 83 71 13 1 2
PNT 99 71 13 1 2
PNT 115 71 9 1 2
PNT 127 71 1 1 2
PNT 0 72 18 1 3
PNT 18 72 71 1 2
PNT 89 72 39 1 3
PNT 0 73 20 1 2
PNT 87 73 41 1 2
PNT 16 76 2 1 2
PNT 22 76 2 1 2
PNT 27 76 5 1 2
PNT 50 76 14 1 2
PNT 82 76 6 1 2
PNT 90 76 6 1 2
PNT 112 76 8 1 2
PNT 123 76 5 1 2
PNT 0 80 24 1 2
PNT 26 80 38 1 2
PNT 66 80 38 1 2
PNT 106 80 22 1 2
PNT 0 82 8 1 2
PNT 18 82 54 1 2
PNT 80 82 14 1 2
PNT 98 82 30 1 2
PNT 0 83 24 1 2
PNT 32 83 2 1 2
PNT 38 83 18 1 2
PNT 64 83 10 1 2
PNT 78 83 10 1 2
PNT 96 83 18 1 2
PNT 118 83 2 1 2
PNT 0 86 24 1 2
PNT 30 86 50 1 2
PNT 86 86 42 1 2
PNT 0 87 52 1 2
PNT 58 87 50 1 2
PNT 114 87 14 1 2
PNT 0 88 128 1 2
PNT 0 89 128 1 2
PNT 0 90 128 1 2
PNT 0 91 128 1 2
PNT 0 92 128 1 2
PNT 0 93 128 1 2
PNT 0 94 128 1 2
PNT 0 95 128 1 2
REC 1
C FRAME 8
CLR 1
PNT 0 6 128 1 0
PNT 0 7 128 1 0
PNT 110 8 1 1 5
PNT 109 9 1 1 5
PNT 116 9 1 1 5
PNT 0 10 20 1 0
PNT 22 10 62 1 0
PNT 86 10 19 1 0
PNT 105 10 1 1 5
PNT 106 10 1 1 0
PNT 107 10 1 1 7
PNT 108 10 2 1 5
PNT 110 10 5 1 0
PNT 115 10 1 1 5
PNT 116 10 12 1 0
PNT 0 11 105 1 0
PNT 105 11 1 1 5
PNT 106 11 2 1 0
PNT 108 11 1 1 5
PNT 109 11 3 1 0
PNT 112 11 1 1 5
PNT 113 11 1 1 0
PNT 114 11 1 1 7
PNT 115 11 2 1 5
PNT 117 11 11 1 0
PNT 106 12 2 1 5
PNT 108 12 1 1 6
PNT 109 12 1 1 5
PNT 112 12 1 1 5
PNT 114 12 2 1 5
PNT 106 13 2 1 5
PNT 108 13 1 1 6
PNT 109 13 1 1 5
PNT 113 13 1 1 5
PNT 114 13 1 1 6
PNT 115 13 1 1 5
PNT 0 14 105 1 0
PNT 105 14 2 1 5
PNT 107 14 1 1 7
PNT 108 14 1 1 5
PNT 109 14 4 1 0
PNT 113 14 3 1 5
PNT 116 14 12 1 0
PNT 0 15 105 1 0
PNT 105 15 4 1 5
PNT 109 15 4 1 0
PNT 113 15 1 1 7
PNT 114 15 1 1 5
PNT 115 15 13 1 0
PNT 106 16 2 1 5
PNT 113 16 3 1 5
PNT 86 17 1 1 4
PNT 106 17 2 1 5
PNT 108 17 3 1 6
PNT 112 17 1 1 5
PNT 114 17 1 1 5
PNT 0 18 6 1 0
PNT 10 18 52 1 0
PNT 64 18 2 1 0
PNT 66 18 1 1 3
PNT 67 18 18 1 0
PNT 85 18 1 1 4
PNT 86 18 1 1 0
PNT 87 18 1 1 4
PNT 88 18 6 1 0
PNT 96 18 7 1 0
PNT 103 18 11 1 7
PNT 114 18 1 1 6
PNT 115 18 13 1 0
PNT 0 19 10 1 0
PNT 13 19 17 1 0
PNT 32 19 35 1 0
PNT 67 19 2 1 3
PNT 69 19 15 1 0
PNT 84 19 1 1 5
PNT 85 19 1 1 0
PNT 86 19 1 1 4
PNT 87 19 1 1 0
PNT 88 19 1 1 4
PNT 89 19 12 1 0
PNT 101 19 2 1 7
PNT 103 19 1 1 6
PNT 104 19 1 1 7
PNT 105 19 5 1 5
PNT 110 19 1 1 7
PNT 111 19 1 1 5
PNT 113 19 1 1 5
PNT 114 19 2 1 7
PNT 116 19 2 1 0
PNT 118 19 2 1 4
PNT 120 19 8 1 0
PNT 68 20 2 1 3
PNT 70 20 1 1 4
PNT 84 20 1 1 5
PNT 98 20 1 1 3
PNT 99 20 1 1 2
PNT 100 20 1 1 3
PNT 101 20 3 1 2
PNT 104 20 2 1 5
PNT 106 20 5 1 3
PNT 111 20 3 1 5
PNT 114 20 1 1 2
PNT 115 20 1 1 5
PNT 116 20 2 1 7
PNT 74 21 1 1 4
PNT 83 21 1 1 5
PNT 85 21 1 1 5
PNT 87 21 1 1 4
PNT 97 21 1 1 2
PNT 98 21 1 1 7
PNT 99 21 1 1 6
PNT 101 21 1 1 2
PNT 106 21 5 1 5
PNT 111 21 2 1 3
PNT 113 21 3 1 5
PNT 116 21 1 1 7
PNT 117 21 1 1 4
PNT 118 21 1 1 7
PNT 0 22 22 1 0
PNT 26 22 16 1 0
PNT 45 22 27 1 0
PNT 72 22 2 1 4
PNT 77 22 6 1 0
PNT 83 22 1 1 5
PNT 84 22 1 1 0
PNT 85 22 1 1 5
PNT 86 22 8 1 0
PNT 95 22 1 1 0
PNT 96 22 1 1 3
PNT 97 22 1 1 6
PNT 99 22 2 1 2
PNT 103 22 3 1 2
PNT 109 22 2 1 0
PNT 111 22 1 1 7
PNT 112 22 1 1 6
PNT 113 22 3 1 5
PNT 116 22 2 1 4
PNT 118 22 1 1 2
PNT 119 22 1 1 7
PNT 120 22 8 1 0
PNT 0 23 26 1 0
PNT 29 23 17 1 0
PNT 48 23 26 1 0
PNT 74 23 2 1 4
PNT 76 23 1 1 0
PNT 77 23 1 1 5
PNT 80 23 2 1 0
PNT 82 23 1 1 5
PNT 83 23 1 1 0
PNT 84 23 1 1 5
PNT 85 23 1 1 0
PNT 86 23 1 1 5
PNT 87 23 7 1 0
PNT 94 23 2 1 2
PNT 97 23 1 1 2
PNT 98 23 1 1 6
PNT 100 23 1 1 3
PNT 101 23 2 1 5
PNT 104 23 1 1 3
PNT 105 23 1 1 5
PNT 106 23 1 1 4
PNT 107 23 1 1 3
PNT 108 23 1 1 2
PNT 112 23 2 1 2
PNT 114 23 1 1 3
PNT 115 23 5 1 4
PNT 121 23 1 1 4
PNT 122 23 6 1 0
PNT 76 24 1 1 4
PNT 77 24 1 1 5
PNT 79 24 2 1 5
PNT 82 24 1 1 5
PNT 84 24 1 1 5
PNT 94 24 1 1 3
PNT 95 24 1 1 2
PNT 96 24 1 1 6
PNT 98 24 1 1 3
PNT 99 24 1 1 2
PNT 102 24 4 1 4
PNT 106 24 1 1 3
PNT 107 24 1 1 2
PNT 114 24 2 1 2
PNT 116 24 1 1 5
PNT 117 24 5 1 4
PNT 122 24 1 1 2
PNT 78 25 2 1 5
PNT 81 25 3 1 5
PNT 85 25 1 1 5
PNT 93 25 1 1 2
PNT 94 25 1 1 7
PNT 95 25 2 1 6
PNT 97 25 1 1 2
PNT 99 25 1 1 6
PNT 100 25 1 1 5
PNT 101 25 1 1 6
PNT 102 25 3 1 4
PNT 105 25 1 1 3
PNT 106 25 1 1 2
PNT 109 25 1 1 2
PNT 112 25 1 1 2
PNT 113 25 2 1 3
PNT 116 25 1 1 2
PNT 117 25 1 1 4
PNT 118 25 1 1 7
PNT 119 25 1 1 4
PNT 120 25 1 1 7
PNT 0 26 80 1 0
PNT 80 26 2 1 5
PNT 82 26 1 1 0
PNT 83 26 2 1 5
PNT 85 26 5 1 0
PNT 91 26 1 1 0
PNT 92 26 1 1 3
PNT 93 26 1 1 2
PNT 94 26 1 1 6
PNT 96 26 1 1 3
PNT 97 26 5 1 6
PNT 102 26 2 1 7
PNT 104 26 1 1 3
PNT 105 26 1 1 4
PNT 109 26 3 1 6
PNT 112 26 1 1 5
PNT 113 26 1 1 2
PNT 118 26 2 1 4
PNT 120 26 1 1 3
PNT 121 26 7 1 0
PNT 0 27 80 1 0
PNT 80 27 1 1 5
PNT 81 27 1 1 0
PNT 82 27 4 1 5
PNT 86 27 4 1 0
PNT 90 27 1 1 2
PNT 91 27 1 1 7
PNT 93 27 2 1 6
PNT 95 27 1 1 2
PNT 97 27 1 1 5
PNT 98 27 2 1 6
PNT 101 27 2 1 6
PNT 103 27 2 1 4
PNT 105 27 1 1 7
PNT 106 27 2 1 5
PNT 108 27 1 1 3
PNT 112 27 1 1 3
PNT 113 27 3 1 5
PNT 116 27 1 1 4
PNT 117 27 1 1 5
PNT 118 27 1 1 4
PNT 119 27 1 1 7
PNT 120 27 8 1 0
PNT 80 28 1 1 6
PNT 81 28 1 1 0
PNT 82 28 1 1 7
PNT 83 28 1 1 6
PNT 84 28 2 1 5
PNT 90 28 1 1 6
PNT 91 28 1 1 2
PNT 92 28 1 1 6
PNT 94 28 1 1 3
PNT 95 28 1 1 6
PNT 96 28 1 1 5
PNT 97 28 5 1 6
PNT 104 28 1 1 4
PNT 105 28 1 1 5
PNT 106 28 2 1 7
PNT 108 28 1 1 5
PNT 109 28 1 1 2
PNT 110 28 1 1 3
PNT 111 28 1 1 2
PNT 112 28 2 1 5
PNT 114 28 1 1 4
PNT 116 28 1 1 4
PNT 117 28 2 1 7
PNT 78 29 1 1 6
PNT 79 29 1 1 0
PNT 80 29 1 1 7
PNT 81 29 1 1 6
PNT 82 29 1 1 7
PNT 83 29 1 1 6
PNT 84 29 1 1 0
PNT 86 29 1 1 5
PNT 89 29 1 1 6
PNT 90 29 1 1 7
PNT 91 29 2 1 6
PNT 93 29 1 1 2
PNT 95 29 1 1 5
PNT 96 29 2 1 6
PNT 99 29 3 1 6
PNT 103 29 1 1 4
PNT 106 29 1 1 4
PNT 107 29 1 1 5
PNT 108 29 3 1 7
PNT 114 29 1 1 4
PNT 115 29 2 1 7
PNT 117 29 1 1 4
PNT 0 30 10 1 0
PNT 12 30 54 1 0
PNT 68 30 8 1 0
PNT 76 30 1 1 6
PNT 77 30 1 1 0
PNT 78 30 1 1 7
PNT 79 30 1 1 6
PNT 80 30 1 1 7
PNT 81 30 1 1 5
PNT 82 30 1 1 0
PNT 83 30 1 1 2
PNT 84 30 1 1 6
PNT 85 30 1 1 0
PNT 87 30 2 1 6
PNT 89 30 1 1 7
PNT 90 30 1 1 3
PNT 92 30 1 1 3
PNT 93 30 2 1 5
PNT 95 30 3 1 6
PNT 100 30 2 1 0
PNT 102 30 1 1 4
PNT 103 30 2 1 0
PNT 105 30 1 1 4
PNT 106 30 4 1 0
PNT 110 30 1 1 5
PNT 111 30 4 1 7
PNT 115 30 1 1 4
PNT 116 30 2 1 0
PNT 118 30 1 1 4
PNT 119 30 9 1 0
PNT 0 31 14 1 0
PNT 16 31 18 1 0
PNT 36 31 38 1 0
PNT 74 31 1 1 6
PNT 75 31 1 1 0
PNT 76 31 1 1 7
PNT 77 31 1 1 6
PNT 78 31 1 1 7
PNT 79 31 1 1 5
PNT 80 31 1 1 0
PNT 81 31 1 1 2
PNT 83 31 2 1 5
PNT 85 31 1 1 4
PNT 86 31 1 1 2
PNT 87 31 1 1 6
PNT 89 31 2 1 7
PNT 91 31 1 1 2
PNT 93 31 3 1 6
PNT 97 31 3 1 6
PNT 100 31 4 1 0
PNT 104 31 1 1 4
PNT 105 31 11 1 0
PNT 116 31 1 1 4
PNT 117 31 11 1 0
PNT 72 32 1 1 6
PNT 73 32 1 1 0
PNT 74 32 1 1 7
PNT 75 32 1 1 6
PNT 76 32 1 1 7
PNT 77 32 1 1 5
PNT 78 32 1 1 0
PNT 79 32 1 1 2
PNT 81 32 2 1 5
PNT 83 32 1 1 4
PNT 85 32 2 1 6
PNT 87 32 1 1 2
PNT 88 32 1 1 7
PNT 89 32 1 1 2
PNT 92 32 2 1 6
PNT 96 32 2 1 6
PNT 70 33 1 1 5
PNT 71 33 1 1 0
PNT 72 33 2 1 6
PNT 76 33 1 1 0
PNT 77 33 1 1 2
PNT 80 33 1 1 5
PNT 81 33 2 1 4
PNT 83 33 1 1 7
PNT 85 33 1 1 6
PNT 87 33 1 1 7
PNT 88 33 1 1 5
PNT 89 33 1 1 2
PNT 91 33 3 1 6
PNT 95 33 1 1 6
PNT 0 34 26 1 0
PNT 28 34 2 1 0
PNT 32 34 16 1 0
PNT 51 34 17 1 0
PNT 68 34 1 1 5
PNT 69 34 1 1 0
PNT 70 34 1 1 6
PNT 71 34 1 1 5
PNT 72 34 1 1 6
PNT 73 34 1 1 5
PNT 74 34 1 1 0
PNT 75 34 1 1 2
PNT 77 34 2 1 5
PNT 79 34 1 1 4
PNT 83 34 1 1 4
PNT 84 34 1 1 6
PNT 85 34 1 1 2
PNT 86 34 1 1 6
PNT 87 34 1 1 7
PNT 88 34 1 1 3
PNT 89 34 1 1 5
PNT 90 34 6 1 6
PNT 96 34 16 1 0
PNT 115 34 13 1 0
PNT 0 35 32 1 0
PNT 35 35 9 1 0
PNT 44 35 6 1 7
PNT 52 35 8 1 7
PNT 60 35 1 1 6
PNT 61 35 5 1 0
PNT 66 35 1 1 5
PNT 67 35 1 1 0
PNT 68 35 1 1 6
PNT 69 35 1 1 5
PNT 70 35 1 1 6
PNT 71 35 1 1 4
PNT 72 35 1 1 0
PNT 73 35 1 1 2
PNT 75 35 2 1 5
PNT 77 35 2 1 4
PNT 79 35 1 1 6
PNT 80 35 2 1 4
PNT 85 35 1 1 6
PNT 86 35 1 1 7
PNT 87 35 1 1 2
PNT 89 35 3 1 6
PNT 93 35 3 1 6
PNT 96 35 18 1 0
PNT 116 35 12 1 0
PNT 38 36 1 1 2
PNT 40 36 4 1 7
PNT 44 36 14 1 6
PNT 58 36 1 1 2
PNT 59 36 1 1 6
PNT 60 36 4 1 7
PNT 64 36 1 1 4
PNT 65 36 1 1 0
PNT 66 36 1 1 6
PNT 67 36 1 1 5
PNT 68 36 1 1 6
PNT 69 36 1 1 4
PNT 70 36 1 1 0
PNT 71 36 1 1 2
PNT 73 36 4 1 4
PNT 77 36 1 1 6
PNT 78 36 2 1 4
PNT 80 36 1 1 6
PNT 81 36 1 1 5
PNT 82 36 3 1 6
PNT 86 36 1 1 7
PNT 87 36 1 1 2
PNT 88 36 6 1 6
PNT 34 37 1 1 2
PNT 36 37 4 1 7
PNT 40 37 2 1 6
PNT 42 37 1 1 2
PNT 43 37 1 1 6
PNT 44 37 1 1 2
PNT 45 37 1 1 6
PNT 46 37 1 1 2
PNT 47 37 15 1 6
PNT 62 37 1 1 2
PNT 63 37 1 1 0
PNT 64 37 4 1 7
PNT 68 37 1 1 0
PNT 69 37 1 1 2
PNT 71 37 2 1 4
PNT 73 37 1 1 3
PNT 74 37 1 1 4
PNT 75 37 1 1 6
PNT 76 37 2 1 4
PNT 78 37 4 1 5
PNT 83 37 1 1 6
PNT 85 37 2 1 7
PNT 87 37 2 1 6
PNT 89 37 1 1 5
PNT 91 37 3 1 6
PNT 0 38 10 1 0
PNT 10 38 1 1 2
PNT 11 38 19 1 0
PNT 30 38 1 1 2
PNT 31 38 1 1 0
PNT 32 38 4 1 7
PNT 36 38 2 1 6
PNT 38 38 1 1 2
PNT 39 38 1 1 6
PNT 40 38 1 1 2
PNT 41 38 1 1 6
PNT 42 38 1 1 7
PNT 43 38 1 1 0
PNT 44 38 3 1 7
PNT 47 38 1 1 0
PNT 48 38 3 1 7
PNT 51 38 1 1 0
PNT 52 38 1 1 7
PNT 54 38 1 1 7
PNT 55 38 1 1 0
PNT 56 38 1 1 6
PNT 58 38 1 1 6
PNT 60 38 1 1 6
PNT 61 38 1 1 0
PNT 62 38 1 1 5
PNT 64 38 1 1 5
PNT 65 38 1 1 4
PNT 66 38 1 1 0
PNT 67 38 1 1 2
PNT 69 38 3 1 7
PNT 72 38 1 1 3
PNT 73 38 1 1 6
PNT 74 38 2 1 4
PNT 76 38 2 1 0
PNT 78 38 1 1 6
PNT 79 38 3 1 5
PNT 84 38 1 1 3
PNT 85 38 1 1 7
PNT 86 38 1 1 3
PNT 87 38 1 1 6
PNT 88 38 4 1 5
PNT 92 38 36 1 0
PNT 0 39 9 1 0
PNT 9 39 1 1 3
PNT 10 39 18 1 0
PNT 29 39 3 1 7
PNT 32 39 2 1 4
PNT 34 39 1 1 2
PNT 35 39 1 1 6
PNT 36 39 1 1 2
PNT 37 39 1 1 6
PNT 38 39 1 1 7
PNT 39 39 1 1 0
PNT 40 39 5 1 7
PNT 45 39 1 1 0
PNT 46 39 2 1 7
PNT 48 39 1 1 0
PNT 49 39 2 1 7
PNT 51 39 1 1 0
PNT 52 39 2 1 7
PNT 54 39 1 1 0
PNT 55 39 4 1 7
PNT 59 39 1 1 0
PNT 60 39 2 1 6
PNT 62 39 1 1 5
PNT 63 39 2 1 3
PNT 65 39 1 1 2
PNT 67 39 2 1 4
PNT 69 39 1 1 3
PNT 70 39 1 1 2
PNT 71 39 1 1 5
PNT 72 39 4 1 7
PNT 76 39 2 1 0
PNT 78 39 2 1 5
PNT 81 39 2 1 5
PNT 83 39 1 1 2
PNT 84 39 1 1 7
PNT 85 39 1 1 5
PNT 86 39 1 1 6
PNT 87 39 1 1 5
PNT 89 39 3 1 5
PNT 92 39 36 1 0
PNT 6 40 1 1 4
PNT 8 40 1 1 3
PNT 11 40 1 1 6
PNT 25 40 2 1 6
PNT 27 40 2 1 7
PNT 29 40 3 1 4
PNT 32 40 1 1 2
PNT 33 40 1 1 6
PNT 34 40 1 1 7
PNT 35 40 1 1 0
PNT 36 40 3 1 7
PNT 39 40 1 1 0
PNT 40 40 1 1 7
PNT 42 40 1 1 7
PNT 43 40 1 1 6
PNT 44 40 1 1 2
PNT 45 40 1 1 5
PNT 46 40 1 1 7
PNT 48 40 2 1 5
PNT 50 40 1 1 7
PNT 51 40 2 1 5
PNT 54 40 1 1 7
PNT 55 40 1 1 5
PNT 56 40 1 1 7
PNT 57 40 1 1 0
PNT 58 40 2 1 7
PNT 60 40 1 1 4
PNT 61 40 1 1 5
PNT 62 40 1 1 7
PNT 63 40 1 1 2
PNT 65 40 2 1 3
PNT 67 40 2 1 6
PNT 70 40 1 1 6
PNT 73 40 2 1 5
PNT 75 40 1 1 6
PNT 76 40 3 1 7
PNT 79 40 3 1 5
PNT 82 40 1 1 2
PNT 83 40 1 1 7
PNT 84 40 1 1 5
PNT 85 40 1 1 2
PNT 86 40 2 1 5
PNT 89 40 1 1 5
PNT 5 41 1 1 4
PNT 7 41 1 1 4
PNT 9 41 1 1 6
PNT 12 41 1 1 6
PNT 23 41 2 1 6
PNT 25 41 2 1 7
PNT 27 41 1 1 4
PNT 28 41 1 1 2
PNT 29 41 1 1 6
PNT 30 41 1 1 2
PNT 31 41 1 1 0
PNT 32 41 4 1 7
PNT 36 41 1 1 0
PNT 37 41 2 1 7
PNT 39 41 2 1 6
PNT 41 41 4 1 5
PNT 45 41 1 1 2
PNT 46 41 1 1 5
PNT 47 41 1 1 2
PNT 48 41 1 1 5
PNT 49 41 1 1 2
PNT 50 41 1 1 5
PNT 51 41 1 1 2
PNT 52 41 1 1 5
PNT 53 41 1 1 2
PNT 54 41 1 1 5
PNT 55 41 2 1 2
PNT 57 41 1 1 5
PNT 58 41 1 1 7
PNT 59 41 1 1 5
PNT 60 41 1 1 3
PNT 61 41 1 1 5
PNT 63 41 1 1 0
PNT 64 41 2 1 7
PNT 66 41 1 1 6
PNT 67 41 1 1 0
PNT 68 41 1 1 3
PNT 69 41 4 1 6
PNT 74 41 1 1 2
PNT 75 41 1 1 6
PNT 77 41 2 1 5
PNT 79 41 2 1 7
PNT 81 41 1 1 5
PNT 82 41 2 1 7
PNT 84 41 1 1 6
PNT 85 41 1 1 5
PNT 87 41 2 1 5
PNT 89 41 1 1 2
PNT 0 42 4 1 0
PNT 4 42 1 1 5
PNT 5 42 1 1 0
PNT 6 42 4 1 4
PNT 10 42 1 1 6
PNT 11 42 1 1 0
PNT 12 42 1 1 6
PNT 13 42 8 1 0
PNT 21 42 1 1 7
PNT 22 42 1 1 6
PNT 23 42 2 1 7
PNT 25 42 1 1 5
PNT 26 42 1 1 2
PNT 27 42 1 1 0
PNT 28 42 1 1 6
PNT 29 42 1 1 7
PNT 30 42 2 1 6
PNT 32 42 1 1 7
PNT 33 42 1 1 0
PNT 34 42 1 1 7
PNT 36 42 1 1 6
PNT 37 42 3 1 5
PNT 40 42 1 1 0
PNT 42 42 1 1 5
PNT 43 42 1 1 0
PNT 44 42 1 1 5
PNT 46 42 1 1 0
PNT 47 42 2 1 5
PNT 49 42 1 1 0
PNT 50 42 2 1 5
PNT 52 42 2 1 0
PNT 54 42 1 1 5
PNT 55 42 1 1 0
PNT 56 42 1 1 5
PNT 57 42 1 1 2
PNT 58 42 1 1 0
PNT 59 42 1 1 2
PNT 60 42 1 1 5
PNT 61 42 1 1 2
PNT 62 42 1 1 7
PNT 63 42 1 1 5
PNT 64 42 1 1 7
PNT 65 42 1 1 2
PNT 66 42 1 1 0
PNT 67 42 1 1 7
PNT 68 42 1 1 6
PNT 69 42 1 1 2
PNT 70 42 1 1 6
PNT 71 42 1 1 0
PNT 72 42 2 1 6
PNT 77 42 4 1 5
PNT 81 42 1 1 7
PNT 82 42 2 1 6
PNT 84 42 1 1 3
PNT 85 42 1 1 5
PNT 86 42 1 1 2
PNT 88 42 1 1 2
PNT 89 42 39 1 0
PNT 0 43 3 1 0
PNT 3 43 4 1 5
PNT 7 43 2 1 4
PNT 9 43 1 1 0
PNT 10 43 2 1 4
PNT 12 43 1 1 0
PNT 13 43 1 1 6
PNT 14 43 1 1 0
PNT 15 43 1 1 7
PNT 16 43 3 1 6
PNT 19 43 2 1 7
PNT 21 43 1 1 2
PNT 22 43 1 1 7
PNT 23 43 1 1 5
PNT 24 43 1 1 2
PNT 25 43 1 1 5
PNT 26 43 1 1 6
PNT 27 43 1 1 7
PNT 28 43 2 1 6
PNT 30 43 1 1 7
PNT 31 43 1 1 6
PNT 32 43 1 1 2
PNT 33 43 2 1 6
PNT 35 43 2 1 5
PNT 37 43 1 1 0
PNT 38 43 2 1 5
PNT 40 43 1 1 3
PNT 41 43 1 1 5
PNT 43 43 1 1 5
PNT 44 43 1 1 3
PNT 45 43 1 1 6
PNT 47 43 1 1 5
PNT 48 43 1 1 3
PNT 49 43 1 1 6
PNT 51 43 1 1 5
PNT 52 43 1 1 3
PNT 53 43 1 1 6
PNT 55 43 1 1 5
PNT 56 43 1 1 3
PNT 58 43 2 1 5
PNT 60 43 3 1 2
PNT 63 43 1 1 5
PNT 64 43 1 1 2
PNT 65 43 1 1 5
PNT 66 43 1 1 7
PNT 67 43 3 1 4
PNT 70 43 1 1 3
PNT 71 43 1 1 6
PNT 73 43 2 1 6
PNT 75 43 1 1 0
PNT 76 43 1 1 6
PNT 78 43 1 1 2
PNT 79 43 1 1 6
PNT 81 43 2 1 6
PNT 83 43 1 1 2
PNT 84 43 1 1 5
PNT 85 43 1 1 2
PNT 86 43 1 1 5
PNT 87 43 1 1 2
PNT 88 43 2 1 4
PNT 90 43 38 1 0
PNT 2 44 1 1 5
PNT 3 44 3 1 4
PNT 6 44 1 1 5
PNT 7 44 1 1 0
PNT 8 44 5 1 4
PNT 13 44 1 1 7
PNT 14 44 1 1 2
PNT 15 44 4 1 6
PNT 19 44 1 1 2
PNT 20 44 1 1 7
PNT 21 44 1 1 3
PNT 22 44 2 1 5
PNT 24 44 1 1 6
PNT 25 44 2 1 7
PNT 27 44 1 1 6
PNT 29 44 1 1 2
PNT 30 44 2 1 5
PNT 32 44 1 1 6
PNT 34 44 1 1 0
PNT 35 44 1 1 5
PNT 36 44 1 1 3
PNT 37 44 1 1 5
PNT 39 44 1 1 5
PNT 40 44 1 1 6
PNT 41 44 1 1 2
PNT 42 44 1 1 5
PNT 44 44 1 1 3
PNT 45 44 1 1 6
PNT 46 44 1 1 5
PNT 48 44 2 1 6
PNT 52 44 1 1 6
PNT 53 44 1 1 2
PNT 54 44 1 1 5
PNT 57 44 1 1 6
PNT 59 44 1 1 2
PNT 60 44 1 1 3
PNT 62 44 1 1 0
PNT 63 44 1 1 2
PNT 64 44 1 1 3
PNT 65 44 1 1 4
PNT 66 44 2 1 2
PNT 68 44 1 1 7
PNT 69 44 1 1 2
PNT 70 44 1 1 7
PNT 71 44 1 1 2
PNT 72 44 1 1 4
PNT 73 44 5 1 6
PNT 78 44 1 1 7
PNT 80 44 1 1 2
PNT 81 44 1 1 6
PNT 82 44 1 1 3
PNT 83 44 1 1 5
PNT 84 44 1 1 2
PNT 85 44 1 1 4
PNT 86 44 1 1 2
PNT 87 44 1 1 3
PNT 88 44 2 1 4
PNT 91 44 2 1 5
PNT 2 45 2 1 4
PNT 4 45 1 1 5
PNT 5 45 1 1 0
PNT 6 45 2 1 4
PNT 8 45 2 1 5
PNT 10 45 1 1 4
PNT 11 45 1 1 7
PNT 12 45 1 1 2
PNT 14 45 3 1 6
PNT 17 45 1 1 2
PNT 18 45 1 1 3
PNT 19 45 1 1 7
PNT 20 45 2 1 5
PNT 22 45 1 1 2
PNT 23 45 1 1 7
PNT 24 45 2 1 6
PNT 27 45 1 1 7
PNT 28 45 3 1 5
PNT 32 45 1 1 3
PNT 33 45 1 1 2
PNT 35 45 1 1 2
PNT 36 45 2 1 6
PNT 38 45 1 1 2
PNT 40 45 2 1 6
PNT 42 45 2 1 5
PNT 45 45 1 1 2
PNT 46 45 2 1 5
PNT 49 45 3 1 5
PNT 53 45 3 1 5
PNT 57 45 1 1 5
PNT 58 45 1 1 2
PNT 60 45 2 1 6
PNT 62 45 1 1 4
PNT 63 45 1 1 2
PNT 64 45 6 1 6
PNT 70 45 1 1 2
PNT 71 45 1 1 7
PNT 72 45 1 1 3
PNT 73 45 1 1 6
PNT 74 45 1 1 7
PNT 75 45 1 1 6
PNT 77 45 1 1 2
PNT 78 45 1 1 0
PNT 79 45 1 1 2
PNT 80 45 1 1 6
PNT 81 45 1 1 2
PNT 82 45 1 1 5
PNT 83 45 1 1 2
PNT 84 45 1 1 3
PNT 85 45 1 1 2
PNT 86 45 2 1 4
PNT 88 45 1 1 2
PNT 89 45 2 1 5
PNT 0 46 1 1 0
PNT 1 46 1 1 5
PNT 2 46 1 1 6
PNT 3 46 1 1 0
PNT 4 46 2 1 4
PNT 6 46 2 1 5
PNT 8 46 1 1 4
PNT 9 46 1 1 7
PNT 10 46 1 1 2
PNT 12 46 1 1 7
PNT 13 46 1 1 6
PNT 14 46 1 1 4
PNT 15 46 1 1 6
PNT 16 46 1 1 3
PNT 17 46 1 1 6
PNT 18 46 1 1 7
PNT 19 46 1 1 5
PNT 20 46 1 1 6
PNT 21 46 1 1 7
PNT 22 46 1 1 6
PNT 23 46 1 1 3
PNT 25 46 1 1 7
PNT 26 46 3 1 5
PNT 30 46 2 1 5
PNT 32 46 1 1 2
PNT 33 46 1 1 6
PNT 34 46 1 1 5
PNT 36 46 1 1 6
PNT 37 46 1 1 2
PNT 38 46 2 1 5
PNT 41 46 1 1 5
PNT 43 46 2 1 5
PNT 46 46 1 1 3
PNT 47 46 2 1 5
PNT 51 46 2 1 5
PNT 55 46 2 1 5
PNT 59 46 1 1 5
PNT 61 46 1 1 4
PNT 62 46 1 1 3
PNT 63 46 2 1 6
PNT 65 46 1 1 7
PNT 66 46 1 1 6
PNT 67 46 1 1 7
PNT 68 46 5 1 6
PNT 73 46 1 1 2
PNT 75 46 2 1 4
PNT 77 46 1 1 6
PNT 78 46 1 1 2
PNT 79 46 1 1 6
PNT 80 46 2 1 3
PNT 82 46 1 1 2
PNT 83 46 1 1 5
PNT 84 46 1 1 3
PNT 85 46 1 1 2
PNT 86 46 2 1 4
PNT 88 46 1 1 5
PNT 89 46 1 1 4
PNT 90 46 1 1 0
PNT 91 46 2 1 4
PNT 93 46 35 1 0
PNT 0 47 2 1 0
PNT 2 47 2 1 4
PNT 4 47 2 1 5
PNT 6 47 1 1 4
PNT 7 47 1 1 6
PNT 8 47 1 1 2
PNT 10 47 1 1 7
PNT 11 47 1 1 6
PNT 12 47 2 1 4
PNT 14 47 1 1 6
PNT 15 47 1 1 2
PNT 16 47 1 1 6
PNT 17 47 1 1 5
PNT 18 47 1 1 4
PNT 19 47 1 1 7
PNT 20 47 2 1 6
PNT 24 47 1 1 2
PNT 25 47 2 1 5
PNT 28 47 4 1 5
PNT 32 47 1 1 2
PNT 33 47 1 1 6
PNT 34 47 2 1 5
PNT 37 47 1 1 5
PNT 39 47 2 1 5
PNT 42 47 2 1 5
PNT 44 47 1 1 6
PNT 45 47 1 1 2
PNT 46 47 1 1 6
PNT 47 47 1 1 2
PNT 48 47 1 1 6
PNT 49 47 1 1 2
PNT 50 47 3 1 6
PNT 53 47 1 1 2
PNT 54 47 3 1 6
PNT 57 47 1 1 2
PNT 58 47 2 1 6
PNT 60 47 1 1 4
PNT 61 47 1 1 2
PNT 62 47 1 1 6
PNT 63 47 1 1 7
PNT 64 47 3 1 2
PNT 67 47 5 1 6
PNT 73 47 1 1 6
PNT 74 47 1 1 3
PNT 75 47 1 1 2
PNT 76 47 1 1 6
PNT 77 47 1 1 4
PNT 78 47 1 1 0
PNT 79 47 1 1 2
PNT 80 47 2 1 6
PNT 82 47 1 1 2
PNT 83 47 1 1 5
PNT 84 47 1 1 2
PNT 86 47 5 1 4
PNT 91 47 37 1 0
PNT 0 48 1 1 7
PNT 1 48 1 1 5
PNT 2 48 1 1 4
PNT 3 48 3 1 5
PNT 8 48 1 1 7
PNT 9 48 1 1 5
PNT 10 48 2 1 4
PNT 12 48 1 1 6
PNT 13 48 1 1 4
PNT 14 48 1 1 3
PNT 15 48 2 1 5
PNT 17 48 1 1 2
PNT 18 48 1 1 7
PNT 19 48 1 1 4
PNT 23 48 2 1 5
PNT 25 48 1 1 3
PNT 26 48 4 1 5
PNT 30 48 2 1 2
PNT 33 48 1 1 5
PNT 35 48 2 1 2
PNT 38 48 2 1 5
PNT 40 48 1 1 2
PNT 41 48 3 1 6
PNT 44 48 1 1 2
PNT 45 48 3 1 6
PNT 48 48 1 1 3
PNT 49 48 3 1 6
PNT 52 48 1 1 2
PNT 53 48 3 1 6
PNT 56 48 1 1 2
PNT 57 48 2 1 6
PNT 59 48 1 1 2
PNT 60 48 1 1 3
PNT 61 48 1 1 7
PNT 62 48 2 1 2
PNT 64 48 3 1 6
PNT 67 48 3 1 5
PNT 71 48 1 1 2
PNT 72 48 3 1 6
PNT 75 48 2 1 2
PNT 78 48 1 1 3
PNT 79 48 1 1 4
PNT 80 48 1 1 3
PNT 81 48 1 1 6
PNT 84 48 2 1 5
PNT 87 48 3 1 4
PNT 0 49 3 1 4
PNT 3 49 2 1 5
PNT 5 49 1 1 6
PNT 6 49 1 1 2
PNT 7 49 1 1 5
PNT 8 49 2 1 4
PNT 10 49 1 1 5
PNT 11 49 1 1 4
PNT 12 49 2 1 3
PNT 14 49 1 1 6
PNT 15 49 2 1 2
PNT 17 49 1 1 5
PNT 18 49 1 1 7
PNT 20 49 1 1 7
PNT 21 49 2 1 5
PNT 25 49 1 1 5
PNT 26 49 1 1 2
PNT 27 49 3 1 5
PNT 30 49 1 1 2
PNT 31 49 2 1 5
PNT 34 49 2 1 2
PNT 36 49 2 1 6
PNT 38 49 1 1 5
PNT 39 49 2 1 2
PNT 41 49 1 1 6
PNT 42 49 1 1 5
PNT 43 49 2 1 2
PNT 45 49 1 1 6
PNT 46 49 1 1 5
PNT 47 49 3 1 2
PNT 50 49 1 1 5
PNT 51 49 2 1 2
PNT 53 49 1 1 6
PNT 54 49 1 1 5
PNT 55 49 2 1 2
PNT 57 49 1 1 6
PNT 59 49 1 1 2
PNT 60 49 1 1 6
PNT 61 49 1 1 2
PNT 62 49 2 1 6
PNT 64 49 4 1 5
PNT 69 49 3 1 5
PNT 73 49 1 1 2
PNT 74 49 2 1 6
PNT 76 49 1 1 3
PNT 77 49 1 1 2
PNT 78 49 2 1 5
PNT 82 49 1 1 5
PNT 83 49 2 1 7
PNT 85 49 1 1 5
PNT 86 49 1 1 4
PNT 88 49 2 1 4
PNT 0 50 1 1 4
PNT 1 50 4 1 5
PNT 6 50 2 1 4
PNT 8 50 1 1 5
PNT 9 50 1 1 4
PNT 10 50 3 1 3
PNT 13 50 2 1 2
PNT 16 50 1 1 0
PNT 18 50 1 1 3
PNT 19 50 2 1 7
PNT 21 50 1 1 4
PNT 22 50 1 1 7
PNT 23 50 3 1 5
PNT 27 50 1 1 3
PNT 28 50 1 1 5
PNT 29 50 2 1 2
PNT 31 50 3 1 4
PNT 34 50 1 1 2
PNT 35 50 1 1 5
PNT 36 50 2 1 4
PNT 38 50 2 1 2
PNT 40 50 2 1 0
PNT 42 50 2 1 2
PNT 44 50 2 1 0
PNT 46 50 2 1 2
PNT 48 50 2 1 0
PNT 50 50 1 1 3
PNT 51 50 1 1 2
PNT 52 50 2 1 0
PNT 54 50 2 1 2
PNT 56 50 2 1 0
PNT 58 50 1 1 3
PNT 60 50 1 1 0
PNT 62 50 1 1 3
PNT 63 50 1 1 5
PNT 65 50 1 1 4
PNT 68 50 2 1 4
PNT 70 50 5 1 5
PNT 75 50 1 1 4
PNT 77 50 3 1 5
PNT 80 50 3 1 7
PNT 83 50 1 1 5
PNT 85 50 1 1 5
PNT 86 50 2 1 0
PNT 89 50 39 1 0
PNT 0 51 1 1 4
PNT 1 51 3 1 5
PNT 4 51 1 1 2
PNT 5 51 1 1 4
PNT 6 51 1 1 5
PNT 7 51 1 1 4
PNT 8 51 3 1 3
PNT 11 51 1 1 2
PNT 12 51 1 1 3
PNT 13 51 1 1 4
PNT 14 51 1 1 0
PNT 16 51 2 1 5
PNT 18 51 1 1 6
PNT 20 51 1 1 5
PNT 21 51 2 1 7
PNT 23 51 1 1 5
PNT 24 51 1 1 7
PNT 25 51 3 1 5
PNT 29 51 1 1 5
PNT 30 51 1 1 2
PNT 32 51 1 1 4
PNT 33 51 2 1 2
PNT 35 51 3 1 4
PNT 38 51 1 1 2
PNT 39 51 3 1 4
PNT 42 51 1 1 2
PNT 43 51 3 1 4
PNT 46 51 1 1 2
PNT 47 51 3 1 4
PNT 50 51 2 1 2
PNT 52 51 2 1 4
PNT 54 51 1 1 2
PNT 55 51 2 1 4
PNT 57 51 1 1 2
PNT 58 51 2 1 4
PNT 61 51 1 1 4
PNT 63 51 1 1 3
PNT 65 51 2 1 4
PNT 67 51 1 1 2
PNT 70 51 1 1 2
PNT 71 51 1 1 4
PNT 73 51 2 1 4
PNT 75 51 1 1 5
PNT 76 51 1 1 7
PNT 77 51 1 1 5
PNT 78 51 3 1 7
PNT 81 51 1 1 3
PNT 82 51 1 1 4
PNT 83 51 2 1 0
PNT 86 51 3 1 0
PNT 90 51 38 1 0
PNT 0 52 2 1 5
PNT 2 52 1 1 3
PNT 4 52 2 1 4
PNT 6 52 3 1 3
PNT 9 52 1 1 5
PNT 10 52 2 1 3
PNT 12 52 1 1 0
PNT 14 52 1 1 4
PNT 15 52 1 1 5
PNT 16 52 1 1 6
PNT 18 52 2 1 5
PNT 20 52 2 1 3
PNT 22 52 1 1 5
PNT 23 52 2 1 7
PNT 25 52 4 1 5
PNT 29 52 1 1 3
PNT 31 52 1 1 4
PNT 32 52 1 1 2
PNT 34 52 1 1 5
PNT 36 52 3 1 2
PNT 39 52 2 1 4
PNT 41 52 2 1 2
PNT 43 52 2 1 4
PNT 45 52 2 1 2
PNT 47 52 2 1 4
PNT 49 52 2 1 2
PNT 51 52 1 1 4
PNT 52 52 1 1 3
PNT 53 52 1 1 2
PNT 54 52 2 1 4
PNT 56 52 1 1 3
PNT 58 52 2 1 4
PNT 60 52 1 1 2
PNT 64 52 2 1 3
PNT 66 52 1 1 5
PNT 67 52 5 1 4
PNT 72 52 1 1 7
PNT 74 52 4 1 7
PNT 78 52 1 1 6
PNT 79 52 1 1 3
PNT 80 52 2 1 5
PNT 1 53 1 1 3
PNT 2 53 1 1 2
PNT 3 53 1 1 4
PNT 4 53 3 1 3
PNT 7 53 1 1 4
PNT 8 53 2 1 3
PNT 10 53 1 1 0
PNT 11 53 1 1 3
PNT 13 53 1 1 4
PNT 14 53 1 1 5
PNT 15 53 1 1 4
PNT 16 53 2 1 6
PNT 18 53 2 1 5
PNT 22 53 2 1 3
PNT 24 53 1 1 6
PNT 25 53 2 1 7
PNT 27 53 1 1 5
PNT 28 53 1 1 7
PNT 29 53 1 1 5
PNT 30 53 1 1 2
PNT 31 53 1 1 5
PNT 33 53 2 1 3
PNT 35 53 1 1 5
PNT 36 53 1 1 2
PNT 37 53 2 1 5
PNT 40 53 1 1 2
PNT 41 53 1 1 4
PNT 42 53 1 1 2
PNT 44 53 1 1 2
PNT 46 53 1 1 4
PNT 48 53 1 1 2
PNT 49 53 2 1 4
PNT 52 53 2 1 2
PNT 54 53 1 1 3
PNT 55 53 1 1 2
PNT 56 53 4 1 4
PNT 61 53 1 1 5
PNT 63 53 1 1 5
PNT 65 53 1 1 5
PNT 66 53 2 1 3
PNT 68 53 1 1 7
PNT 69 53 1 1 6
PNT 70 53 4 1 7
PNT 74 53 2 1 6
PNT 76 53 3 1 3
PNT 80 53 2 1 5
PNT 0 54 1 1 5
PNT 2 54 1 1 4
PNT 3 54 2 1 3
PNT 5 54 1 1 4
PNT 6 54 2 1 3
PNT 8 54 1 1 0
PNT 9 54 2 1 3
PNT 12 54 1 1 4
PNT 13 54 3 1 5
PNT 16 54 2 1 6
PNT 18 54 5 1 0
PNT 23 54 1 1 7
PNT 24 54 1 1 6
PNT 25 54 2 1 3
PNT 27 54 3 1 7
PNT 30 54 2 1 3
PNT 32 54 1 1 7
PNT 33 54 1 1 5
PNT 35 54 8 1 5
PNT 43 54 1 1 0
PNT 44 54 3 1 5
PNT 47 54 1 1 0
PNT 48 54 3 1 5
PNT 51 54 1 1 0
PNT 52 54 3 1 5
PNT 55 54 1 1 4
PNT 57 54 1 1 5
PNT 59 54 5 1 5
PNT 64 54 1 1 7
PNT 66 54 2 1 7
PNT 68 54 1 1 2
PNT 69 54 1 1 7
PNT 70 54 6 1 3
PNT 76 54 2 1 5
PNT 78 54 1 1 0
PNT 79 54 2 1 4
PNT 81 54 47 1 0
PNT 0 55 1 1 3
PNT 1 55 1 1 2
PNT 2 55 1 1 3
PNT 3 55 1 1 4
PNT 4 55 2 1 3
PNT 6 55 1 1 0
PNT 7 55 1 1 3
PNT 8 55 2 1 0
PNT 11 55 1 1 0
PNT 12 55 1 1 5
PNT 13 55 1 1 0
PNT 14 55 2 1 5
PNT 16 55 1 1 0
PNT 17 55 1 1 4
PNT 18 55 5 1 0
PNT 23 55 1 1 7
PNT 24 55 1 1 2
PNT 25 55 1 1 4
PNT 26 55 2 1 5
PNT 28 55 1 1 4
PNT 29 55 1 1 5
PNT 30 55 3 1 7
PNT 33 55 1 1 3
PNT 34 55 1 1 2
PNT 35 55 1 1 6
PNT 36 55 1 1 7
PNT 37 55 1 1 5
PNT 39 55 7 1 5
PNT 47 55 1 1 5
PNT 49 55 1 1 5
PNT 51 55 1 1 5
PNT 53 55 1 1 5
PNT 55 55 1 1 4
PNT 56 55 4 1 5
PNT 60 55 1 1 7
PNT 61 55 1 1 5
PNT 62 55 4 1 7
PNT 66 55 3 1 6
PNT 70 55 1 1 4
PNT 71 55 4 1 5
PNT 75 55 2 1 4
PNT 78 55 50 1 0
PNT 1 56 3 1 3
PNT 4 56 1 1 0
PNT 6 56 1 1 4
PNT 7 56 5 1 3
PNT 12 56 4 1 5
PNT 22 56 1 1 5
PNT 24 56 1 1 6
PNT 26 56 2 1 4
PNT 28 56 1 1 5
PNT 29 56 2 1 4
PNT 32 56 2 1 4
PNT 34 56 1 1 5
PNT 35 56 1 1 3
PNT 36 56 1 1 2
PNT 37 56 1 1 3
PNT 38 56 1 1 4
PNT 39 56 1 1 5
PNT 40 56 1 1 7
PNT 41 56 1 1 5
PNT 43 56 1 1 5
PNT 44 56 1 1 7
PNT 45 56 3 1 5
PNT 48 56 1 1 7
PNT 49 56 3 1 5
PNT 52 56 1 1 7
PNT 53 56 1 1 5
PNT 54 56 2 1 4
PNT 56 56 1 1 7
PNT 57 56 1 1 5
PNT 58 56 1 1 2
PNT 59 56 3 1 7
PNT 62 56 2 1 6
PNT 64 56 1 1 5
PNT 65 56 2 1 4
PNT 67 56 1 1 5
PNT 68 56 1 1 2
PNT 69 56 2 1 5
PNT 71 56 3 1 4
PNT 0 57 1 1 4
PNT 1 57 1 1 3
PNT 2 57 1 1 0
PNT 3 57 1 1 4
PNT 4 57 1 1 3
PNT 5 57 1 1 4
PNT 6 57 1 1 3
PNT 8 57 4 1 3
PNT 12 57 2 1 5
PNT 22 57 1 1 5
PNT 24 57 1 1 2
PNT 25 57 1 1 6
PNT 26 57 2 1 5
PNT 28 57 4 1 4
PNT 32 57 1 1 5
PNT 33 57 1 1 4
PNT 34 57 1 1 2
PNT 35 57 1 1 5
PNT 36 57 2 1 4
PNT 38 57 1 1 2
PNT 39 57 1 1 3
PNT 40 57 1 1 2
PNT 41 57 17 1 7
PNT 58 57 1 1 5
PNT 60 57 1 1 5
PNT 61 57 2 1 4
PNT 64 57 2 1 5
PNT 66 57 1 1 6
PNT 67 57 1 1 4
PNT 68 57 1 1 6
PNT 70 57 3 1 5
PNT 73 57 1 1 4
PNT 74 57 1 1 5
PNT 0 58 1 1 0
PNT 1 58 1 1 2
PNT 2 58 2 1 3
PNT 4 58 1 1 4
PNT 5 58 4 1 3
PNT 9 58 1 1 0
PNT 10 58 2 1 3
PNT 12 58 2 1 5
PNT 14 58 8 1 0
PNT 22 58 1 1 5
PNT 23 58 1 1 0
PNT 24 58 1 1 6
PNT 26 58 3 1 5
PNT 29 58 1 1 4
PNT 30 58 1 1 0
PNT 31 58 2 1 4
PNT 33 58 2 1 5
PNT 36 58 1 1 5
PNT 37 58 2 1 4
PNT 39 58 1 1 0
PNT 40 58 1 1 4
PNT 41 58 1 1 0
PNT 42 58 2 1 6
PNT 44 58 1 1 4
PNT 45 58 1 1 0
PNT 46 58 2 1 6
PNT 48 58 1 1 4
PNT 49 58 1 1 0
PNT 50 58 2 1 6
PNT 52 58 1 1 4
PNT 53 58 1 1 0
PNT 54 58 2 1 6
PNT 56 58 2 1 4
PNT 58 58 1 1 2
PNT 59 58 3 1 5
PNT 62 58 3 1 4
PNT 65 58 1 1 6
PNT 66 58 1 1 5
PNT 67 58 1 1 0
PNT 68 58 1 1 2
PNT 69 58 1 1 6
PNT 70 58 4 1 5
PNT 74 58 1 1 4
PNT 75 58 1 1 5
PNT 76 58 52 1 0
PNT 0 59 2 1 0
PNT 2 59 1 1 4
PNT 3 59 2 1 3
PNT 5 59 1 1 4
PNT 6 59 5 1 3
PNT 11 59 1 1 4
PNT 12 59 10 1 0
PNT 22 59 1 1 5
PNT 23 59 1 1 0
PNT 24 59 1 1 2
PNT 25 59 1 1 6
PNT 26 59 4 1 5
PNT 30 59 1 1 4
PNT 31 59 1 1 0
PNT 32 59 1 1 4
PNT 33 59 1 1 5
PNT 34 59 1 1 2
PNT 35 59 1 1 5
PNT 36 59 4 1 4
PNT 40 59 1 1 5
PNT 41 59 2 1 4
PNT 43 59 1 1 0
PNT 44 59 1 1 5
PNT 45 59 2 1 4
PNT 47 59 1 1 0
PNT 48 59 1 1 5
PNT 49 59 2 1 4
PNT 51 59 1 1 0
PNT 52 59 1 1 5
PNT 53 59 3 1 4
PNT 56 59 2 1 5
PNT 58 59 1 1 4
PNT 60 59 2 1 4
PNT 62 59 1 1 0
PNT 63 59 1 1 4
PNT 64 59 1 1 0
PNT 65 59 1 1 6
PNT 66 59 1 1 5
PNT 67 59 1 1 0
PNT 68 59 1 1 6
PNT 70 59 4 1 5
PNT 74 59 1 1 4
PNT 75 59 1 1 5
PNT 76 59 52 1 0
PNT 3 60 1 1 4
PNT 4 60 7 1 3
PNT 11 60 1 1 4
PNT 22 60 1 1 5
PNT 24 60 1 1 6
PNT 26 60 4 1 5
PNT 30 60 1 1 4
PNT 32 60 1 1 4
PNT 33 60 2 1 5
PNT 36 60 5 1 4
PNT 42 60 3 1 4
PNT 46 60 3 1 4
PNT 50 60 3 1 4
PNT 54 60 3 1 4
PNT 57 60 2 1 5
PNT 59 60 1 1 2
PNT 60 60 1 1 5
PNT 62 60 2 1 4
PNT 65 60 1 1 6
PNT 66 60 1 1 5
PNT 68 60 1 1 2
PNT 69 60 1 1 6
PNT 70 60 4 1 5
PNT 74 60 1 1 4
PNT 75 60 1 1 5
PNT 4 61 1 1 4
PNT 5 61 1 1 3
PNT 7 61 4 1 3
PNT 22 61 1 1 5
PNT 24 61 1 1 2
PNT 25 61 1 1 6
PNT 26 61 4 1 5
PNT 30 61 1 1 4
PNT 32 61 1 1 4
PNT 33 61 1 1 5
PNT 34 61 1 1 2
PNT 35 61 1 1 5
PNT 36 61 4 1 4
PNT 54 61 3 1 4
PNT 57 61 1 1 2
PNT 58 61 2 1 5
PNT 62 61 2 1 4
PNT 65 61 1 1 6
PNT 66 61 1 1 5
PNT 68 61 2 1 6
PNT 70 61 4 1 5
PNT 74 61 1 1 4
PNT 75 61 1 1 5
PNT 0 62 4 1 0
PNT 4 62 4 1 3
PNT 8 62 1 1 0
PNT 9 62 2 1 3
PNT 11 62 11 1 0
PNT 22 62 1 1 5
PNT 23 62 1 1 0
PNT 24 62 1 1 6
PNT 26 62 4 1 5
PNT 30 62 1 1 4
PNT 31 62 1 1 0
PNT 32 62 1 1 4
PNT 33 62 2 1 5
PNT 36 62 4 1 4
PNT 40 62 14 1 0
PNT 54 62 3 1 4
PNT 57 62 2 1 5
PNT 59 62 1 1 2
PNT 60 62 1 1 5
PNT 61 62 1 1 0
PNT 62 62 2 1 4
PNT 64 62 1 1 0
PNT 65 62 1 1 6
PNT 66 62 1 1 5
PNT 67 62 1 1 0
PNT 68 62 1 1 2
PNT 69 62 1 1 6
PNT 70 62 4 1 5
PNT 74 62 1 1 4
PNT 75 62 1 1 5
PNT 76 62 52 1 0
PNT 0 63 6 1 0
PNT 6 63 3 1 3
PNT 9 63 1 1 0
PNT 10 63 1 1 3
PNT 11 63 11 1 0
PNT 22 63 1 1 5
PNT 23 63 1 1 0
PNT 24 63 1 1 2
PNT 25 63 1 1 6
PNT 26 63 4 1 5
PNT 30 63 1 1 4
PNT 31 63 1 1 0
PNT 32 63 1 1 4
PNT 33 63 1 1 5
PNT 34 63 1 1 2
PNT 35 63 1 1 5
PNT 36 63 4 1 4
PNT 40 63 15 1 0
PNT 55 63 2 1 4
PNT 57 63 3 1 5
PNT 61 63 1 1 0
PNT 62 63 2 1 4
PNT 64 63 1 1 0
PNT 65 63 1 1 6
PNT 66 63 1 1 5
PNT 67 63 1 1 0
PNT 68 63 2 1 6
PNT 70 63 4 1 5
PNT 74 63 1 1 4
PNT 75 63 1 1 5
PNT 76 63 52 1 0
PNT 5 64 1 1 3
PNT 7 64 3 1 3
PNT 22 64 1 1 5
PNT 24 64 1 1 6
PNT 26 64 4 1 5
PNT 30 64 1 1 4
PNT 32 64 1 1 4
PNT 33 64 2 1 5
PNT 36 64 4 1 4
PNT 55 64 3 1 4
PNT 58 64 2 1 5
PNT 60 64 1 1 2
PNT 61 64 1 1 5
PNT 62 64 2 1 4
PNT 65 64 1 1 6
PNT 66 64 1 1 5
PNT 68 64 1 1 2
PNT 69 64 1 1 6
PNT 70 64 4 1 5
PNT 74 64 1 1 4
PNT 75 64 1 1 5
PNT 8 65 2 1 3
PNT 22 65 1 1 5
PNT 24 65 1 1 2
PNT 25 65 1 1 6
PNT 26 65 4 1 5
PNT 30 65 1 1 4
PNT 32 65 1 1 4
PNT 33 65 1 1 5
PNT 34 65 1 1 2
PNT 35 65 1 1 5
PNT 36 65 4 1 4
PNT 55 65 3 1 4
PNT 58 65 1 1 3
PNT 59 65 2 1 5
PNT 62 65 2 1 4
PNT 65 65 1 1 6
PNT 66 65 1 1 5
PNT 67 65 2 1 6
PNT 69 65 4 1 5
PNT 73 65 1 1 4
PNT 75 65 1 1 5
PNT 0 66 6 1 0
PNT 6 66 1 1 2
PNT 7 66 2 1 0
PNT 9 66 1 1 3
PNT 10 66 12 1 0
PNT 22 66 1 1 5
PNT 23 66 1 1 0
PNT 24 66 1 1 6
PNT 26 66 4 1 5
PNT 30 66 1 1 4
PNT 31 66 1 1 0
PNT 32 66 1 1 4
PNT 33 66 2 1 5
PNT 36 66 4 1 4
PNT 40 66 15 1 0
PNT 55 66 3 1 4
PNT 58 66 2 1 5
PNT 60 66 1 1 2
PNT 61 66 1 1 5
PNT 62 66 3 1 4
PNT 65 66 1 1 6
PNT 66 66 1 1 5
PNT 67 66 1 1 2
PNT 68 66 1 1 6
PNT 69 66 4 1 5
PNT 73 66 1 1 4
PNT 74 66 1 1 5
PNT 75 66 53 1 0
PNT 0 67 22 1 0
PNT 22 67 1 1 5
PNT 23 67 1 1 0
PNT 24 67 1 1 2
PNT 25 67 1 1 6
PNT 26 67 4 1 5
PNT 30 67 1 1 4
PNT 31 67 1 1 0
PNT 32 67 1 1 4
PNT 33 67 1 1 5
PNT 34 67 1 1 2
PNT 35 67 1 1 5
PNT 36 67 4 1 4
PNT 40 67 16 1 0
PNT 56 67 2 1 4
PNT 58 67 1 1 5
PNT 59 67 1 1 4
PNT 60 67 1 1 5
PNT 62 67 2 1 4
PNT 64 67 1 1 0
PNT 65 67 1 1 6
PNT 66 67 1 1 5
PNT 67 67 2 1 6
PNT 69 67 4 1 5
PNT 73 67 1 1 4
PNT 74 67 1 1 5
PNT 75 67 53 1 0
PNT 22 68 1 1 5
PNT 23 68 1 1 6
PNT 24 68 1 1 7
PNT 25 68 1 1 6
PNT 26 68 5 1 5
PNT 32 68 1 1 4
PNT 33 68 1 1 5
PNT 34 68 1 1 6
PNT 35 68 1 1 5
PNT 36 68 4 1 4
PNT 56 68 3 1 4
PNT 59 68 2 1 5
PNT 61 68 1 1 2
PNT 62 68 1 1 4
PNT 65 68 1 1 6
PNT 66 68 1 1 5
PNT 67 68 1 1 2
PNT 68 68 1 1 6
PNT 69 68 4 1 5
PNT 73 68 1 1 4
PNT 74 68 1 1 5
PNT 22 69 1 1 5
PNT 23 69 2 1 7
PNT 25 69 1 1 6
PNT 26 69 2 1 5
PNT 28 69 1 1 6
PNT 29 69 2 1 5
PNT 31 69 2 1 4
PNT 33 69 2 1 6
PNT 35 69 1 1 5
PNT 36 69 1 1 4
PNT 37 69 1 1 6
PNT 38 69 1 1 5
PNT 39 69 1 1 4
PNT 56 69 8 1 6
PNT 65 69 2 1 5
PNT 67 69 1 1 7
PNT 68 69 1 1 6
PNT 69 69 1 1 5
PNT 70 69 1 1 6
PNT 71 69 1 1 5
PNT 72 69 1 1 4
PNT 73 69 1 1 5
PNT 0 70 21 1 2
PNT 21 70 1 1 6
PNT 22 70 6 1 7
PNT 28 70 2 1 5
PNT 30 70 1 1 2
PNT 31 70 1 1 4
PNT 32 70 6 1 6
PNT 38 70 2 1 5
PNT 40 70 17 1 2
PNT 57 70 1 1 5
PNT 58 70 6 1 6
PNT 64 70 1 1 2
PNT 65 70 6 1 7
PNT 71 70 1 1 6
PNT 72 70 1 1 4
PNT 73 70 1 1 5
PNT 74 70 54 1 2
PNT 0 71 16 1 2
PNT 19 71 3 1 2
PNT 22 71 6 1 7
PNT 28 71 4 1 2
PNT 32 71 6 1 6
PNT 38 71 11 1 2
PNT 51 71 8 1 2
PNT 59 71 1 1 4
PNT 60 71 5 1 2
PNT 65 71 8 1 7
PNT 73 71 1 1 6
PNT 74 71 7 1 2
PNT 83 71 13 1 2
PNT 99 71 13 1 2
PNT 115 71 9 1 2
PNT 127 71 1 1 2
PNT 0 72 18 1 3
PNT 18 72 71 1 2
PNT 89 72 39 1 3
PNT 0 73 20 1 2
PNT 87 73 41 1 2
PNT 16 76 2 1 2
PNT 22 76 2 1 2
PNT 27 76 5 1 2
PNT 50 76 14 1 2
PNT 82 76 6 1 2
PNT 90 76 6 1 2
PNT 112 76 8 1 2
PNT 123 76 5 1 2
PNT 0 80 24 1 2
PNT 26 80 38 1 2
PNT 66 80 38 1 2
PNT 106 80 22 1 2
PNT 0 82 8 1 2
PNT 18 82 54 1 2
PNT 80 82 14 1 2
PNT 98 82 30 1 2
PNT 0 83 24 1 2
PNT 32 83 2 1 2
PNT 38 83 18 1 2
PNT 64 83 10 1 2
PNT 78 83 10 1 2
PNT 96 83 18 1 2
PNT 118 83 2 1 2
PNT 0 86 24 1 2
PNT 30 86 50 1 2
PNT 86 86 42 1 2
PNT 0 87 52 1 2
PNT 58 87 50 1 2
PNT 114 87 14 1 2
PNT 0 88 128 1 2
PNT 0 89 128 1 2
PNT 0 90 128 1 2
PNT 0 91 128 1 2
PNT 0 92 128 1 2
PNT 0 93 128 1 2
PNT 0 94 128 1 2
PNT 0 95 128 1 2
REC 1
C FRAME 9
CLR 1
PNT 0 6 128 1 0
PNT 0 7 128 1 0
PNT 110 8 1 1 5
PNT 109 9 1 1 5
PNT 116 9 1 1 5
PNT 0 10 20 1 0
PNT 22 10 62 1 0
PNT 86 10 19 1 0
PNT 105 10 1 1 5
PNT 106 10 1 1 0
PNT 107 10 1 1 7
PNT 108 10 2 1 5
PNT 110 10 5 1 0
PNT 115 10 1 1 5
PNT 116 10 12 1 0
PNT 0 11 105 1 0
PNT 105 11 1 1 5
PNT 106 11 2 1 0
PNT 108 11 1 1 5
PNT 109 11 3 1 0
PNT 112 11 1 1 5
PNT 113 11 1 1 0
PNT 114 11 1 1 7
PNT 115 11 2 1 5
PNT 117 11 11 1 0
PNT 106 12 2 1 5
PNT 108 12 1 1 6
PNT 109 12 1 1 5
PNT 112 12 1 1 5
PNT 114 12 2 1 5
PNT 106 13 2 1 5
PNT 108 13 1 1 6
PNT 109 13 1 1 5
PNT 113 13 1 1 5
PNT 114 13 1 1 6
PNT 115 13 1 1 5
PNT 0 14 105 1 0
PNT 105 14 2 1 5
PNT 107 14 1 1 7
PNT 108 14 1 1 5
PNT 109 14 4 1 0
PNT 113 14 3 1 5
PNT 116 14 12 1 0
PNT 0 15 105 1 0
PNT 105 15 4 1 5
PNT 109 15 4 1 0
PNT 113 15 1 1 7
PNT 114 15 1 1 5
PNT 115 15 13 1 0
PNT 106 16 2 1 5
PNT 113 16 3 1 5
PNT 86 17 1 1 4
PNT 106 17 2 1 5
PNT 108 17 3 1 6
PNT 112 17 1 1 5
PNT 114 17 1 1 5
PNT 0 18 6 1 0
PNT 10 18 52 1 0
PNT 64 18 2 1 0
PNT 66 18 1 1 3
PNT 67 18 18 1 0
PNT 85 18 1 1 4
PNT 86 18 1 1 0
PNT 87 18 1 1 4
PNT 88 18 6 1 0
PNT 96 18 7 1 0
PNT 103 18 11 1 7
PNT 114 18 1 1 6
PNT 115 18 13 1 0
PNT 0 19 10 1 0
PNT 13 19 17 1 0
PNT 32 19 35 1 0
PNT 67 19 2 1 3
PNT 69 19 15 1 0
PNT 84 19 1 1 5
PNT 85 19 1 1 0
PNT 86 19 1 1 4
PNT 87 19 1 1 0
PNT 88 19 1 1 4
PNT 89 19 12 1 0
PNT 101 19 2 1 7
PNT 103 19 1 1 6
PNT 104 19 1 1 7
PNT 105 19 5 1 5
PNT 110 19 1 1 7
PNT 111 19 1 1 5
PNT 113 19 1 1 5
PNT 114 19 2 1 7
PNT 116 19 2 1 0
PNT 118 19 2 1 4
PNT 120 19 8 1 0
PNT 68 20 2 1 3
PNT 70 20 1 1 4
PNT 84 20 1 1 5
PNT 98 20 1 1 3
PNT 99 20 1 1 2
PNT 100 20 1 1 3
PNT 101 20 3 1 2
PNT 104 20 2 1 5
PNT 106 20 5 1 3
PNT 111 20 3 1 5
PNT 114 20 1 1 2
PNT 115 20 1 1 5
PNT 116 20 2 1 7
PNT 74 21 1 1 4
PNT 83 21 1 1 5
PNT 85 21 1 1 5
PNT 87 21 1 1 4
PNT 97 21 1 1 2
PNT 98 21 1 1 7
PNT 99 21 1 1 6
PNT 101 21 1 1 2
PNT 106 21 5 1 5
PNT 111 21 2 1 3
PNT 113 21 3 1 5
PNT 116 21 1 1 7
PNT 117 21 1 1 4
PNT 118 21 1 1 7
PNT 0 22 22 1 0
PNT 26 22 16 1 0
PNT 45 22 27 1 0
PNT 72 22 2 1 4
PNT 77 22 6 1 0
PNT 83 22 1 1 5
PNT 84 22 1 1 0
PNT 85 22 1 1 5
PNT 86 22 8 1 0
PNT 95 22 1 1 0
PNT 96 22 1 1 3
PNT 97 22 1 1 6
PNT 99 22 2 1 2
PNT 103 22 3 1 2
PNT 109 22 2 1 0
PNT 111 22 1 1 7
PNT 112 22 1 1 6
PNT 113 22 3 1 5
PNT 116 22 2 1 4
PNT 118 22 1 1 2
PNT 119 22 1 1 7
PNT 120 22 8 1 0
PNT 0 23 26 1 0
PNT 29 23 17 1 0
PNT 48 23 26 1 0
PNT 74 23 2 1 4
PNT 76 23 1 1 0
PNT 77 23 1 1 5
PNT 80 23 2 1 0
PNT 82 23 1 1 5
PNT 83 23 1 1 0
PNT 84 23 1 1 5
PNT 85 23 1 1 0
PNT 86 23 1 1 5
PNT 87 23 7 1 0
PNT 94 23 2 1 2
PNT 97 23 1 1 2
PNT 98 23 1 1 6
PNT 100 23 1 1 3
PNT 101 23 2 1 5
PNT 104 23 1 1 3
PNT 105 23 1 1 5
PNT 106 23 1 1 4
PNT 107 23 1 1 3
PNT 108 23 1 1 2
PNT 112 23 2 1 2
PNT 114 23 1 1 3
PNT 115 23 5 1 4
PNT 121 23 1 1 4
PNT 122 23 6 1 0
PNT 76 24 1 1 4
PNT 77 24 1 1 5
PNT 79 24 2 1 5
PNT 82 24 1 1 5
PNT 84 24 1 1 5
PNT 94 24 1 1 3
PNT 95 24 1 1 2
PNT 96 24 1 1 6
PNT 98 24 1 1 3
PNT 99 24 1 1 2
PNT 102 24 4 1 4
PNT 106 24 1 1 3
PNT 107 24 1 1 2
PNT 114 24 2 1 2
PNT 116 24 1 1 5
PNT 117 24 5 1 4
PNT 122 24 1 1 2
PNT 78 25 2 1 5
PNT 81 25 3 1 5
PNT 85 25 1 1 5
PNT 93 25 1 1 2
PNT 94 25 1 1 7
PNT 95 25 2 1 6
PNT 97 25 1 1 2
PNT 99 25 1 1 6
PNT 100 25 1 1 5
PNT 101 25 1 1 6
PNT 102 25 3 1 4
PNT 105 25 1 1 3
PNT 106 25 1 1 2
PNT 109 25 1 1 2
PNT 112 25 1 1 2
PNT 113 25 2 1 3
PNT 116 25 1 1 2
PNT 117 25 1 1 4
PNT 118 25 1 1 7
PNT 119 25 1 1 4
PNT 120 25 1 1 7
PNT 0 26 80 1 0
PNT 80 26 2 1 5
PNT 82 26 1 1 0
PNT 83 26 2 1 5
PNT 85 26 5 1 0
PNT 91 26 1 1 0
PNT 92 26 1 1 3
PNT 93 26 1 1 2
PNT 94 26 1 1 6
PNT 96 26 1 1 3
PNT 97 26 5 1 6
PNT 102 26 2 1 7
PNT 104 26 1 1 3
PNT 105 26 1 1 4
PNT 109 26 3 1 6
PNT 112 26 1 1 5
PNT 113 26 1 1 2
PNT 118 26 2 1 4
PNT 120 26 1 1 3
PNT 121 26 7 1 0
PNT 0 27 80 1 0
PNT 80 27 1 1 5
PNT 81 27 1 1 0
PNT 82 27 4 1 5
PNT 86 27 4 1 0
PNT 90 27 1 1 2
PNT 91 27 1 1 7
PNT 93 27 2 1 6
PNT 95 27 1 1 2
PNT 97 27 1 1 5
PNT 98 27 2 1 6
PNT 101 27 2 1 6
PNT 103 27 2 1 4
PNT 105 27 1 1 7
PNT 106 27 2 1 5
PNT 108 27 1 1 3
PNT 112 27 1 1 3
PNT 113 27 3 1 5
PNT 116 27 1 1 4
PNT 117 27 1 1 5
PNT 118 27 1 1 4
PNT 119 27 1 1 7
PNT 120 27 8 1 0
PNT 80 28 1 1 6
PNT 81 28 1 1 0
PNT 82 28 1 1 7
PNT 83 28 1 1 6
PNT 84 28 2 1 5
PNT 90 28 1 1 6
PNT 91 28 1 1 2
PNT 92 28 1 1 6
PNT 94 28 1 1 3
PNT 95 28 1 1 6
PNT 96 28 1 1 5
PNT 97 28 5 1 6
PNT 104 28 1 1 4
PNT 105 28 1 1 5
PNT 106 28 2 1 7
PNT 108 28 1 1 5
PNT 109 28 1 1 2
PNT 110 28 1 1 3
PNT 111 28 1 1 2
PNT 112 28 2 1 5
PNT 114 28 1 1 4
PNT 116 28 1 1 4
PNT 117 28 2 1 7
PNT 78 29 1 1 6
PNT 79 29 1 1 0
PNT 80 29 1 1 7
PNT 81 29 1 1 6
PNT 82 29 1 1 7
PNT 83 29 1 1 6
PNT 84 29 1 1 0
PNT 86 29 1 1 5
PNT 89 29 1 1 6
PNT 90 29 1 1 7
PNT 91 29 2 1 6
PNT 93 29 1 1 2
PNT 95 29 1 1 5
PNT 96 29 2 1 6
PNT 99 29 3 1 6
PNT 103 29 1 1 4
PNT 106 29 1 1 4
PNT 107 29 1 1 5
PNT 108 29 3 1 7
PNT 114 29 1 1 4
PNT 115 29 2 1 7
PNT 117 29 1 1 4
PNT 0 30 10 1 0
PNT 12 30 54 1 0
PNT 68 30 8 1 0
PNT 76 30 1 1 6
PNT 77 30 1 1 0
PNT 78 30 1 1 7
PNT 79 30 1 1 6
PNT 80 30 1 1 7
PNT 81 30 1 1 5
PNT 82 30 1 1 0
PNT 83 30 1 1 2
PNT 84 30 1 1 6
PNT 85 30 1 1 0
PNT 87 30 2 1 6
PNT 89 30 1 1 7
PNT 90 30 1 1 3
PNT 92 30 1 1 3
PNT 93 30 2 1 5
PNT 95 30 3 1 6
PNT 100 30 2 1 0
PNT 102 30 1 1 4
PNT 103 30 2 1 0
PNT 105 30 1 1 4
PNT 106 30 4 1 0
PNT 110 30 1 1 5
PNT 111 30 4 1 7
PNT 115 30 1 1 4
PNT 116 30 2 1 0
PNT 118 30 1 1 4
PNT 119 30 9 1 0
PNT 0 31 14 1 0
PNT 16 31 18 1 0
PNT 36 31 38 1 0
PNT 74 31 1 1 6
PNT 75 31 1 1 0
PNT 76 31 1 1 7
PNT 77 31 1 1 6
PNT 78 31 1 1 7
PNT 79 31 1 1 5
PNT 80 31 1 1 0
PNT 81 31 1 1 2
PNT 83 31 2 1 5
PNT 85 31 1 1 4
PNT 86 31 1 1 2
PNT 87 31 1 1 6
PNT 89 31 2 1 7
PNT 91 31 1 1 2
PNT 93 31 3 1 6
PNT 97 31 3 1 6
PNT 100 31 4 1 0
PNT 104 31 1 1 4
PNT 105 31 11 1 0
PNT 116 31 1 1 4
PNT 117 31 11 1 0
PNT 72 32 1 1 6
PNT 73 32 1 1 0
PNT 74 32 1 1 7
PNT 75 32 1 1 6
PNT 76 32 1 1 7
PNT 77 32 1 1 5
PNT 78 32 1 1 0
PNT 79 32 1 1 2
PNT 81 32 2 1 5
PNT 83 32 1 1 4
PNT 85 32 2 1 6
PNT 87 32 1 1 2
PNT 88 32 1 1 7
PNT 89 32 1 1 2
PNT 92 32 2 1 6
PNT 96 32 2 1 6
PNT 70 33 1 1 5
PNT 71 33 1 1 0
PNT 72 33 2 1 6
PNT 76 33 1 1 0
PNT 77 33 1 1 2
PNT 80 33 1 1 5
PNT 81 33 2 1 4
PNT 83 33 1 1 7
PNT 85 33 1 1 6
PNT 87 33 1 1 7
PNT 88 33 1 1 5
PNT 89 33 1 1 2
PNT 91 33 3 1 6
PNT 95 33 1 1 6
PNT 0 34 26 1 0
PNT 28 34 2 1 0
PNT 32 34 16 1 0
PNT 51 34 17 1 0
PNT 68 34 1 1 5
PNT 69 34 1 1 0
PNT 70 34 1 1 6
PNT 71 34 1 1 5
PNT 72 34 1 1 6
PNT 73 34 1 1 5
PNT 74 34 1 1 0
PNT 75 34 1 1 2
PNT 77 34 2 1 5
PNT 79 34 1 1 4
PNT 83 34 1 1 4
PNT 84 34 1 1 6
PNT 85 34 1 1 2
PNT 86 34 1 1 6
PNT 87 34 1 1 7
PNT 88 34 1 1 3
PNT 89 34 1 1 5
PNT 90 34 6 1 6
PNT 96 34 16 1 0
PNT 115 34 13 1 0
PNT 0 35 32 1 0
PNT 35 35 9 1 0
PNT 44 35 6 1 7
PNT 52 35 8 1 7
PNT 60 35 1 1 6
PNT 61 35 5 1 0
PNT 66 35 1 1 5
PNT 67 35 1 1 0
PNT 68 35 1 1 6
PNT 69 35 1 1 5
PNT 70 35 1 1 6
PNT 71 35 1 1 4
PNT 72 35 1 1 0
PNT 73 35 1 1 2
PNT 75 35 2 1 5
PNT 77 35 2 1 4
PNT 79 35 1 1 6
PNT 80 35 2 1 4
PNT 85 35 1 1 6
PNT 86 35 1 1 7
PNT 87 35 1 1 2
PNT 89 35 3 1 6
PNT 93 35 3 1 6
PNT 96 35 18 1 0
PNT 116 35 12 1 0
PNT 38 36 1 1 2
PNT 40 36 4 1 7
PNT 44 36 14 1 6
PNT 58 36 1 1 2
PNT 59 36 1 1 6
PNT 60 36 4 1 7
PNT 64 36 1 1 4
PNT 65 36 1 1 0
PNT 66 36 1 1 6
PNT 67 36 1 1 5
PNT 68 36 1 1 6
PNT 69 36 1 1 4
PNT 70 36 1 1 0
PNT 71 36 1 1 2
PNT 73 36 4 1 4
PNT 77 36 1 1 6
PNT 78 36 2 1 4
PNT 80 36 1 1 6
PNT 81 36 1 1 5
PNT 82 36 3 1 6
PNT 86 36 1 1 7
PNT 87 36 1 1 2
PNT 88 36 6 1 6
PNT 34 37 1 1 2
PNT 36 37 4 1 7
PNT 40 37 2 1 6
PNT 42 37 1 1 2
PNT 43 37 1 1 6
PNT 44 37 1 1 2
PNT 45 37 1 1 6
PNT 46 37 1 1 2
PNT 47 37 15 1 6
PNT 62 37 1 1 2
PNT 63 37 1 1 0
PNT 64 37 4 1 7
PNT 68 37 1 1 0
PNT 69 37 1 1 2
PNT 71 37 2 1 4
PNT 73 37 1 1 3
PNT 74 37 1 1 4
PNT 75 37 1 1 6
PNT 76 37 2 1 4
PNT 78 37 4 1 5
PNT 83 37 1 1 6
PNT 85 37 2 1 7
PNT 87 37 2 1 6
PNT 89 37 1 1 5
PNT 91 37 3 1 6
PNT 0 38 10 1 0
PNT 10 38 1 1 2
PNT 11 38 19 1 0
PNT 30 38 1 1 2
PNT 31 38 1 1 0
PNT 32 38 4 1 7
PNT 36 38 2 1 6
PNT 38 38 1 1 2
PNT 39 38 1 1 6
PNT 40 38 1 1 2
PNT 41 38 1 1 6
PNT 42 38 1 1 7
PNT 43 38 1 1 0
PNT 44 38 3 1 7
PNT 47 38 1 1 0
PNT 48 38 3 1 7
PNT 51 38 1 1 0
PNT 52 38 1 1 7
PNT 54 38 1 1 7
PNT 55 38 1 1 0
PNT 56 38 1 1 6
PNT 58 38 1 1 6
PNT 60 38 1 1 6
PNT 61 38 1 1 0
PNT 62 38 1 1 5
PNT 64 38 1 1 5
PNT 65 38 1 1 4
PNT 66 38 1 1 0
PNT 67 38 1 1 2
PNT 69 38 3 1 7
PNT 72 38 1 1 3
PNT 73 38 1 1 6
PNT 74 38 2 1 4
PNT 76 38 2 1 0
PNT 78 38 1 1 6
PNT 79 38 3 1 5
PNT 84 38 1 1 3
PNT 85 38 1 1 7
PNT 86 38 1 1 3
PNT 87 38 1 1 6
PNT 88 38 4 1 5
PNT 92 38 36 1 0
PNT 0 39 9 1 0
PNT 9 39 1 1 3
PNT 10 39 18 1 0
PNT 29 39 3 1 7
PNT 32 39 2 1 4
PNT 34 39 1 1 2
PNT 35 39 1 1 6
PNT 36 39 1 1 2
PNT 37 39 1 1 6
PNT 38 39 1 1 7
PNT 39 39 1 1 0
PNT 40 39 5 1 7
PNT 45 39 1 1 0
PNT 46 39 2 1 7
PNT 48 39 1 1 0
PNT 49 39 2 1 7
PNT 51 39 1 1 0
PNT 52 39 2 1 7
PNT 54 39 1 1 0
PNT 55 39 4 1 7
PNT 59 39 1 1 0
PNT 60 39 2 1 6
PNT 62 39 1 1 5
PNT 63 39 2 1 3
PNT 65 39 1 1 2
PNT 67 39 2 1 4
PNT 69 39 1 1 3
PNT 70 39 1 1 2
PNT 71 39 1 1 5
PNT 72 39 4 1 7
PNT 76 39 2 1 0
PNT 78 39 2 1 5
PNT 81 39 2 1 5
PNT 83 39 1 1 2
PNT 84 39 1 1 7
PNT 85 39 1 1 5
PNT 86 39 1 1 6
PNT 87 39 1 1 5
PNT 89 39 3 1 5
PNT 92 39 36 1 0
PNT 6 40 1 1 4
PNT 8 40 1 1 3
PNT 11 40 1 1 6
PNT 25 40 2 1 6
PNT 27 40 2 1 7
PNT 29 40 3 1 4
PNT 32 40 1 1 2
PNT 33 40 1 1 6
PNT 34 40 1 1 7
PNT 35 40 1 1 0
PNT 36 40 3 1 7
PNT 39 40 1 1 0
PNT 40 40 1 1 7
PNT 42 40 1 1 7
PNT 43 40 1 1 6
PNT 44 40 1 1 2
PNT 45 40 1 1 5
PNT 46 40 1 1 7
PNT 48 40 2 1 5
PNT 50 40 1 1 7
PNT 51 40 2 1 5
PNT 54 40 1 1 7
PNT 55 40 1 1 5
PNT 56 40 1 1 7
PNT 57 40 1 1 0
PNT 58 40 2 1 7
PNT 60 40 1 1 4
PNT 61 40 1 1 5
PNT 62 40 1 1 7
PNT 63 40 1 1 2
PNT 65 40 2 1 3
PNT 67 40 2 1 6
PNT 70 40 1 1 6
PNT 73 40 2 1 5
PNT 75 40 1 1 6
PNT 76 40 3 1 7
PNT 79 40 3 1 5
PNT 82 40 1 1 2
PNT 83 40 1 1 7
PNT 84 40 1 1 5
PNT 85 40 1 1 2
PNT 86 40 2 1 5
PNT 89 40 1 1 5
PNT 5 41 1 1 4
PNT 7 41 1 1 4
PNT 9 41 1 1 6
PNT 12 41 1 1 6
PNT 23 41 2 1 6
PNT 25 41 2 1 7
PNT 27 41 1 1 4
PNT 28 41 1 1 2
PNT 29 41 1 1 6
PNT 30 41 1 1 2
PNT 31 41 1 1 0
PNT 32 41 4 1 7
PNT 36 41 1 1 0
PNT 37 41 2 1 7
PNT 39 41 2 1 6
PNT 41 41 4 1 5
PNT 45 41 1 1 2
PNT 46 41 1 1 5
PNT 47 41 1 1 2
PNT 48 41 1 1 5
PNT 49 41 1 1 2
PNT 50 41 1 1 5
PNT 51 41 1 1 2
PNT 52 41 1 1 5
PNT 53 41 1 1 2
PNT 54 41 1 1 5
PNT 55 41 2 1 2
PNT 57 41 1 1 5
PNT 58 41 1 1 7
PNT 59 41 1 1 5
PNT 60 41 1 1 3
PNT 61 41 1 1 5
PNT 63 41 1 1 0
PNT 64 41 2 1 7
PNT 66 41 1 1 6
PNT 67 41 1 1 0
PNT 68 41 1 1 3
PNT 69 41 4 1 6
PNT 74 41 1 1 2
PNT 75 41 1 1 6
PNT 77 41 2 1 5
PNT 79 41 2 1 7
PNT 81 41 1 1 5
PNT 82 41 2 1 7
PNT 84 41 1 1 6
PNT 85 41 1 1 5
PNT 87 41 2 1 5
PNT 89 41 1 1 2
PNT 0 42 4 1 0
PNT 4 42 1 1 5
PNT 5 42 1 1 0
PNT 6 42 4 1 4
PNT 10 42 1 1 6
PNT 11 42 1 1 0
PNT 12 42 1 1 6
PNT 13 42 8 1 0
PNT 21 42 1 1 7
PNT 22 42 1 1 6
PNT 23 42 2 1 7
PNT 25 42 1 1 5
PNT 26 42 1 1 2
PNT 27 42 1 1 0
PNT 28 42 1 1 6
PNT 29 42 1 1 7
PNT 30 42 2 1 6
PNT 32 42 1 1 7
PNT 33 42 1 1 0
PNT 34 42 1 1 7
PNT 36 42 1 1 6
PNT 37 42 3 1 5
PNT 40 42 1 1 0
PNT 42 42 1 1 5
PNT 43 42 1 1 0
PNT 44 42 1 1 5
PNT 46 42 1 1 0
PNT 47 42 2 1 5
PNT 49 42 1 1 0
PNT 50 42 2 1 5
PNT 52 42 2 1 0
PNT 54 42 1 1 5
PNT 55 42 1 1 0
PNT 56 42 1 1 5
PNT 57 42 1 1 2
PNT 58 42 1 1 0
PNT 59 42 1 1 2
PNT 60 42 1 1 5
PNT 61 42 1 1 2
PNT 62 42 1 1 7
PNT 63 42 1 1 5
PNT 64 42 1 1 7
PNT 65 42 1 1 2
PNT 66 42 1 1 0
PNT 67 42 1 1 7
PNT 68 42 1 1 6
PNT 69 42 1 1 2
PNT 70 42 1 1 6
PNT 71 42 1 1 0
PNT 72 42 2 1 6
PNT 77 42 4 1 5
PNT 81 42 1 1 7
PNT 82 42 2 1 6
PNT 84 42 1 1 3
PNT 85 42 1 1 5
PNT 86 42 1 1 2
PNT 88 42 1 1 2
PNT 89 42 39 1 0
PNT 0 43 3 1 0
PNT 3 43 4 1 5
PNT 7 43 2 1 4
PNT 9 43 1 1 0
PNT 10 43 2 1 4
PNT 12 43 1 1 0
PNT 13 43 1 1 6
PNT 14 43 1 1 0
PNT 15 43 1 1 7
PNT 16 43 3 1 6
PNT 19 43 2 1 7
PNT 21 43 1 1 2
PNT 22 43 1 1 7
PNT 23 43 1 1 5
PNT 24 43 1 1 2
PNT 25 43 1 1 5
PNT 26 43 1 1 6
PNT 27 43 1 1 7
PNT 28 43 2 1 6
PNT 30 43 1 1 7
PNT 31 43 1 1 6
PNT 32 43 1 1 2
PNT 33 43 2 1 6
PNT 35 43 2 1 5
PNT 37 43 1 1 0
PNT 38 43 2 1 5
PNT 40 43 1 1 3
PNT 41 43 1 1 5
PNT 43 43 1 1 5
PNT 44 43 1 1 3
PNT 45 43 1 1 6
PNT 47 43 1 1 5
PNT 48 43 1 1 3
PNT 49 43 1 1 6
PNT 51 43 1 1 5
PNT 52 43 1 1 3
PNT 53 43 1 1 6
PNT 55 43 1 1 5
PNT 56 43 1 1 3
PNT 58 43 2 1 5
PNT 60 43 3 1 2
PNT 63 43 1 1 5
PNT 64 43 1 1 2
PNT 65 43 1 1 5
PNT 66 43 1 1 7
PNT 67 43 3 1 4
PNT 70 43 1 1 3
PNT 71 43 1 1 6
PNT 73 43 2 1 6
PNT 75 43 1 1 0
PNT 76 43 1 1 6
PNT 78 43 1 1 2
PNT 79 43 1 1 6
PNT 81 43 2 1 6
PNT 83 43 1 1 2
PNT 84 43 1 1 5
PNT 85 43 1 1 2
PNT 86 43 1 1 5
PNT 87 43 1 1 2
PNT 88 43 2 1 4
PNT 90 43 38 1 0
PNT 2 44 1 1 5
PNT 3 44 3 1 4
PNT 6 44 1 1 5
PNT 7 44 1 1 0
PNT 8 44 5 1 4
PNT 13 44 1 1 7
PNT 14 44 1 1 2
PNT 15 44 4 1 6
PNT 19 44 1 1 2
PNT 20 44 1 1 7
PNT 21 44 1 1 3
PNT 22 44 2 1 5
PNT 24 44 1 1 6
PNT 25 44 2 1 7
PNT 27 44 1 1 6
PNT 29 44 1 1 2
PNT 30 44 2 1 5
PNT 32 44 1 1 6
PNT 34 44 1 1 0
PNT 35 44 1 1 5
PNT 36 44 1 1 3
PNT 37 44 1 1 5
PNT 39 44 1 1 5
PNT 40 44 1 1 6
PNT 41 44 1 1 2
PNT 42 44 1 1 5
PNT 44 44 1 1 3
PNT 45 44 1 1 6
PNT 46 44 1 1 5
PNT 48 44 2 1 6
PNT 52 44 1 1 6
PNT 53 44 1 1 2
PNT 54 44 1 1 5
PNT 57 44 1 1 6
PNT 59 44 1 1 2
PNT 60 44 1 1 3
PNT 62 44 1 1 0
PNT 63 44 1 1 2
PNT 64 44 1 1 3
PNT 65 44 1 1 4
PNT 66 44 2 1 2
PNT 68 44 1 1 7
PNT 69 44 1 1 2
PNT 70 44 1 1 7
PNT 71 44 1 1 2
PNT 72 44 1 1 4
PNT 73 44 5 1 6
PNT 78 44 1 1 7
PNT 80 44 1 1 2
PNT 81 44 1 1 6
PNT 82 44 1 1 3
PNT 83 44 1 1 5
PNT 84 44 1 1 2
PNT 85 44 1 1 4
PNT 86 44 1 1 2
PNT 87 44 1 1 3
PNT 88 44 2 1 4
PNT 91 44 2 1 5
PNT 2 45 2 1 4
PNT 4 45 1 1 5
PNT 5 45 1 1 0
PNT 6 45 2 1 4
PNT 8 45 2 1 5
PNT 10 45 1 1 4
PNT 11 45 1 1 7
PNT 12 45 1 1 2
PNT 14 45 3 1 6
PNT 17 45 1 1 2
PNT 18 45 1 1 3
PNT 19 45 1 1 7
PNT 20 45 2 1 5
PNT 22 45 1 1 2
PNT 23 45 1 1 7
PNT 24 45 2 1 6
PNT 27 45 1 1 7
PNT 28 45 3 1 5
PNT 32 45 1 1 3
PNT 33 45 1 1 2
PNT 35 45 1 1 2
PNT 36 45 2 1 6
PNT 38 45 1 1 2
PNT 40 45 2 1 6
PNT 42 45 2 1 5
PNT 45 45 1 1 2
PNT 46 45 2 1 5
PNT 49 45 3 1 5
PNT 53 45 3 1 5
PNT 57 45 1 1 5
PNT 58 45 1 1 2
PNT 60 45 2 1 6
PNT 62 45 1 1 4
PNT 63 45 1 1 2
PNT 64 45 6 1 6
PNT 70 45 1 1 2
PNT 71 45 1 1 7
PNT 72 45 1 1 3
PNT 73 45 1 1 6
PNT 74 45 1 1 7
PNT 75 45 1 1 6
PNT 77 45 1 1 2
PNT 78 45 1 1 0
PNT 79 45 1 1 2
PNT 80 45 1 1 6
PNT 81 45 1 1 2
PNT 82 45 1 1 5
PNT 83 45 1 1 2
PNT 84 45 1 1 3
PNT 85 45 1 1 2
PNT 86 45 2 1 4
PNT 88 45 1 1 2
PNT 89 45 2 1 5
PNT 0 46 1 1 0
PNT 1 46 1 1 5
PNT 2 46 1 1 6
PNT 3 46 1 1 0
PNT 4 46 2 1 4
PNT 6 46 2 1 5
PNT 8 46 1 1 4
PNT 9 46 1 1 7
PNT 10 46 1 1 2
PNT 12 46 1 1 7
PNT 13 46 1 1 6
PNT 14 46 1 1 4
PNT 15 46 1 1 6
PNT 16 46 1 1 3
PNT 17 46 1 1 6
PNT 18 46 1 1 7
PNT 19 46 1 1 5
PNT 20 46 1 1 6
PNT 21 46 1 1 7
PNT 22 46 1 1 6
PNT 23 46 1 1 3
PNT 25 46 1 1 7
PNT 26 46 3 1 5
PNT 30 46 2 1 5
PNT 32 46 1 1 2
PNT 33 46 1 1 6
PNT 34 46 1 1 5
PNT 36 46 1 1 6
PNT 37 46 1 1 2
PNT 38 46 2 1 5
PNT 41 46 1 1 5
PNT 43 46 2 1 5
PNT 46 46 1 1 3
PNT 47 46 2 1 5
PNT 51 46 2 1 5
PNT 55 46 2 1 5
PNT 59 46 1 1 5
PNT 61 46 1 1 4
PNT 62 46 1 1 3
PNT 63 46 2 1 6
PNT 65 46 1 1 7
PNT 66 46 1 1 6
PNT 67 46 1 1 7
PNT 68 46 5 1 6
PNT 73 46 1 1 2
PNT 75 46 2 1 4
PNT 77 46 1 1 6
PNT 78 46 1 1 2
PNT 79 46 1 1 6
PNT 80 46 2 1 3
PNT 82 46 1 1 2
PNT 83 46 1 1 5
PNT 84 46 1 1 3
PNT 85 46 1 1 2
PNT 86 46 2 1 4
PNT 88 46 1 1 5
PNT 89 46 1 1 4
PNT 90 46 1 1 0
PNT 91 46 2 1 4
PNT 93 46 35 1 0
PNT 0 47 2 1 0
PNT 2 47 2 1 4
PNT 4 47 2 1 5
PNT 6 47 1 1 4
PNT 7 47 1 1 6
PNT 8 47 1 1 2
PNT 10 47 1 1 7
PNT 11 47 1 1 6
PNT 12 47 2 1 4
PNT 14 47 1 1 6
PNT 15 47 1 1 2
PNT 16 47 1 1 6
PNT 17 47 1 1 5
PNT 18 47 1 1 4
PNT 19 47 1 1 7
PNT 20 47 2 1 6
PNT 24 47 1 1 2
PNT 25 47 2 1 5
PNT 28 47 4 1 5
PNT 32 47 1 1 2
PNT 33 47 1 1 6
PNT 34 47 2 1 5
PNT 37 47 1 1 5
PNT 39 47 2 1 5
PNT 42 47 2 1 5
PNT 44 47 1 1 6
PNT 45 47 1 1 2
PNT 46 47 1 1 6
PNT 47 47 1 1 2
PNT 48 47 1 1 6
PNT 49 47 1 1 2
PNT 50 47 3 1 6
PNT 53 47 1 1 2
PNT 54 47 3 1 6
PNT 57 47 1 1 2
PNT 58 47 2 1 6
PNT 60 47 1 1 4
PNT 61 47 1 1 2
PNT 62 47 1 1 6
PNT 63 47 1 1 7
PNT 64 47 3 1 2
PNT 67 47 5 1 6
PNT 73 47 1 1 6
PNT 74 47 1 1 3
PNT 75 47 1 1 2
PNT 76 47 1 1 6
PNT 77 47 1 1 4
PNT 78 47 1 1 0
PNT 79 47 1 1 2
PNT 80 47 2 1 6
PNT 82 47 1 1 2
PNT 83 47 1 1 5
PNT 84 47 1 1 2
PNT 86 47 5 1 4
PNT 91 47 37 1 0
PNT 0 48 1 1 7
PNT 1 48 1 1 5
PNT 2 48 1 1 4
PNT 3 48 3 1 5
PNT 8 48 1 1 7
PNT 9 48 1 1 5
PNT 10 48 2 1 4
PNT 12 48 1 1 6
PNT 13 48 1 1 4
PNT 14 48 1 1 3
PNT 15 48 2 1 5
PNT 17 48 1 1 2
PNT 18 48 1 1 7
PNT 19 48 1 1 4
PNT 23 48 2 1 5
PNT 25 48 1 1 3
PNT 26 48 4 1 5
PNT 30 48 2 1 2
PNT 33 48 1 1 5
PNT 35 48 2 1 2
PNT 38 48 2 1 5
PNT 40 48 1 1 2
PNT 41 48 3 1 6
PNT 44 48 1 1 2
PNT 45 48 3 1 6
PNT 48 48 1 1 3
PNT 49 48 3 1 6
PNT 52 48 1 1 2
PNT 53 48 3 1 6
PNT 56 48 1 1 2
PNT 57 48 2 1 6
PNT 59 48 1 1 2
PNT 60 48 1 1 3
PNT 61 48 1 1 7
PNT 62 48 2 1 2
PNT 64 48 3 1 6
PNT 67 48 3 1 5
PNT 71 48 1 1 2
PNT 72 48 3 1 6
PNT 75 48 2 1 2
PNT 78 48 1 1 3
PNT 79 48 1 1 4
PNT 80 48 1 1 3
PNT 81 48 1 1 6
PNT 84 48 2 1 5
PNT 87 48 3 1 4
PNT 0 49 3 1 4
PNT 3 49 2 1 5
PNT 5 49 1 1 6
PNT 6 49 1 1 2
PNT 7 49 1 1 5
PNT 8 49 2 1 4
PNT 10 49 1 1 5
PNT 11 49 1 1 4
PNT 12 49 2 1 3
PNT 14 49 1 1 6
PNT 15 49 2 1 2
PNT 17 49 1 1 5
PNT 18 49 1 1 7
PNT 20 49 1 1 7
PNT 21 49 2 1 5
PNT 25 49 1 1 5
PNT 26 49 1 1 2
PNT 27 49 3 1 5
PNT 30 49 1 1 2
PNT 31 49 2 1 5
PNT 34 49 2 1 2
PNT 36 49 2 1 6
PNT 38 49 1 1 5
PNT 39 49 2 1 2
PNT 41 49 1 1 6
PNT 42 49 1 1 5
PNT 43 49 2 1 2
PNT 45 49 1 1 6
PNT 46 49 1 1 5
PNT 47 49 3 1 2
PNT 50 49 1 1 5
PNT 51 49 2 1 2
PNT 53 49 1 1 6
PNT 54 49 1 1 5
PNT 55 49 2 1 2
PNT 57 49 1 1 6
PNT 59 49 1 1 2
PNT 60 49 1 1 6
PNT 61 49 1 1 2
PNT 62 49 2 1 6
PNT 64 49 4 1 5
PNT 69 49 3 1 5
PNT 73 49 1 1 2
PNT 74 49 2 1 6
PNT 76 49 1 1 3
PNT 77 49 1 1 2
PNT 78 49 2 1 5
PNT 82 49 1 1 5
PNT 83 49 2 1 7
PNT 85 49 1 1 5
PNT 86 49 1 1 4
PNT 88 49 2 1 4
PNT 0 50 1 1 4
PNT 1 50 4 1 5
PNT 6 50 2 1 4
PNT 8 50 1 1 5
PNT 9 50 1 1 4
PNT 10 50 3 1 3
PNT 13 50 2 1 2
PNT 16 50 1 1 0
PNT 18 50 1 1 3
PNT 19 50 2 1 7
PNT 21 50 1 1 4
PNT 22 50 1 1 7
PNT 23 50 3 1 5
PNT 27 50 1 1 3
PNT 28 50 1 1 5
PNT 29 50 2 1 2
PNT 31 50 3 1 4
PNT 34 50 1 1 2
PNT 35 50 1 1 5
PNT 36 50 2 1 4
PNT 38 50 2 1 2
PNT 40 50 2 1 0
PNT 42 50 2 1 2
PNT 44 50 2 1 0
PNT 46 50 2 1 2
PNT 48 50 2 1 0
PNT 50 50 1 1 3
PNT 51 50 1 1 2
PNT 52 50 2 1 0
PNT 54 50 2 1 2
PNT 56 50 2 1 0
PNT 58 50 1 1 3
PNT 60 50 1 1 0
PNT 62 50 1 1 3
PNT 63 50 1 1 5
PNT 65 50 1 1 4
PNT 68 50 2 1 4
PNT 70 50 5 1 5
PNT 75 50 1 1 4
PNT 77 50 3 1 5
PNT 80 50 3 1 7
PNT 83 50 1 1 5
PNT 85 50 1 1 5
PNT 86 50 2 1 0
PNT 89 50 39 1 0
PNT 0 51 1 1 4
PNT 1 51 3 1 5
PNT 4 51 1 1 2
PNT 5 51 1 1 4
PNT 6 51 1 1 5
PNT 7 51 1 1 4
PNT 8 51 3 1 3
PNT 11 51 1 1 2
PNT 12 51 1 1 3
PNT 13 51 1 1 4
PNT 14 51 1 1 0
PNT 16 51 2 1 5
PNT 18 51 1 1 6
PNT 20 51 1 1 5
PNT 21 51 2 1 7
PNT 23 51 1 1 5
PNT 24 51 1 1 7
PNT 25 51 3 1 5
PNT 29 51 1 1 5
PNT 30 51 1 1 2
PNT 32 51 1 1 4
PNT 33 51 2 1 2
PNT 35 51 3 1 4
PNT 38 51 1 1 2
PNT 39 51 3 1 4
PNT 42 51 1 1 2
PNT 43 51 3 1 4
PNT 46 51 1 1 2
PNT 47 51 3 1 4
PNT 50 51 2 1 2
PNT 52 51 2 1 4
PNT 54 51 1 1 2
PNT 55 51 2 1 4
PNT 57 51 1 1 2
PNT 58 51 2 1 4
PNT 61 51 1 1 4
PNT 63 51 1 1 3
PNT 65 51 2 1 4
PNT 67 51 1 1 2
PNT 70 51 1 1 2
PNT 71 51 1 1 4
PNT 73 51 2 1 4
PNT 75 51 1 1 5
PNT 76 51 1 1 7
PNT 77 51 1 1 5
PNT 78 51 3 1 7
PNT 81 51 1 1 3
PNT 82 51 1 1 4
PNT 83 51 2 1 0
PNT 86 51 3 1 0
PNT 90 51 38 1 0
PNT 0 52 2 1 5
PNT 2 52 1 1 3
PNT 4 52 2 1 4
PNT 6 52 3 1 3
PNT 9 52 1 1 5
PNT 10 52 2 1 3
PNT 12 52 1 1 0
PNT 14 52 1 1 4
PNT 15 52 1 1 5
PNT 16 52 1 1 6
PNT 18 52 2 1 5
PNT 20 52 2 1 3
PNT 22 52 1 1 5
PNT 23 52 2 1 7
PNT 25 52 4 1 5
PNT 29 52 1 1 3
PNT 31 52 1 1 4
PNT 32 52 1 1 2
PNT 34 52 1 1 5
PNT 36 52 3 1 2
PNT 39 52 2 1 4
PNT 41 52 2 1 2
PNT 43 52 2 1 4
PNT 45 52 2 1 2
PNT 47 52 2 1 4
PNT 49 52 2 1 2
PNT 51 52 1 1 4
PNT 52 52 1 1 3
PNT 53 52 1 1 2
PNT 54 52 2 1 4
PNT 56 52 1 1 3
PNT 58 52 2 1 4
PNT 60 52 1 1 2
PNT 64 52 2 1 3
PNT 66 52 1 1 5
PNT 67 52 5 1 4
PNT 72 52 1 1 7
PNT 74 52 4 1 7
PNT 78 52 1 1 6
PNT 79 52 1 1 3
PNT 80 52 2 1 5
PNT 1 53 1 1 3
PNT 2 53 1 1 2
PNT 3 53 1 1 4
PNT 4 53 3 1 3
PNT 7 53 1 1 4
PNT 8 53 2 1 3
PNT 10 53 1 1 0
PNT 11 53 1 1 3
PNT 13 53 1 1 4
PNT 14 53 1 1 5
PNT 15 53 1 1 4
PNT 16 53 2 1 6
PNT 18 53 2 1 5
PNT 22 53 2 1 3
PNT 24 53 1 1 6
PNT 25 53 2 1 7
PNT 27 53 1 1 5
PNT 28 53 1 1 7
PNT 29 53 1 1 5
PNT 30 53 1 1 2
PNT 31 53 1 1 5
PNT 33 53 2 1 3
PNT 35 53 1 1 5
PNT 36 53 1 1 2
PNT 37 53 2 1 5
PNT 40 53 1 1 2
PNT 41 53 1 1 4
PNT 42 53 1 1 2
PNT 44 53 1 1 2
PNT 46 53 1 1 4
PNT 48 53 1 1 2
PNT 49 53 2 1 4
PNT 52 53 2 1 2
PNT 54 53 1 1 3
PNT 55 53 1 1 2
PNT 56 53 4 1 4
PNT 61 53 1 1 5
PNT 63 53 1 1 5
PNT 65 53 1 1 5
PNT 66 53 2 1 3
PNT 68 53 1 1 7
PNT 69 53 1 1 6
PNT 70 53 4 1 7
PNT 74 53 2 1 6
PNT 76 53 3 1 3
PNT 80 53 2 1 5
PNT 0 54 1 1 5
PNT 2 54 1 1 4
PNT 3 54 2 1 3
PNT 5 54 1 1 4
PNT 6 54 2 1 3
PNT 8 54 1 1 0
PNT 9 54 2 1 3
PNT 12 54 1 1 4
PNT 13 54 3 1 5
PNT 16 54 2 1 6
PNT 18 54 5 1 0
PNT 23 54 1 1 7
PNT 24 54 1 1 6
PNT 25 54 2 1 3
PNT 27 54 3 1 7
PNT 30 54 2 1 3
PNT 32 54 1 1 7
PNT 33 54 1 1 5
PNT 35 54 8 1 5
PNT 43 54 1 1 0
PNT 44 54 3 1 5
PNT 47 54 1 1 0
PNT 48 54 3 1 5
PNT 51 54 1 1 0
PNT 52 54 3 1 5
PNT 55 54 1 1 4
PNT 57 54 1 1 5
PNT 59 54 5 1 5
PNT 64 54 1 1 7
PNT 66 54 2 1 7
PNT 68 54 1 1 2
PNT 69 54 1 1 7
PNT 70 54 6 1 3
PNT 76 54 2 1 5
PNT 78 54 1 1 0
PNT 79 54 2 1 4
PNT 81 54 47 1 0
PNT 0 55 1 1 3
PNT 1 55 1 1 2
PNT 2 55 1 1 3
PNT 3 55 1 1 4
PNT 4 55 2 1 3
PNT 6 55 1 1 0
PNT 7 55 1 1 3
PNT 8 55 2 1 0
PNT 11 55 1 1 0
PNT 12 55 1 1 5
PNT 13 55 1 1 0
PNT 14 55 2 1 5
PNT 16 55 1 1 0
PNT 17 55 1 1 4
PNT 18 55 5 1 0
PNT 23 55 1 1 7
PNT 24 55 1 1 2
PNT 25 55 1 1 4
PNT 26 55 2 1 5
PNT 28 55 1 1 4
PNT 29 55 1 1 5
PNT 30 55 3 1 7
PNT 33 55 1 1 3
PNT 34 55 1 1 2
PNT 35 55 1 1 6
PNT 36 55 1 1 7
PNT 37 55 1 1 5
PNT 39 55 7 1 5
PNT 47 55 1 1 5
PNT 49 55 1 1 5
PNT 51 55 1 1 5
PNT 53 55 1 1 5
PNT 55 55 1 1 4
PNT 56 55 4 1 5
PNT 60 55 1 1 7
PNT 61 55 1 1 5
PNT 62 55 4 1 7
PNT 66 55 3 1 6
PNT 70 55 1 1 4
PNT 71 55 4 1 5
PNT 75 55 2 1 4
PNT 78 55 50 1 0
PNT 1 56 3 1 3
PNT 4 56 1 1 0
PNT 6 56 1 1 4
PNT 7 56 5 1 3
PNT 12 56 4 1 5
PNT 22 56 1 1 5
PNT 24 56 1 1 6
PNT 26 56 2 1 4
PNT 28 56 1 1 5
PNT 29 56 2 1 4
PNT 32 56 2 1 4
PNT 34 56 1 1 5
PNT 35 56 1 1 3
PNT 36 56 1 1 2
PNT 37 56 1 1 3
PNT 38 56 1 1 4
PNT 39 56 1 1 5
PNT 40 56 1 1 7
PNT 41 56 1 1 5
PNT 43 56 1 1 5
PNT 44 56 1 1 7
PNT 45 56 3 1 5
PNT 48 56 1 1 7
PNT 49 56 3 1 5
PNT 52 56 1 1 7
PNT 53 56 1 1 5
PNT 54 56 2 1 4
PNT 56 56 1 1 7
PNT 57 56 1 1 5
PNT 58 56 1 1 2
PNT 59 56 3 1 7
PNT 62 56 2 1 6
PNT 64 56 1 1 5
PNT 65 56 2 1 4
PNT 67 56 1 1 5
PNT 68 56 1 1 2
PNT 69 56 2 1 5
PNT 71 56 3 1 4
PNT 0 57 1 1 4
PNT 1 57 1 1 3
PNT 2 57 1 1 0
PNT 3 57 1 1 4
PNT 4 57 1 1 3
PNT 5 57 1 1 4
PNT 6 57 1 1 3
PNT 8 57 4 1 3
PNT 12 57 2 1 5
PNT 22 57 1 1 5
PNT 24 57 1 1 2
PNT 25 57 1 1 6
PNT 26 57 2 1 5
PNT 28 57 4 1 4
PNT 32 57 1 1 5
PNT 33 57 1 1 4
PNT 34 57 1 1 2
PNT 35 57 1 1 5
PNT 36 57 2 1 4
PNT 38 57 1 1 2
PNT 39 57 1 1 3
PNT 40 57 1 1 2
PNT 41 57 17 1 7
PNT 58 57 1 1 5
PNT 60 57 1 1 5
PNT 61 57 2 1 4
PNT 64 57 2 1 5
PNT 66 57 1 1 6
PNT 67 57 1 1 4
PNT 68 57 1 1 6
PNT 70 57 3 1 5
PNT 73 57 1 1 4
PNT 74 57 1 1 5
PNT 0 58 1 1 0
PNT 1 58 1 1 2
PNT 2 58 2 1 3
PNT 4 58 1 1 4
PNT 5 58 4 1 3
PNT 9 58 1 1 0
PNT 10 58 2 1 3
PNT 12 58 2 1 5
PNT 14 58 8 1 0
PNT 22 58 1 1 5
PNT 23 58 1 1 0
PNT 24 58 1 1 6
PNT 26 58 3 1 5
PNT 29 58 1 1 4
PNT 30 58 1 1 0
PNT 31 58 2 1 4
PNT 33 58 2 1 5
PNT 36 58 1 1 5
PNT 37 58 2 1 4
PNT 39 58 1 1 0
PNT 40 58 1 1 4
PNT 41 58 1 1 0
PNT 42 58 2 1 6
PNT 44 58 1 1 4
PNT 45 58 1 1 0
PNT 46 58 2 1 6
PNT 48 58 1 1 4
PNT 49 58 1 1 0
PNT 50 58 2 1 6
PNT 52 58 1 1 4
PNT 53 58 1 1 0
PNT 54 58 2 1 6
PNT 56 58 2 1 4
PNT 58 58 1 1 2
PNT 59 58 3 1 5
PNT 62 58 3 1 4
PNT 65 58 1 1 6
PNT 66 58 1 1 5
PNT 67 58 1 1 0
PNT 68 58 1 1 2
PNT 69 58 1 1 6
PNT 70 58 4 1 5
PNT 74 58 1 1 4
PNT 75 58 1 1 5
PNT 76 58 52 1 0
PNT 0 59 2 1 0
PNT 2 59 1 1 4
PNT 3 59 2 1 3
PNT 5 59 1 1 4
PNT 6 59 5 1 3
PNT 11 59 1 1 4
PNT 12 59 10 1 0
PNT 22 59 1 1 5
PNT 23 59 1 1 0
PNT 24 59 1 1 2
PNT 25 59 1 1 6
PNT 26 59 4 1 5
PNT 30 59 1 1 4
PNT 31 59 1 1 0
PNT 32 59 1 1 4
PNT 33 59 1 1 5
PNT 34 59 1 1 2
PNT 35 59 1 1 5
PNT 36 59 4 1 4
PNT 40 59 1 1 5
PNT 41 59 2 1 4
PNT 43 59 1 1 0
PNT 44 59 1 1 5
PNT 45 59 2 1 4
PNT 47 59 1 1 0
PNT 48 59 1 1 5
PNT 49 59 2 1 4
PNT 51 59 1 1 0
PNT 52 59 1 1 5
PNT 53 59 3 1 4
PNT 56 59 2 1 5
PNT 58 59 1 1 4
PNT 60 59 2 1 4
PNT 62 59 1 1 0
PNT 63 59 1 1 4
PNT 64 59 1 1 0
PNT 65 59 1 1 6
PNT 66 59 1 1 5
PNT 67 59 1 1 0
PNT 68 59 1 1 6
PNT 70 59 4 1 5
PNT 74 59 1 1 4
PNT 75 59 1 1 5
PNT 76 59 52 1 0
PNT 3 60 1 1 4
PNT 4 60 7 1 3
PNT 11 60 1 1 4
PNT 22 60 1 1 5
PNT 24 60 1 1 6
PNT 26 60 4 1 5
PNT 30 60 1 1 4
PNT 32 60 1 1 4
PNT 33 60 2 1 5
PNT 36 60 5 1 4
PNT 42 60 3 1 4
PNT 46 60 3 1 4
PNT 50 60 3 1 4
PNT 54 60 3 1 4
PNT 57 60 2 1 5
PNT 59 60 1 1 2
PNT 60 60 1 1 5
PNT 62 60 2 1 4
PNT 65 60 1 1 6
PNT 66 60 1 1 5
PNT 68 60 1 1 2
PNT 69 60 1 1 6
PNT 70 60 4 1 5
PNT 74 60 1 1 4
PNT 75 60 1 1 5
PNT 4 61 1 1 4
PNT 5 61 1 1 3
PNT 7 61 4 1 3
PNT 22 61 1 1 5
PNT 24 61 1 1 2
PNT 25 61 1 1 6
PNT 26 61 4 1 5
PNT 30 61 1 1 4
PNT 32 61 1 1 4
PNT 33 61 1 1 5
PNT 34 61 1 1 2
PNT 35 61 1 1 5
PNT 36 61 4 1 4
PNT 54 61 3 1 4
PNT 57 61 1 1 2
PNT 58 61 2 1 5
PNT 62 61 2 1 4
PNT 65 61 1 1 6
PNT 66 61 1 1 5
PNT 68 61 2 1 6
PNT 70 61 4 1 5
PNT 74 61 1 1 4
PNT 75 61 1 1 5
PNT 0 62 4 1 0
PNT 4 62 4 1 3
PNT 8 62 1 1 0
PNT 9 62 2 1 3
PNT 11 62 11 1 0
PNT 22 62 1 1 5
PNT 23 62 1 1 0
PNT 24 62 1 1 6
PNT 26 62 4 1 5
PNT 30 62 1 1 4
PNT 31 62 1 1 0
PNT 32 62 1 1 4
PNT 33 62 2 1 5
PNT 36 62 4 1 4
PNT 40 62 14 1 0
PNT 54 62 3 1 4
PNT 57 62 2 1 5
PNT 59 62 1 1 2
PNT 60 62 1 1 5
PNT 61 62 1 1 0
PNT 62 62 2 1 4
PNT 64 62 1 1 0
PNT 65 62 1 1 6
PNT 66 62 1 1 5
PNT 67 62 1 1 0
PNT 68 62 1 1 2
PNT 69 62 1 1 6
PNT 70 62 4 1 5
PNT 74 62 1 1 4
PNT 75 62 1 1 5
PNT 76 62 52 1 0
PNT 0 63 6 1 0
PNT 6 63 3 1 3
PNT 9 63 1 1 0
PNT 10 63 1 1 3
PNT 11 63 11 1 0
PNT 22 63 1 1 5
PNT 23 63 1 1 0
PNT 24 63 1 1 2
PNT 25 63 1 1 6
PNT 26 63 4 1 5
PNT 30 63 1 1 4
PNT 31 63 1 1 0
PNT 32 63 1 1 4
PNT 33 63 1 1 5
PNT 34 63 1 1 2
PNT 35 63 1 1 5
PNT 36 63 4 1 4
PNT 40 63 15 1 0
PNT 55 63 2 1 4
PNT 57 63 3 1 5
PNT 61 63 1 1 0
PNT 62 63 2 1 4
PNT 64 63 1 1 0
PNT 65 63 1 1 6
PNT 66 63 1 1 5
PNT 67 63 1 1 0
PNT 68 63 2 1 6
PNT 70 63 4 1 5
PNT 74 63 1 1 4
PNT 75 63 1 1 5
PNT 76 63 52 1 0
PNT 5 64 1 1 3
PNT 7 64 3 1 3
PNT 22 64 1 1 5
PNT 24 64 1 1 6
PNT 26 64 4 1 5
PNT 30 64 1 1 4
PNT 32 64 1 1 4
PNT 33 64 2 1 5
PNT 36 64 4 1 4
PNT 55 64 3 1 4
PNT 58 64 2 1 5
PNT 60 64 1 1 2
PNT 61 64 1 1 5
PNT 62 64 2 1 4
PNT 65 64 1 1 6
PNT 66 64 1 1 5
PNT 68 64 1 1 2
PNT 69 64 1 1 6
PNT 70 64 4 1 5
PNT 74 64 1 1 4
PNT 75 64 1 1 5
PNT 8 65 2 1 3
PNT 22 65 1 1 5
PNT 24 65 1 1 2
PNT 25 65 1 1 6
PNT 26 65 4 1 5
PNT 30 65 1 1 4
PNT 32 65 1 1 4
PNT 33 65 1 1 5
PNT 34 65 1 1 2
PNT 35 65 1 1 5
PNT 36 65 4 1 4
PNT 55 65 3 1 4
PNT 58 65 1 1 3
PNT 59 65 2 1 5
PNT 62 65 2 1 4
PNT 65 65 1 1 6
PNT 66 65 1 1 5
PNT 67 65 2 1 6
PNT 69 65 4 1 5
PNT 73 65 1 1 4
PNT 75 65 1 1 5
PNT 0 66 6 1 0
PNT 6 66 1 1 2
PNT 7 66 2 1 0
PNT 9 66 1 1 3
PNT 10 66 12 1 0
PNT 22 66 1 1 5
PNT 23 66 1 1 0
PNT 24 66 1 1 6
PNT 26 66 4 1 5
PNT 30 66 1 1 4
PNT 31 66 1 1 0
PNT 32 66 1 1 4
PNT 33 66 2 1 5
PNT 36 66 4 1 4
PNT 40 66 15 1 0
PNT 55 66 3 1 4
PNT 58 66 2 1 5
PNT 60 66 1 1 2
PNT 61 66 1 1 5
PNT 62 66 3 1 4
PNT 65 66 1 1 6
PNT 66 66 1 1 5
PNT 67 66 1 1 2
PNT 68 66 1 1 6
PNT 69 66 4 1 5
PNT 73 66 1 1 4
PNT 74 66 1 1 5
PNT 75 66 53 1 0
PNT 0 67 22 1 0
PNT 22 67 1 1 5
PNT 23 67 1 1 0
PNT 24 67 1 1 2
PNT 25 67 1 1 6
PNT 26 67 4 1 5
PNT 30 67 1 1 4
PNT 31 67 1 1 0
PNT 32 67 1 1 4
PNT 33 67 1 1 5
PNT 34 67 1 1 2
PNT 35 67 1 1 5
PNT 36 67 4 1 4
PNT 40 67 16 1 0
PNT 56 67 2 1 4
PNT 58 67 1 1 5
PNT 59 67 1 1 4
PNT 60 67 1 1 5
PNT 62 67 2 1 4
PNT 64 67 1 1 0
PNT 65 67 1 1 6
PNT 66 67 1 1 5
PNT 67 67 2 1 6
PNT 69 67 4 1 5
PNT 73 67 1 1 4
PNT 74 67 1 1 5
PNT 75 67 53 1 0
PNT 22 68 1 1 5
PNT 23 68 1 1 6
PNT 24 68 1 1 7
PNT 25 68 1 1 6
PNT 26 68 5 1 5
PNT 32 68 1 1 4
PNT 33 68 1 1 5
PNT 34 68 1 1 6
PNT 35 68 1 1 5
PNT 36 68 4 1 4
PNT 56 68 3 1 4
PNT 59 68 2 1 5
PNT 61 68 1 1 2
PNT 62 68 1 1 4
PNT 65 68 1 1 6
PNT 66 68 1 1 5
PNT 67 68 1 1 2
PNT 68 68 1 1 6
PNT 69 68 4 1 5
PNT 73 68 1 1 4
PNT 74 68 1 1 5
PNT 22 69 1 1 5
PNT 23 69 2 1 7
PNT 25 69 1 1 6
PNT 26 69 2 1 5
PNT 28 69 1 1 6
PNT 29 69 2 1 5
PNT 31 69 2 1 4
PNT 33 69 2 1 6
PNT 35 69 1 1 5
PNT 36 69 1 1 4
PNT 37 69 1 1 6
PNT 38 69 1 1 5
PNT 39 69 1 1 4
PNT 56 69 8 1 6
PNT 65 69 2 1 5
PNT 67 69 1 1 7
PNT 68 69 1 1 6
PNT 69 69 1 1 5
PNT 70 69 1 1 6
PNT 71 69 1 1 5
PNT 72 69 1 1 4
PNT 73 69 1 1 5
PNT 0 70 21 1 2
PNT 21 70 1 1 6
PNT 22 70 6 1 7
PNT 28 70 2 1 5
PNT 30 70 1 1 2
PNT 31 70 1 1 4
PNT 32 70 6 1 6
PNT 38 70 2 1 5
PNT 40 70 17 1 2
PNT 57 70 1 1 5
PNT 58 70 6 1 6
PNT 64 70 1 1 2
PNT 65 70 6 1 7
PNT 71 70 1 1 6
PNT 72 70 1 1 4
PNT 73 70 1 1 5
PNT 74 70 54 1 2
PNT 0 71 16 1 2
PNT 19 71 3 1 2
PNT 22 71 6 1 7
PNT 28 71 4 1 2
PNT 32 71 6 1 6
PNT 38 71 11 1 2
PNT 51 71 8 1 2
PNT 59 71 1 1 4
PNT 60 71 5 1 2
PNT 65 71 8 1 7
PNT 73 71 1 1 6
PNT 74 71 7 1 2
PNT 83 71 13 1 2
PNT 99 71 13 1 2
PNT 115 71 9 1 2
PNT 127 71 1 1 2
PNT 0 72 18 1 3
PNT 18 72 71 1 2
PNT 89 72 39 1 3
PNT 0 73 20 1 2
PNT 87 73 41 1 2
PNT 16 76 2 1 2
PNT 22 76 2 1 2
PNT 27 76 5 1 2
PNT 50 76 14 1 2
PNT 82 76 6 1 2
PNT 90 76 6 1 2
PNT 112 76 8 1 2
PNT 123 76 5 1 2
PNT 0 80 24 1 2
PNT 26 80 38 1 2
PNT 66 80 38 1 2
PNT 106 80 22 1 2
PNT 0 82 8 1 2
PNT 18 82 54 1 2
PNT 80 82 14 1 2
PNT 98 82 30 1 2
PNT 0 83 24 1 2
PNT 32 83 2 1 2
PNT 38 83 18 1 2
PNT 64 83 10 1 2
PNT 78 83 10 1 2
PNT 96 83 18 1 2
PNT 118 83 2 1 2
PNT 0 86 24 1 2
PNT 30 86 50 1 2
PNT 86 86 42 1 2
PNT 0 87 52 1 2
PNT 58 87 50 1 2
PNT 114 87 14 1 2
PNT 0 88 128 1 2
PNT 0 89 128 1 2
PNT 0 90 128 1 2
PNT 0 91 128 1 2
PNT 0 92 128 1 2
PNT 0 93 128 1 2
PNT 0 94 128 1 2
PNT 0 95 128 1 2
REC 1
C FRAME 10
CLR 1
PNT 0 6 128 1 0
PNT 0 7 128 1 0
PNT 110 8 1 1 5
PNT 109 9 1 1 5
PNT 116 9 1 1 5
PNT 0 10 20 1 0
PNT 22 10 62 1 0
PNT 86 10 19 1 0
PNT 105 10 1 1 5
PNT 106 10 1 1 0
PNT 107 10 1 1 7
PNT 108 10 2 1 5
PNT 110 10 5 1 0
PNT 115 10 1 1 5
PNT 116 10 12 1 0
PNT 0 11 105 1 0
PNT 105 11 1 1 5
PNT 106 11 2 1 0
PNT 108 11 1 1 5
PNT 109 11 3 1 0
PNT 112 11 1 1 5
PNT 113 11 1 1 0
PNT 114 11 1 1 7
PNT 115 11 2 1 5
PNT 117 11 11 1 0
PNT 106 12 2 1 5
PNT 108 12 1 1 6
PNT 109 12 1 1 5
PNT 112 12 1 1 5
PNT 114 12 2 1 5
PNT 106 13 2 1 5
PNT 108 13 1 1 6
PNT 109 13 1 1 5
PNT 113 13 1 1 5
PNT 114 13 1 1 6
PNT 115 13 1 1 5
PNT 0 14 105 1 0
PNT 105 14 2 1 5
PNT 107 14 1 1 7
PNT 108 14 1 1 5
PNT 109 14 4 1 0
PNT 113 14 3 1 5
PNT 116 14 12 1 0
PNT 0 15 105 1 0
PNT 105 15 4 1 5
PNT 109 15 4 1 0
PNT 113 15 1 1 7
PNT 114 15 1 1 5
PNT 115 15 13 1 0
PNT 106 16 2 1 5
PNT 113 16 3 1 5
PNT 86 17 1 1 4
PNT 106 17 2 1 5
PNT 108 17 3 1 6
PNT 112 17 1 1 5
PNT 114 17 1 1 5
PNT 0 18 6 1 0
PNT 10 18 52 1 0
PNT 64 18 2 1 0
PNT 66 18 1 1 3
PNT 67 18 18 1 0
PNT 85 18 1 1 4
PNT 86 18 1 1 0
PNT 87 18 1 1 4
PNT 88 18 6 1 0
PNT 96 18 7 1 0
PNT 103 18 11 1 7
PNT 114 18 1 1 6
PNT 115 18 13 1 0
PNT 0 19 10 1 0
PNT 13 19 17 1 0
PNT 32 19 35 1 0
PNT 67 19 2 1 3
PNT 69 19 15 1 0
PNT 84 19 1 1 5
PNT 85 19 1 1 0
PNT 86 19 1 1 4
PNT 87 19 1 1 0
PNT 88 19 1 1 4
PNT 89 19 12 1 0
PNT 101 19 2 1 7
PNT 103 19 1 1 6
PNT 104 19 1 1 7
PNT 105 19 5 1 5
PNT 110 19 1 1 7
PNT 111 19 1 1 5
PNT 113 19 1 1 5
PNT 114 19 2 1 7
PNT 116 19 2 1 0
PNT 118 19 2 1 4
PNT 120 19 8 1 0
PNT 68 20 2 1 3
PNT 70 20 1 1 4
PNT 84 20 1 1 5
PNT 98 20 1 1 3
PNT 99 20 1 1 2
PNT 100 20 1 1 3
PNT 101 20 3 1 2
PNT 104 20 2 1 5
PNT 106 20 5 1 3
PNT 111 20 3 1 5
PNT 114 20 1 1 2
PNT 115 20 1 1 5
PNT 116 20 2 1 7
PNT 74 21 1 1 4
PNT 83 21 1 1 5
PNT 85 21 1 1 5
PNT 87 21 1 1 4
PNT 97 21 1 1 2
PNT 98 21 1 1 7
PNT 99 21 1 1 6
PNT 101 21 1 1 2
PNT 106 21 5 1 5
PNT 111 21 2 1 3
PNT 113 21 3 1 5
PNT 116 21 1 1 7
PNT 117 21 1 1 4
PNT 118 21 1 1 7
PNT 0 22 22 1 0
PNT 26 22 16 1 0
PNT 45 22 27 1 0
PNT 72 22 2 1 4
PNT 77 22 6 1 0
PNT 83 22 1 1 5
PNT 84 22 1 1 0
PNT 85 22 1 1 5
PNT 86 22 8 1 0
PNT 95 22 1 1 0
PNT 96 22 1 1 3
PNT 97 22 1 1 6
PNT 99 22 2 1 2
PNT 103 22 3 1 2
PNT 109 22 2 1 0
PNT 111 22 1 1 7
PNT 112 22 1 1 6
PNT 113 22 3 1 5
PNT 116 22 2 1 4
PNT 118 22 1 1 2
PNT 119 22 1 1 7
PNT 120 22 8 1 0
PNT 0 23 26 1 0
PNT 29 23 17 1 0
PNT 48 23 26 1 0
PNT 74 23 2 1 4
PNT 76 23 1 1 0
PNT 77 23 1 1 5
PNT 80 23 2 1 0
PNT 82 23 1 1 5
PNT 83 23 1 1 0
PNT 84 23 1 1 5
PNT 85 23 1 1 0
PNT 86 23 1 1 5
PNT 87 23 7 1 0
PNT 94 23 2 1 2
PNT 97 23 1 1 2
PNT 98 23 1 1 6
PNT 100 23 1 1 3
PNT 101 23 2 1 5
PNT 104 23 1 1 3
PNT 105 23 1 1 5
PNT 106 23 1 1 4
PNT 107 23 1 1 3
PNT 108 23 1 1 2
PNT 112 23 2 1 2
PNT 114 23 1 1 3
PNT 115 23 5 1 4
PNT 121 23 1 1 4
PNT 122 23 6 1 0
PNT 76 24 1 1 4
PNT 77 24 1 1 5
PNT 79 24 2 1 5
PNT 82 24 1 1 5
PNT 84 24 1 1 5
PNT 94 24 1 1 3
PNT 95 24 1 1 2
PNT 96 24 1 1 6
PNT 98 24 1 1 3
PNT 99 24 1 1 2
PNT 102 24 4 1 4
PNT 106 24 1 1 3
PNT 107 24 1 1 2
PNT 114 24 2 1 2
PNT 116 24 1 1 5
PNT 117 24 5 1 4
PNT 122 24 1 1 2
PNT 78 25 2 1 5
PNT 81 25 3 1 5
PNT 85 25 1 1 5
PNT 93 25 1 1 2
PNT 94 25 1 1 7
PNT 95 25 2 1 6
PNT 97 25 1 1 2
PNT 99 25 1 1 6
PNT 100 25 1 1 5
PNT 101 25 1 1 6
PNT 102 25 3 1 4
PNT 105 25 1 1 3
PNT 106 25 1 1 2
PNT 109 25 1 1 2
PNT 112 25 1 1 2
PNT 113 25 2 1 3
PNT 116 25 1 1 2
PNT 117 25 1 1 4
PNT 118 25 1 1 7
PNT 119 25 1 1 4
PNT 120 25 1 1 7
PNT 0 26 80 1 0
PNT 80 26 2 1 5
PNT 82 26 1 1 0
PNT 83 26 2 1 5
PNT 85 26 5 1 0
PNT 91 26 1 1 0
PNT 92 26 1 1 3
PNT 93 26 1 1 2
PNT 94 26 1 1 6
PNT 96 26 1 1 3
PNT 97 26 5 1 6
PNT 102 26 2 1 7
PNT 104 26 1 1 3
PNT 105 26 1 1 4
PNT 109 26 3 1 6
PNT 112 26 1 1 5
PNT 113 26 1 1 2
PNT 118 26 2 1 4
PNT 120 26 1 1 3
PNT 121 26 7 1 0
PNT 0 27 80 1 0
PNT 80 27 1 1 5
PNT 81 27 1 1 0
PNT 82 27 4 1 5
PNT 86 27 4 1 0
PNT 90 27 1 1 2
PNT 91 27 1 1 7
PNT 93 27 2 1 6
PNT 95 27 1 1 2
PNT 97 27 1 1 5
PNT 98 27 2 1 6
PNT 101 27 2 1 6
PNT 103 27 2 1 4
PNT 105 27 1 1 7
PNT 106 27 2 1 5
PNT 108 27 1 1 3
PNT 112 27 1 1 3
PNT 113 27 3 1 5
PNT 116 27 1 1 4
PNT 117 27 1 1 5
PNT 118 27 1 1 4
PNT 119 27 1 1 7
PNT 120 27 8 1 0
PNT 80 28 1 1 6
PNT 81 28 1 1 0
PNT 82 28 1 1 7
PNT 83 28 1 1 6
PNT 84 28 2 1 5
PNT 90 28 1 1 6
PNT 91 28 1 1 2
PNT 92 28 1 1 6
PNT 94 28 1 1 3
PNT 95 28 1 1 6
PNT 96 28 1 1 5
PNT 97 28 5 1 6
PNT 104 28 1 1 4
PNT 105 28 1 1 5
PNT 106 28 2 1 7
PNT 108 28 1 1 5
PNT 109 28 1 1 2
PNT 110 28 1 1 3
PNT 111 28 1 1 2
PNT 112 28 2 1 5
PNT 114 28 1 1 4
PNT 116 28 1 1 4
PNT 117 28 2 1 7
PNT 78 29 1 1 6
PNT 79 29 1 1 0
PNT 80 29 1 1 7
PNT 81 29 1 1 6
PNT 82 29 1 1 7
PNT 83 29 1 1 6
PNT 84 29 1 1 0
PNT 86 29 1 1 5
PNT 89 29 1 1 6
PNT 90 29 1 1 7
PNT 91 29 2 1 6
PNT 93 29 1 1 2
PNT 95 29 1 1 5
PNT 96 29 2 1 6
PNT 99 29 3 1 6
PNT 103 29 1 1 4
PNT 106 29 1 1 4
PNT 107 29 1 1 5
PNT 108 29 3 1 7
PNT 114 29 1 1 4
PNT 115 29 2 1 7
PNT 117 29 1 1 4
PNT 0 30 10 1 0
PNT 12 30 54 1 0
PNT 68 30 8 1 0
PNT 76 30 1 1 6
PNT 77 30 1 1 0
PNT 78 30 1 1 7
PNT 79 30 1 1 6
PNT 80 30 1 1 7
PNT 81 30 1 1 5
PNT 82 30 1 1 0
PNT 83 30 1 1 2
PNT 84 30 1 1 6
PNT 85 30 1 1 0
PNT 87 30 2 1 6
PNT 89 30 1 1 7
PNT 90 30 1 1 3
PNT 92 30 1 1 3
PNT 93 30 2 1 5
PNT 95 30 3 1 6
PNT 100 30 2 1 0
PNT 102 30 1 1 4
PNT 103 30 2 1 0
PNT 105 30 1 1 4
PNT 106 30 4 1 0
PNT 110 30 1 1 5
PNT 111 30 4 1 7
PNT 115 30 1 1 4
PNT 116 30 2 1 0
PNT 118 30 1 1 4
PNT 119 30 9 1 0
PNT 0 31 14 1 0
PNT 16 31 18 1 0
PNT 36 31 38 1 0
PNT 74 31 1 1 6
PNT 75 31 1 1 0
PNT 76 31 1 1 7
PNT 77 31 1 1 6
PNT 78 31 1 1 7
PNT 79 31 1 1 5
PNT 80 31 1 1 0
PNT 81 31 1 1 2
PNT 83 31 2 1 5
PNT 85 31 1 1 4
PNT 86 31 1 1 2
PNT 87 31 1 1 6
PNT 89 31 2 1 7
PNT 91 31 1 1 2
PNT 93 31 3 1 6
PNT 97 31 3 1 6
PNT 100 31 4 1 0
PNT 104 31 1 1 4
PNT 105 31 11 1 0
PNT 116 31 1 1 4
PNT 117 31 11 1 0
PNT 72 32 1 1 6
PNT 73 32 1 1 0
PNT 74 32 1 1 7
PNT 75 32 1 1 6
PNT 76 32 1 1 7
PNT 77 32 1 1 5
PNT 78 32 1 1 0
PNT 79 32 1 1 2
PNT 81 32 2 1 5
PNT 83 32 1 1 4
PNT 85 32 2 1 6
PNT 87 32 1 1 2
PNT 88 32 1 1 7
PNT 89 32 1 1 2
PNT 92 32 2 1 6
PNT 96 32 2 1 6
PNT 70 33 1 1 5
PNT 71 33 1 1 0
PNT 72 33 2 1 6
PNT 76 33 1 1 0
PNT 77 33 1 1 2
PNT 80 33 1 1 5
PNT 81 33 2 1 4
PNT 83 33 1 1 7
PNT 85 33 1 1 6
PNT 87 33 1 1 7
PNT 88 33 1 1 5
PNT 89 33 1 1 2
PNT 91 33 3 1 6
PNT 95 33 1 1 6
PNT 0 34 26 1 0
PNT 28 34 2 1 0
PNT 32 34 16 1 0
PNT 51 34 17 1 0
PNT 68 34 1 1 5
PNT 69 34 1 1 0
PNT 70 34 1 1 6
PNT 71 34 1 1 5
PNT 72 34 1 1 6
PNT 73 34 1 1 5
PNT 74 34 1 1 0
PNT 75 34 1 1 2
PNT 77 34 2 1 5
PNT 79 34 1 1 4
PNT 83 34 1 1 4
PNT 84 34 1 1 6
PNT 85 34 1 1 2
PNT 86 34 1 1 6
PNT 87 34 1 1 7
PNT 88 34 1 1 3
PNT 89 34 1 1 5
PNT 90 34 6 1 6
PNT 96 34 16 1 0
PNT 115 34 13 1 0
PNT 0 35 32 1 0
PNT 35 35 9 1 0
PNT 44 35 6 1 7
PNT 52 35 8 1 7
PNT 60 35 1 1 6
PNT 61 35 5 1 0
PNT 66 35 1 1 5
PNT 67 35 1 1 0
PNT 68 35 1 1 6
PNT 69 35 1 1 5
PNT 70 35 1 1 6
PNT 71 35 1 1 4
PNT 72 35 1 1 0
PNT 73 35 1 1 2
PNT 75 35 2 1 5
PNT 77 35 2 1 4
PNT 79 35 1 1 6
PNT 80 35 2 1 4
PNT 85 35 1 1 6
PNT 86 35 1 1 7
PNT 87 35 1 1 2
PNT 89 35 3 1 6
PNT 93 35 3 1 6
PNT 96 35 18 1 0
PNT 116 35 12 1 0
PNT 38 36 1 1 2
PNT 40 36 4 1 7
PNT 44 36 14 1 6
PNT 58 36 1 1 2
PNT 59 36 1 1 6
PNT 60 36 4 1 7
PNT 64 36 1 1 4
PNT 65 36 1 1 0
PNT 66 36 1 1 6
PNT 67 36 1 1 5
PNT 68 36 1 1 6
PNT 69 36 1 1 4
PNT 70 36 1 1 0
PNT 71 36 1 1 2
PNT 73 36 4 1 4
PNT 77 36 1 1 6
PNT 78 36 2 1 4
PNT 80 36 1 1 6
PNT 81 36 1 1 5
PNT 82 36 3 1 6
PNT 86 36 1 1 7
PNT 87 36 1 1 2
PNT 88 36 6 1 6
PNT 34 37 1 1 2
PNT 36 37 4 1 7
PNT 40 37 2 1 6
PNT 42 37 1 1 2
PNT 43 37 1 1 6
PNT 44 37 1 1 2
PNT 45 37 1 1 6
PNT 46 37 1 1 2
PNT 47 37 15 1 6
PNT 62 37 1 1 2
PNT 63 37 1 1 0
PNT 64 37 4 1 7
PNT 68 37 1 1 0
PNT 69 37 1 1 2
PNT 71 37 2 1 4
PNT 73 37 1 1 3
PNT 74 37 1 1 4
PNT 75 37 1 1 6
PNT 76 37 2 1 4
PNT 78 37 4 1 5
PNT 83 37 1 1 6
PNT 85 37 2 1 7
PNT 87 37 2 1 6
PNT 89 37 1 1 5
PNT 91 37 3 1 6
PNT 0 38 10 1 0
PNT 10 38 1 1 2
PNT 11 38 19 1 0
PNT 30 38 1 1 2
PNT 31 38 1 1 0
PNT 32 38 4 1 7
PNT 36 38 2 1 6
PNT 38 38 1 1 2
PNT 39 38 1 1 6
PNT 40 38 1 1 2
PNT 41 38 1 1 6
PNT 42 38 1 1 7
PNT 43 38 1 1 0
PNT 44 38 3 1 7
PNT 47 38 1 1 0
PNT 48 38 3 1 7
PNT 51 38 1 1 0
PNT 52 38 1 1 7
PNT 54 38 1 1 7
PNT 55 38 1 1 0
PNT 56 38 1 1 6
PNT 58 38 1 1 6
PNT 60 38 1 1 6
PNT 61 38 1 1 0
PNT 62 38 1 1 5
PNT 64 38 1 1 5
PNT 65 38 1 1 4
PNT 66 38 1 1 0
PNT 67 38 1 1 2
PNT 69 38 3 1 7
PNT 72 38 1 1 3
PNT 73 38 1 1 6
PNT 74 38 2 1 4
PNT 76 38 2 1 0
PNT 78 38 1 1 6
PNT 79 38 3 1 5
PNT 84 38 1 1 3
PNT 85 38 1 1 7
PNT 86 38 1 1 3
PNT 87 38 1 1 6
PNT 88 38 4 1 5
PNT 92 38 36 1 0
PNT 0 39 9 1 0
PNT 9 39 1 1 3
PNT 10 39 18 1 0
PNT 29 39 3 1 7
PNT 32 39 2 1 4
PNT 34 39 1 1 2
PNT 35 39 1 1 6
PNT 36 39 1 1 2
PNT 37 39 1 1 6
PNT 38 39 1 1 7
PNT 39 39 1 1 0
PNT 40 39 5 1 7
PNT 45 39 1 1 0
PNT 46 39 2 1 7
PNT 48 39 1 1 0
PNT 49 39 2 1 7
PNT 51 39 1 1 0
PNT 52 39 2 1 7
PNT 54 39 1 1 0
PNT 55 39 4 1 7
PNT 59 39 1 1 0
PNT 60 39 2 1 6
PNT 62 39 1 1 5
PNT 63 39 2 1 3
PNT 65 39 1 1 2
PNT 67 39 2 1 4
PNT 69 39 1 1 3
PNT 70 39 1 1 2
PNT 71 39 1 1 5
PNT 72 39 4 1 7
PNT 76 39 2 1 0
PNT 78 39 2 1 5
PNT 81 39 2 1 5
PNT 83 39 1 1 2
PNT 84 39 1 1 7
PNT 85 39 1 1 5
PNT 86 39 1 1 6
PNT 87 39 1 1 5
PNT 89 39 3 1 5
PNT 92 39 36 1 0
PNT 6 40 1 1 4
PNT 8 40 1 1 3
PNT 11 40 1 1 6
PNT 25 40 2 1 6
PNT 27 40 2 1 7
PNT 29 40 3 1 4
PNT 32 40 1 1 2
PNT 33 40 1 1 6
PNT 34 40 1 1 7
PNT 35 40 1 1 0
PNT 36 40 3 1 7
PNT 39 40 1 1 0
PNT 40 40 1 1 7
PNT 42 40 1 1 7
PNT 43 40 1 1 6
PNT 44 40 1 1 2
PNT 45 40 1 1 5
PNT 46 40 1 1 7
PNT 48 40 2 1 5
PNT 50 40 1 1 7
PNT 51 40 2 1 5
PNT 54 40 1 1 7
PNT 55 40 1 1 5
PNT 56 40 1 1 7
PNT 57 40 1 1 0
PNT 58 40 2 1 7
PNT 60 40 1 1 4
PNT 61 40 1 1 5
PNT 62 40 1 1 7
PNT 63 40 1 1 2
PNT 65 40 2 1 3
PNT 67 40 2 1 6
PNT 70 40 1 1 6
PNT 73 40 2 1 5
PNT 75 40 1 1 6
PNT 76 40 3 1 7
PNT 79 40 3 1 5
PNT 82 40 1 1 2
PNT 83 40 1 1 7
PNT 84 40 1 1 5
PNT 85 40 1 1 2
PNT 86 40 2 1 5
PNT 89 40 1 1 5
PNT 5 41 1 1 4
PNT 7 41 1 1 4
PNT 9 41 1 1 6
PNT 12 41 1 1 6
PNT 23 41 2 1 6
PNT 25 41 2 1 7
PNT 27 41 1 1 4
PNT 28 41 1 1 2
PNT 29 41 1 1 6
PNT 30 41 1 1 2
PNT 31 41 1 1 0
PNT 32 41 4 1 7
PNT 36 41 1 1 0
PNT 37 41 2 1 7
PNT 39 41 2 1 6
PNT 41 41 4 1 5
PNT 45 41 1 1 2
PNT 46 41 1 1 5
PNT 47 41 1 1 2
PNT 48 41 1 1 5
PNT 49 41 1 1 2
PNT 50 41 1 1 5
PNT 51 41 1 1 2
PNT 52 41 1 1 5
PNT 53 41 1 1 2
PNT 54 41 1 1 5
PNT 55 41 2 1 2
PNT 57 41 1 1 5
PNT 58 41 1 1 7
PNT 59 41 1 1 5
PNT 60 41 1 1 3
PNT 61 41 1 1 5
PNT 63 41 1 1 0
PNT 64 41 2 1 7
PNT 66 41 1 1 6
PNT 67 41 1 1 0
PNT 68 41 1 1 3
PNT 69 41 4 1 6
PNT 74 41 1 1 2
PNT 75 41 1 1 6
PNT 77 41 2 1 5
PNT 79 41 2 1 7
PNT 81 41 1 1 5
PNT 82 41 2 1 7
PNT 84 41 1 1 6
PNT 85 41 1 1 5
PNT 87 41 2 1 5
PNT 89 41 1 1 2
PNT 0 42 4 1 0
PNT 4 42 1 1 5
PNT 5 42 1 1 0
PNT 6 42 4 1 4
PNT 10 42 1 1 6
PNT 11 42 1 1 0
PNT 12 42 1 1 6
PNT 13 42 8 1 0
PNT 21 42 1 1 7
PNT 22 42 1 1 6
PNT 23 42 2 1 7
PNT 25 42 1 1 5
PNT 26 42 1 1 2
PNT 27 42 1 1 0
PNT 28 42 1 1 6
PNT 29 42 1 1 7
PNT 30 42 2 1 6
PNT 32 42 1 1 7
PNT 33 42 1 1 0
PNT 34 42 1 1 7
PNT 36 42 1 1 6
PNT 37 42 3 1 5
PNT 40 42 1 1 0
PNT 42 42 1 1 5
PNT 43 42 1 1 0
PNT 44 42 1 1 5
PNT 46 42 1 1 0
PNT 47 42 2 1 5
PNT 49 42 1 1 0
PNT 50 42 2 1 5
PNT 52 42 2 1 0
PNT 54 42 1 1 5
PNT 55 42 1 1 0
PNT 56 42 1 1 5
PNT 57 42 1 1 2
PNT 58 42 1 1 0
PNT 59 42 1 1 2
PNT 60 42 1 1 5
PNT 61 42 1 1 2
PNT 62 42 1 1 7
PNT 63 42 1 1 5
PNT 64 42 1 1 7
PNT 65 42 1 1 2
PNT 66 42 1 1 0
PNT 67 42 1 1 7
PNT 68 42 1 1 6
PNT 69 42 1 1 2
PNT 70 42 1 1 6
PNT 71 42 1 1 0
PNT 72 42 2 1 6
PNT 77 42 4 1 5
PNT 81 42 1 1 7
PNT 82 42 2 1 6
PNT 84 42 1 1 3
PNT 85 42 1 1 5
PNT 86 42 1 1 2
PNT 88 42 1 1 2
PNT 89 42 39 1 0
PNT 0 43 3 1 0
PNT 3 43 4 1 5
PNT 7 43 2 1 4
PNT 9 43 1 1 0
PNT 10 43 2 1 4
PNT 12 43 1 1 0
PNT 13 43 1 1 6
PNT 14 43 1 1 0
PNT 15 43 1 1 7
PNT 16 43 3 1 6
PNT 19 43 2 1 7
PNT 21 43 1 1 2
PNT 22 43 1 1 7
PNT 23 43 1 1 5
PNT 24 43 1 1 2
PNT 25 43 1 1 5
PNT 26 43 1 1 6
PNT 27 43 1 1 7
PNT 28 43 2 1 6
PNT 30 43 1 1 7
PNT 31 43 1 1 6
PNT 32 43 1 1 2
PNT 33 43 2 1 6
PNT 35 43 2 1 5
PNT 37 43 1 1 0
PNT 38 43 2 1 5
PNT 40 43 1 1 3
PNT 41 43 1 1 5
PNT 43 43 1 1 5
PNT 44 43 1 1 3
PNT 45 43 1 1 6
PNT 47 43 1 1 5
PNT 48 43 1 1 3
PNT 49 43 1 1 6
PNT 51 43 1 1 5
PNT 52 43 1 1 3
PNT 53 43 1 1 6
PNT 55 43 1 1 5
PNT 56 43 1 1 3
PNT 58 43 2 1 5
PNT 60 43 3 1 2
PNT 63 43 1 1 5
PNT 64 43 1 1 2
PNT 65 43 1 1 5
PNT 66 43 1 1 7
PNT 67 43 3 1 4
PNT 70 43 1 1 3
PNT 71 43 1 1 6
PNT 73 43 2 1 6
PNT 75 43 1 1 0
PNT 76 43 1 1 6
PNT 78 43 1 1 2
PNT 79 43 1 1 6
PNT 81 43 2 1 6
PNT 83 43 1 1 2
PNT 84 43 1 1 5
PNT 85 43 1 1 2
PNT 86 43 1 1 5
PNT 87 43 1 1 2
PNT 88 43 2 1 4
PNT 90 43 38 1 0
PNT 2 44 1 1 5
PNT 3 44 3 1 4
PNT 6 44 1 1 5
PNT 7 44 1 1 0
PNT 8 44 5 1 4
PNT 13 44 1 1 7
PNT 14 44 1 1 2
PNT 15 44 4 1 6
PNT 19 44 1 1 2
PNT 20 44 1 1 7
PNT 21 44 1 1 3
PNT 22 44 2 1 5
PNT 24 44 1 1 6
PNT 25 44 2 1 7
PNT 27 44 1 1 6
PNT 29 44 1 1 2
PNT 30 44 2 1 5
PNT 32 44 1 1 6
PNT 34 44 1 1 0
PNT 35 44 1 1 5
PNT 36 44 1 1 3
PNT 37 44 1 1 5
PNT 39 44 1 1 5
PNT 40 44 1 1 6
PNT 41 44 1 1 2
PNT 42 44 1 1 5
PNT 44 44 1 1 3
PNT 45 44 1 1 6
PNT 46 44 1 1 5
PNT 48 44 2 1 6
PNT 52 44 1 1 6
PNT 53 44 1 1 2
PNT 54 44 1 1 5
PNT 57 44 1 1 6
PNT 59 44 1 1 2
PNT 60 44 1 1 3
PNT 62 44 1 1 0
PNT 63 44 1 1 2
PNT 64 44 1 1 3
PNT 65 44 1 1 4
PNT 66 44 2 1 2
PNT 68 44 1 1 7
PNT 69 44 1 1 2
PNT 70 44 1 1 7
PNT 71 44 1 1 2
PNT 72 44 1 1 4
PNT 73 44 5 1 6
PNT 78 44 1 1 7
PNT 80 44 1 1 2
PNT 81 44 1 1 6
PNT 82 44 1 1 3
PNT 83 44 1 1 5
PNT 84 44 1 1 2
PNT 85 44 1 1 4
PNT 86 44 1 1 2
PNT 87 44 1 1 3
PNT 88 44 2 1 4
PNT 91 44 2 1 5
PNT 2 45 2 1 4
PNT 4 45 1 1 5
PNT 5 45 1 1 0
PNT 6 45 2 1 4
PNT 8 45 2 1 5
PNT 10 45 1 1 4
PNT 11 45 1 1 7
PNT 12 45 1 1 2
PNT 14 45 3 1 6
PNT 17 45 1 1 2
PNT 18 45 1 1 3
PNT 19 45 1 1 7
PNT 20 45 2 1 5
PNT 22 45 1 1 2
PNT 23 45 1 1 7
PNT 24 45 2 1 6
PNT 27 45 1 1 7
PNT 28 45 3 1 5
PNT 32 45 1 1 3
PNT 33 45 1 1 2
PNT 35 45 1 1 2
PNT 36 45 2 1 6
PNT 38 45 1 1 2
PNT 40 45 2 1 6
PNT 42 45 2 1 5
PNT 45 45 1 1 2
PNT 46 45 2 1 5
PNT 49 45 3 1 5
PNT 53 45 3 1 5
PNT 57 45 1 1 5
PNT 58 45 1 1 2
PNT 60 45 2 1 6
PNT 62 45 1 1 4
PNT 63 45 1 1 2
PNT 64 45 6 1 6
PNT 70 45 1 1 2
PNT 71 45 1 1 7
PNT 72 45 1 1 3
PNT 73 45 1 1 6
PNT 74 45 1 1 7
PNT 75 45 1 1 6
PNT 77 45 1 1 2
PNT 78 45 1 1 0
PNT 79 45 1 1 2
PNT 80 45 1 1 6
PNT 81 45 1 1 2
PNT 82 45 1 1 5
PNT 83 45 1 1 2
PNT 84 45 1 1 3
PNT 85 45 1 1 2
PNT 86 45 2 1 4
PNT 88 45 1 1 2
PNT 89 45 2 1 5
PNT 0 46 1 1 0
PNT 1 46 1 1 5
PNT 2 46 1 1 6
PNT 3 46 1 1 0
PNT 4 46 2 1 4
PNT 6 46 2 1 5
PNT 8 46 1 1 4
PNT 9 46 1 1 7
PNT 10 46 1 1 2
PNT 12 46 1 1 7
PNT 13 46 1 1 6
PNT 14 46 1 1 4
PNT 15 46 1 1 6
PNT 16 46 1 1 3
PNT 17 46 1 1 6
PNT 18 46 1 1 7
PNT 19 46 1 1 5
PNT 20 46 1 1 6
PNT 21 46 1 1 7
PNT 22 46 1 1 6
PNT 23 46 1 1 3
PNT 25 46 1 1 7
PNT 26 46 3 1 5
PNT 30 46 2 1 5
PNT 32 46 1 1 2
PNT 33 46 1 1 6
PNT 34 46 1 1 5
PNT 36 46 1 1 6
PNT 37 46 1 1 2
PNT 38 46 2 1 5
PNT 41 46 1 1 5
PNT 43 46 2 1 5
PNT 46 46 1 1 3
PNT 47 46 2 1 5
PNT 51 46 2 1 5
PNT 55 46 2 1 5
PNT 59 46 1 1 5
PNT 61 46 1 1 4
PNT 62 46 1 1 3
PNT 63 46 2 1 6
PNT 65 46 1 1 7
PNT 66 46 1 1 6
PNT 67 46 1 1 7
PNT 68 46 5 1 6
PNT 73 46 1 1 2
PNT 75 46 2 1 4
PNT 77 46 1 1 6
PNT 78 46 1 1 2
PNT 79 46 1 1 6
PNT 80 46 2 1 3
PNT 82 46 1 1 2
PNT 83 46 1 1 5
PNT 84 46 1 1 3
PNT 85 46 1 1 2
PNT 86 46 2 1 4
PNT 88 46 1 1 5
PNT 89 46 1 1 4
PNT 90 46 1 1 0
PNT 91 46 2 1 4
PNT 93 46 35 1 0
PNT 0 47 2 1 0
PNT 2 47 2 1 4
PNT 4 47 2 1 5
PNT 6 47 1 1 4
PNT 7 47 1 1 6
PNT 8 47 1 1 2
PNT 10 47 1 1 7
PNT 11 47 1 1 6
PNT 12 47 2 1 4
PNT 14 47 1 1 6
PNT 15 47 1 1 2
PNT 16 47 1 1 6
PNT 17 47 1 1 5
PNT 18 47 1 1 4
PNT 19 47 1 1 7
PNT 20 47 2 1 6
PNT 24 47 1 1 2
PNT 25 47 2 1 5
PNT 28 47 4 1 5
PNT 32 47 1 1 2
PNT 33 47 1 1 6
PNT 34 47 2 1 5
PNT 37 47 1 1 5
PNT 39 47 2 1 5
PNT 42 47 2 1 5
PNT 44 47 1 1 6
PNT 45 47 1 1 2
PNT 46 47 1 1 6
PNT 47 47 1 1 2
PNT 48 47 1 1 6
PNT 49 47 1 1 2
PNT 50 47 3 1 6
PNT 53 47 1 1 2
PNT 54 47 3 1 6
PNT 57 47 1 1 2
PNT 58 47 2 1 6
PNT 60 47 1 1 4
PNT 61 47 1 1 2
PNT 62 47 1 1 6
PNT 63 47 1 1 7
PNT 64 47 3 1 2
PNT 67 47 5 1 6
PNT 73 47 1 1 6
PNT 74 47 1 1 3
PNT 75 47 1 1 2
PNT 76 47 1 1 6
PNT 77 47 1 1 4
PNT 78 47 1 1 0
PNT 79 47 1 1 2
PNT 80 47 2 1 6
PNT 82 47 1 1 2
PNT 83 47 1 1 5
PNT 84 47 1 1 2
PNT 86 47 5 1 4
PNT 91 47 37 1 0
PNT 0 48 1 1 7
PNT 1 48 1 1 5
PNT 2 48 1 1 4
PNT 3 48 3 1 5
PNT 8 48 1 1 7
PNT 9 48 1 1 5
PNT 10 48 2 1 4
PNT 12 48 1 1 6
PNT 13 48 1 1 4
PNT 14 48 1 1 3
PNT 15 48 2 1 5
PNT 17 48 1 1 2
PNT 18 48 1 1 7
PNT 19 48 1 1 4
PNT 23 48 2 1 5
PNT 25 48 1 1 3
PNT 26 48 4 1 5
PNT 30 48 2 1 2
PNT 33 48 1 1 5
PNT 35 48 2 1 2
PNT 38 48 2 1 5
PNT 40 48 1 1 2
PNT 41 48 3 1 6
PNT 44 48 1 1 2
PNT 45 48 3 1 6
PNT 48 48 1 1 3
PNT 49 48 3 1 6
PNT 52 48 1 1 2
PNT 53 48 3 1 6
PNT 56 48 1 1 2
PNT 57 48 2 1 6
PNT 59 48 1 1 2
PNT 60 48 1 1 3
PNT 61 48 1 1 7
PNT 62 48 2 1 2
PNT 64 48 3 1 6
PNT 67 48 3 1 5
PNT 71 48 1 1 2
PNT 72 48 3 1 6
PNT 75 48 2 1 2
PNT 78 48 1 1 3
PNT 79 48 1 1 4
PNT 80 48 1 1 3
PNT 81 48 1 1 6
PNT 84 48 2 1 5
PNT 87 48 3 1 4
PNT 0 49 3 1 4
PNT 3 49 2 1 5
PNT 5 49 1 1 6
PNT 6 49 1 1 2
PNT 7 49 1 1 5
PNT 8 49 2 1 4
PNT 10 49 1 1 5
PNT 11 49 1 1 4
PNT 12 49 2 1 3
PNT 14 49 1 1 6
PNT 15 49 2 1 2
PNT 17 49 1 1 5
PNT 18 49 1 1 7
PNT 20 49 1 1 7
PNT 21 49 2 1 5
PNT 25 49 1 1 5
PNT 26 49 1 1 2
PNT 27 49 3 1 5
PNT 30 49 1 1 2
PNT 31 49 2 1 5
PNT 34 49 2 1 2
PNT 36 49 2 1 6
PNT 38 49 1 1 5
PNT 39 49 2 1 2
PNT 41 49 1 1 6
PNT 42 49 1 1 5
PNT 43 49 2 1 2
PNT 45 49 1 1 6
PNT 46 49 1 1 5
PNT 47 49 3 1 2
PNT 50 49 1 1 5
PNT 51 49 2 1 2
PNT 53 49 1 1 6
PNT 54 49 1 1 5
PNT 55 49 2 1 2
PNT 57 49 1 1 6
PNT 59 49 1 1 2
PNT 60 49 1 1 6
PNT 61 49 1 1 2
PNT 62 49 2 1 6
PNT 64 49 4 1 5
PNT 69 49 3 1 5
PNT 73 49 1 1 2
PNT 74 49 2 1 6
PNT 76 49 1 1 3
PNT 77 49 1 1 2
PNT 78 49 2 1 5
PNT 82 49 1 1 5
PNT 83 49 2 1 7
PNT 85 49 1 1 5
PNT 86 49 1 1 4
PNT 88 49 2 1 4
PNT 0 50 1 1 4
PNT 1 50 4 1 5
PNT 6 50 2 1 4
PNT 8 50 1 1 5
PNT 9 50 1 1 4
PNT 10 50 3 1 3
PNT 13 50 2 1 2
PNT 16 50 1 1 0
PNT 18 50 1 1 3
PNT 19 50 2 1 7
PNT 21 50 1 1 4
PNT 22 50 1 1 7
PNT 23 50 3 1 5
PNT 27 50 1 1 3
PNT 28 50 1 1 5
PNT 29 50 2 1 2
PNT 31 50 3 1 4
PNT 34 50 1 1 2
PNT 35 50 1 1 5
PNT 36 50 2 1 4
PNT 38 50 2 1 2
PNT 40 50 2 1 0
PNT 42 50 2 1 2
PNT 44 50 2 1 0
PNT 46 50 2 1 2
PNT 48 50 2 1 0
PNT 50 50 1 1 3
PNT 51 50 1 1 2
PNT 52 50 2 1 0
PNT 54 50 2 1 2
PNT 56 50 2 1 0
PNT 58 50 1 1 3
PNT 60 50 1 1 0
PNT 62 50 1 1 3
PNT 63 50 1 1 5
PNT 65 50 1 1 4
PNT 68 50 2 1 4
PNT 70 50 5 1 5
PNT 75 50 1 1 4
PNT 77 50 3 1 5
PNT 80 50 3 1 7
PNT 83 50 1 1 5
PNT 85 50 1 1 5
PNT 86 50 2 1 0
PNT 89 50 39 1 0
PNT 0 51 1 1 4
PNT 1 51 3 1 5
PNT 4 51 1 1 2
PNT 5 51 1 1 4
PNT 6 51 1 1 5
PNT 7 51 1 1 4
PNT 8 51 3 1 3
PNT 11 51 1 1 2
PNT 12 51 1 1 3
PNT 13 51 1 1 4
PNT 14 51 1 1 0
PNT 16 51 2 1 5
PNT 18 51 1 1 6
PNT 20 51 1 1 5
PNT 21 51 2 1 7
PNT 23 51 1 1 5
PNT 24 51 1 1 7
PNT 25 51 3 1 5
PNT 29 51 1 1 5
PNT 30 51 1 1 2
PNT 32 51 1 1 4
PNT 33 51 2 1 2
PNT 35 51 3 1 4
PNT 38 51 1 1 2
PNT 39 51 3 1 4
PNT 42 51 1 1 2
PNT 43 51 3 1 4
PNT 46 51 1 1 2
PNT 47 51 3 1 4
PNT 50 51 2 1 2
PNT 52 51 2 1 4
PNT 54 51 1 1 2
PNT 55 51 2 1 4
PNT 57 51 1 1 2
PNT 58 51 2 1 4
PNT 61 51 1 1 4
PNT 63 51 1 1 3
PNT 65 51 2 1 4
PNT 67 51 1 1 2
PNT 70 51 1 1 2
PNT 71 51 1 1 4
PNT 73 51 2 1 4
PNT 75 51 1 1 5
PNT 76 51 1 1 7
PNT 77 51 1 1 5
PNT 78 51 3 1 7
PNT 81 51 1 1 3
PNT 82 51 1 1 4
PNT 83 51 2 1 0
PNT 86 51 3 1 0
PNT 90 51 38 1 0
PNT 0 52 2 1 5
PNT 2 52 1 1 3
PNT 4 52 2 1 4
PNT 6 52 3 1 3
PNT 9 52 1 1 5
PNT 10 52 2 1 3
PNT 12 52 1 1 0
PNT 14 52 1 1 4
PNT 15 52 1 1 5
PNT 16 52 1 1 6
PNT 18 52 2 1 5
PNT 20 52 2 1 3
PNT 22 52 1 1 5
PNT 23 52 2 1 7
PNT 25 52 4 1 5
PNT 29 52 1 1 3
PNT 31 52 1 1 4
PNT 32 52 1 1 2
PNT 34 52 1 1 5
PNT 36 52 3 1 2
PNT 39 52 2 1 4
PNT 41 52 2 1 2
PNT 43 52 2 1 4
PNT 45 52 2 1 2
PNT 47 52 2 1 4
PNT 49 52 2 1 2
PNT 51 52 1 1 4
PNT 52 52 1 1 3
PNT 53 52 1 1 2
PNT 54 52 2 1 4
PNT 56 52 1 1 3
PNT 58 52 2 1 4
PNT 60 52 1 1 2
PNT 64 52 2 1 3
PNT 66 52 1 1 5
PNT 67 52 5 1 4
PNT 72 52 1 1 7
PNT 74 52 4 1 7
PNT 78 52 1 1 6
PNT 79 52 1 1 3
PNT 80 52 2 1 5
PNT 1 53 1 1 3
PNT 2 53 1 1 2
PNT 3 53 1 1 4
PNT 4 53 3 1 3
PNT 7 53 1 1 4
PNT 8 53 2 1 3
PNT 10 53 1 1 0
PNT 11 53 1 1 3
PNT 13 53 1 1 4
PNT 14 53 1 1 5
PNT 15 53 1 1 4
PNT 16 53 2 1 6
PNT 18 53 2 1 5
PNT 22 53 2 1 3
PNT 24 53 1 1 6
PNT 25 53 2 1 7
PNT 27 53 1 1 5
PNT 28 53 1 1 7
PNT 29 53 1 1 5
PNT 30 53 1 1 2
PNT 31 53 1 1 5
PNT 33 53 2 1 3
PNT 35 53 1 1 5
PNT 36 53 1 1 2
PNT 37 53 2 1 5
PNT 40 53 1 1 2
PNT 41 53 1 1 4
PNT 42 53 1 1 2
PNT 44 53 1 1 2
PNT 46 53 1 1 4
PNT 48 53 1 1 2
PNT 49 53 2 1 4
PNT 52 53 2 1 2
PNT 54 53 1 1 3
PNT 55 53 1 1 2
PNT 56 53 4 1 4
PNT 61 53 1 1 5
PNT 63 53 1 1 5
PNT 65 53 1 1 5
PNT 66 53 2 1 3
PNT 68 53 1 1 7
PNT 69 53 1 1 6
PNT 70 53 4 1 7
PNT 74 53 2 1 6
PNT 76 53 3 1 3
PNT 80 53 2 1 5
PNT 0 54 1 1 5
PNT 2 54 1 1 4
PNT 3 54 2 1 3
PNT 5 54 1 1 4
PNT 6 54 2 1 3
PNT 8 54 1 1 0
PNT 9 54 2 1 3
PNT 12 54 1 1 4
PNT 13 54 3 1 5
PNT 16 54 2 1 6
PNT 18 54 5 1 0
PNT 23 54 1 1 7
PNT 24 54 1 1 6
PNT 25 54 2 1 3
PNT 27 54 3 1 7
PNT 30 54 2 1 3
PNT 32 54 1 1 7
PNT 33 54 1 1 5
PNT 35 54 8 1 5
PNT 43 54 1 1 0
PNT 44 54 3 1 5
PNT 47 54 1 1 0
PNT 48 54 3 1 5
PNT 51 54 1 1 0
PNT 52 54 3 1 5
PNT 55 54 1 1 4
PNT 57 54 1 1 5
PNT 59 54 5 1 5
PNT 64 54 1 1 7
PNT 66 54 2 1 7
PNT 68 54 1 1 2
PNT 69 54 1 1 7
PNT 70 54 6 1 3
PNT 76 54 2 1 5
PNT 78 54 1 1 0
PNT 79 54 2 1 4
PNT 81 54 47 1 0
PNT 0 55 1 1 3
PNT 1 55 1 1 2
PNT 2 55 1 1 3
PNT 3 55 1 1 4
PNT 4 55 2 1 3
PNT 6 55 1 1 0
PNT 7 55 1 1 3
PNT 8 55 2 1 0
PNT 11 55 1 1 0
PNT 12 55 1 1 5
PNT 13 55 1 1 0
PNT 14 55 2 1 5
PNT 16 55 1 1 0
PNT 17 55 1 1 4
PNT 18 55 5 1 0
PNT 23 55 1 1 7
PNT 24 55 1 1 2
PNT 25 55 1 1 4
PNT 26 55 2 1 5
PNT 28 55 1 1 4
PNT 29 55 1 1 5
PNT 30 55 3 1 7
PNT 33 55 1 1 3
PNT 34 55 1 1 2
PNT 35 55 1 1 6
PNT 36 55 1 1 7
PNT 37 55 1 1 5
PNT 39 55 7 1 5
PNT 47 55 1 1 5
PNT 49 55 1 1 5
PNT 51 55 1 1 5
PNT 53 55 1 1 5
PNT 55 55 1 1 4
PNT 56 55 4 1 5
PNT 60 55 1 1 7
PNT 61 55 1 1 5
PNT 62 55 4 1 7
PNT 66 55 3 1 6
PNT 70 55 1 1 4
PNT 71 55 4 1 5
PNT 75 55 2 1 4
PNT 78 55 50 1 0
PNT 1 56 3 1 3
PNT 4 56 1 1 0
PNT 6 56 1 1 4
PNT 7 56 5 1 3
PNT 12 56 4 1 5
PNT 22 56 1 1 5
PNT 24 56 1 1 6
PNT 26 56 2 1 4
PNT 28 56 1 1 5
PNT 29 56 2 1 4
PNT 32 56 2 1 4
PNT 34 56 1 1 5
PNT 35 56 1 1 3
PNT 36 56 1 1 2
PNT 37 56 1 1 3
PNT 38 56 1 1 4
PNT 39 56 1 1 5
PNT 40 56 1 1 7
PNT 41 56 1 1 5
PNT 43 56 1 1 5
PNT 44 56 1 1 7
PNT 45 56 3 1 5
PNT 48 56 1 1 7
PNT 49 56 3 1 5
PNT 52 56 1 1 7
PNT 53 56 1 1 5
PNT 54 56 2 1 4
PNT 56 56 1 1 7
PNT 57 56 1 1 5
PNT 58 56 1 1 2
PNT 59 56 3 1 7
PNT 62 56 2 1 6
PNT 64 56 1 1 5
PNT 65 56 2 1 4
PNT 67 56 1 1 5
PNT 68 56 1 1 2
PNT 69 56 2 1 5
PNT 71 56 3 1 4
PNT 0 57 1 1 4
PNT 1 57 1 1 3
PNT 2 57 1 1 0
PNT 3 57 1 1 4
PNT 4 57 1 1 3
PNT 5 57 1 1 4
PNT 6 57 1 1 3
PNT 8 57 4 1 3
PNT 12 57 2 1 5
PNT 22 57 1 1 5
PNT 24 57 1 1 2
PNT 25 57 1 1 6
PNT 26 57 2 1 5
PNT 28 57 4 1 4
PNT 32 57 1 1 5
PNT 33 57 1 1 4
PNT 34 57 1 1 2
PNT 35 57 1 1 5
PNT 36 57 2 1 4
PNT 38 57 1 1 2
PNT 39 57 1 1 3
PNT 40 57 1 1 2
PNT 41 57 17 1 7
PNT 58 57 1 1 5
PNT 60 57 1 1 5
PNT 61 57 2 1 4
PNT 64 57 2 1 5
PNT 66 57 1 1 6
PNT 67 57 1 1 4
PNT 68 57 1 1 6
PNT 70 57 3 1 5
PNT 73 57 1 1 4
PNT 74 57 1 1 5
PNT 0 58 1 1 0
PNT 1 58 1 1 2
PNT 2 58 2 1 3
PNT 4 58 1 1 4
PNT 5 58 4 1 3
PNT 9 58 1 1 0
PNT 10 58 2 1 3
PNT 12 58 2 1 5
PNT 14 58 8 1 0
PNT 22 58 1 1 5
PNT 23 58 1 1 0
PNT 24 58 1 1 6
PNT 26 58 3 1 5
PNT 29 58 1 1 4
PNT 30 58 1 1 0
PNT 31 58 2 1 4
PNT 33 58 2 1 5
PNT 36 58 1 1 5
PNT 37 58 2 1 4
PNT 39 58 1 1 0
PNT 40 58 1 1 4
PNT 41 58 1 1 0
PNT 42 58 2 1 6
PNT 44 58 1 1 4
PNT 45 58 1 1 0
PNT 46 58 2 1 6
PNT 48 58 1 1 4
PNT 49 58 1 1 0
PNT 50 58 2 1 6
PNT 52 58 1 1 4
PNT 53 58 1 1 0
PNT 54 58 2 1 6
PNT 56 58 2 1 4
PNT 58 58 1 1 2
PNT 59 58 3 1 5
PNT 62 58 3 1 4
PNT 65 58 1 1 6
PNT 66 58 1 1 5
PNT 67 58 1 1 0
PNT 68 58 1 1 2
PNT 69 58 1 1 6
PNT 70 58 4 1 5
PNT 74 58 1 1 4
PNT 75 58 1 1 5
PNT 76 58 52 1 0
PNT 0 59 2 1 0
PNT 2 59 1 1 4
PNT 3 59 2 1 3
PNT 5 59 1 1 4
PNT 6 59 5 1 3
PNT 11 59 1 1 4
PNT 12 59 10 1 0
PNT 22 59 1 1 5
PNT 23 59 1 1 0
PNT 24 59 1 1 2
PNT 25 59 1 1 6
PNT 26 59 4 1 5
PNT 30 59 1 1 4
PNT 31 59 1 1 0
PNT 32 59 1 1 4
PNT 33 59 1 1 5
PNT 34 59 1 1 2
PNT 35 59 1 1 5
PNT 36 59 4 1 4
PNT 40 59 1 1 5
PNT 41 59 2 1 4
PNT 43 59 1 1 0
PNT 44 59 1 1 5
PNT 45 59 2 1 4
PNT 47 59 1 1 0
PNT 48 59 1 1 5
PNT 49 59 2 1 4
PNT 51 59 1 1 0
PNT 52 59 1 1 5
PNT 53 59 3 1 4
PNT 56 59 2 1 5
PNT 58 59 1 1 4
PNT 60 59 2 1 4
PNT 62 59 1 1 0
PNT 63 59 1 1 4
PNT 64 59 1 1 0
PNT 65 59 1 1 6
PNT 66 59 1 1 5
PNT 67 59 1 1 0
PNT 68 59 1 1 6
PNT 70 59 4 1 5
PNT 74 59 1 1 4
PNT 75 59 1 1 5
PNT 76 59 52 1 0
PNT 3 60 1 1 4
PNT 4 60 7 1 3
PNT 11 60 1 1 4
PNT 22 60 1 1 5
PNT 24 60 1 1 6
PNT 26 60 4 1 5
PNT 30 60 1 1 4
PNT 32 60 1 1 4
PNT 33 60 2 1 5
PNT 36 60 5 1 4
PNT 42 60 3 1 4
PNT 46 60 3 1 4
PNT 50 60 3 1 4
PNT 54 60 3 1 4
PNT 57 60 2 1 5
PNT 59 60 1 1 2
PNT 60 60 1 1 5
PNT 62 60 2 1 4
PNT 65 60 1 1 6
PNT 66 60 1 1 5
PNT 68 60 1 1 2
PNT 69 60 1 1 6
PNT 70 60 4 1 5
PNT 74 60 1 1 4
PNT 75 60 1 1 5
PNT 4 61 1 1 4
PNT 5 61 1 1 3
PNT 7 61 4 1 3
PNT 22 61 1 1 5
PNT 24 61 1 1 2
PNT 25 61 1 1 6
PNT 26 61 4 1 5
PNT 30 61 1 1 4
PNT 32 61 1 1 4
PNT 33 61 1 1 5
PNT 34 61 1 1 2
PNT 35 61 1 1 5
PNT 36 61 4 1 4
PNT 54 61 3 1 4
PNT 57 61 1 1 2
PNT 58 61 2 1 5
PNT 62 61 2 1 4
PNT 65 61 1 1 6
PNT 66 61 1 1 5
PNT 68 61 2 1 6
PNT 70 61 4 1 5
PNT 74 61 1 1 4
PNT 75 61 1 1 5
PNT 0 62 4 1 0
PNT 4 62 4 1 3
PNT 8 62 1 1 0
PNT 9 62 2 1 3
PNT 11 62 11 1 0
PNT 22 62 1 1 5
PNT 23 62 1 1 0
PNT 24 62 1 1 6
PNT 26 62 4 1 5
PNT 30 62 1 1 4
PNT 31 62 1 1 0
PNT 32 62 1 1 4
PNT 33 62 2 1 5
PNT 36 62 4 1 4
PNT 40 62 14 1 0
PNT 54 62 3 1 4
PNT 57 62 2 1 5
PNT 59 62 1 1 2
PNT 60 62 1 1 5
PNT 61 62 1 1 0
PNT 62 62 2 1 4
PNT 64 62 1 1 0
PNT 65 62 1 1 6
PNT 66 62 1 1 5
PNT 67 62 1 1 0
PNT 68 62 1 1 2
PNT 69 62 1 1 6
PNT 70 62 4 1 5
PNT 74 62 1 1 4
PNT 75 62 1 1 5
PNT 76 62 52 1 0
PNT 0 63 6 1 0
PNT 6 63 3 1 3
PNT 9 63 1 1 0
PNT 10 63 1 1 3
PNT 11 63 11 1 0
PNT 22 63 1 1 5
PNT 23 63 1 1 0
PNT 24 63 1 1 2
PNT 25 63 1 1 6
PNT 26 63 4 1 5
PNT 30 63 1 1 4
PNT 31 63 1 1 0
PNT 32 63 1 1 4
PNT 33 63 1 1 5
PNT 34 63 1 1 2
PNT 35 63 1 1 5
PNT 36 63 4 1 4
PNT 40 63 15 1 0
PNT 55 63 2 1 4
PNT 57 63 3 1 5
PNT 61 63 1 1 0
PNT 62 63 2 1 4
PNT 64 63 1 1 0
PNT 65 63 1 1 6
PNT 66 63 1 1 5
PNT 67 63 1 1 0
PNT 68 63 2 1 6
PNT 70 63 4 1 5
PNT 74 63 1 1 4
PNT 75 63 1 1 5
PNT 76 63 52 1 0
PNT 5 64 1 1 3
PNT 7 64 3 1 3
PNT 22 64 1 1 5
PNT 24 64 1 1 6
PNT 26 64 4 1 5
PNT 30 64 1 1 4
PNT 32 64 1 1 4
PNT 33 64 2 1 5
PNT 36 64 4 1 4
PNT 55 64 3 1 4
PNT 58 64 2 1 5
PNT 60 64 1 1 2
PNT 61 64 1 1 5
PNT 62 64 2 1 4
PNT 65 64 1 1 6
PNT 66 64 1 1 5
PNT 68 64 1 1 2
PNT 69 64 1 1 6
PNT 70 64 4 1 5
PNT 74 64 1 1 4
PNT 75 64 1 1 5
PNT 8 65 2 1 3
PNT 22 65 1 1 5
PNT 24 65 1 1 2
PNT 25 65 1 1 6
PNT 26 65 4 1 5
PNT 30 65 1 1 4
PNT 32 65 1 1 4
PNT 33 65 1 1 5
PNT 34 65 1 1 2
PNT 35 65 1 1 5
PNT 36 65 4 1 4
PNT 55 65 3 1 4
PNT 58 65 1 1 3
PNT 59 65 2 1 5
PNT 62 65 2 1 4
PNT 65 65 1 1 6
PNT 66 65 1 1 5
PNT 67 65 2 1 6
PNT 69 65 4 1 5
PNT 73 65 1 1 4
PNT 75 65 1 1 5
PNT 0 66 6 1 0
PNT 6 66 1 1 2
PNT 7 66 2 1 0
PNT 9 66 1 1 3
PNT 10 66 12 1 0
PNT 22 66 1 1 5
PNT 23 66 1 1 0
PNT 24 66 1 1 6
PNT 26 66 4 1 5
PNT 30 66 1 1 4
PNT 31 66 1 1 0
PNT 32 66 1 1 4
PNT 33 66 2 1 5
PNT 36 66 4 1 4
PNT 40 66 15 1 0
PNT 55 66 3 1 4
PNT 58 66 2 1 5
PNT 60 66 1 1 2
PNT 61 66 1 1 5
PNT 62 66 3 1 4
PNT 65 66 1 1 6
PNT 66 66 1 1 5
PNT 67 66 1 1 2
PNT 68 66 1 1 6
PNT 69 66 4 1 5
PNT 73 66 1 1 4
PNT 74 66 1 1 5
PNT 75 66 53 1 0
PNT 0 67 22 1 0
PNT 22 67 1 1 5
PNT 23 67 1 1 0
PNT 24 67 1 1 2
PNT 25 67 1 1 6
PNT 26 67 4 1 5
PNT 30 67 1 1 4
PNT 31 67 1 1 0
PNT 32 67 1 1 4
PNT 33 67 1 1 5
PNT 34 67 1 1 2
PNT 35 67 1 1 5
PNT 36 67 4 1 4
PNT 40 67 16 1 0
PNT 56 67 2 1 4
PNT 58 67 1 1 5
PNT 59 67 1 1 4
PNT 60 67 1 1 5
PNT 62 67 2 1 4
PNT 64 67 1 1 0
PNT 65 67 1 1 6
PNT 66 67 1 1 5
PNT 67 67 2 1 6
PNT 69 67 4 1 5
PNT 73 67 1 1 4
PNT 74 67 1 1 5
PNT 75 67 53 1 0
PNT 22 68 1 1 5
PNT 23 68 1 1 6
PNT 24 68 1 1 7
PNT 25 68 1 1 6
PNT 26 68 5 1 5
PNT 32 68 1 1 4
PNT 33 68 1 1 5
PNT 34 68 1 1 6
PNT 35 68 1 1 5
PNT 36 68 4 1 4
PNT 56 68 3 1 4
PNT 59 68 2 1 5
PNT 61 68 1 1 2
PNT 62 68 1 1 4
PNT 65 68 1 1 6
PNT 66 68 1 1 5
PNT 67 68 1 1 2
PNT 68 68 1 1 6
PNT 69 68 4 1 5
PNT 73 68 1 1 4
PNT 74 68 1 1 5
PNT 22 69 1 1 5
PNT 23 69 2 1 7
PNT 25 69 1 1 6
PNT 26 69 2 1 5
PNT 28 69 1 1 6
PNT 29 69 2 1 5
PNT 31 69 2 1 4
PNT 33 69 2 1 6
PNT 35 69 1 1 5
PNT 36 69 1 1 4
PNT 37 69 1 1 6
PNT 38 69 1 1 5
PNT 39 69 1 1 4
PNT 56 69 8 1 6
PNT 65 69 2 1 5
PNT 67 69 1 1 7
PNT 68 69 1 1 6
PNT 69 69 1 1 5
PNT 70 69 1 1 6
PNT 71 69 1 1 5
PNT 72 69 1 1 4
PNT 73 69 1 1 5
PNT 0 70 21 1 2
PNT 21 70 1 1 6
PNT 22 70 6 1 7
PNT 28 70 2 1 5
PNT 30 70 1 1 2
PNT 31 70 1 1 4
PNT 32 70 6 1 6
PNT 38 70 2 1 5
PNT 40 70 17 1 2
PNT 57 70 1 1 5
PNT 58 70 6 1 6
PNT 64 70 1 1 2
PNT 65 70 6 1 7
PNT 71 70 1 1 6
PNT 72 70 1 1 4
PNT 73 70 1 1 5
PNT 74 70 54 1 2
PNT 0 71 16 1 2
PNT 19 71 3 1 2
PNT 22 71 6 1 7
PNT 28 71 4 1 2
PNT 32 71 6 1 6
PNT 38 71 11 1 2
PNT 51 71 8 1 2
PNT 59 71 1 1 4
PNT 60 71 5 1 2
PNT 65 71 8 1 7
PNT 73 71 1 1 6
PNT 74 71 7 1 2
PNT 83 71 13 1 2
PNT 99 71 13 1 2
PNT 115 71 9 1 2
PNT 127 71 1 1 2
PNT 0 72 18 1 3
PNT 18 72 71 1 2
PNT 89 72 39 1 3
PNT 0 73 20 1 2
PNT 87 73 41 1 2
PNT 16 76 2 1 2
PNT 22 76 2 1 2
PNT 27 76 5 1 2
PNT 50 76 14 1 2
PNT 82 76 6 1 2
PNT 90 76 6 1 2
PNT 112 76 8 1 2
PNT 123 76 5 1 2
PNT 0 80 24 1 2
PNT 26 80 38 1 2
PNT 66 80 38 1 2
PNT 106 80 22 1 2
PNT 0 82 8 1 2
PNT 18 82 54 1 2
PNT 80 82 14 1 2
PNT 98 82 30 1 2
PNT 0 83 24 1 2
PNT 32 83 2 1 2
PNT 38 83 18 1 2
PNT 64 83 10 1 2
PNT 78 83 10 1 2
PNT 96 83 18 1 2
PNT 118 83 2 1 2
PNT 0 86 24 1 2
PNT 30 86 50 1 2
PNT 86 86 42 1 2
PNT 0 87 52 1 2
PNT 58 87 50 1 2
PNT 114 87 14 1 2
PNT 0 88 128 1 2
PNT 0 89 128 1 2
PNT 0 90 128 1 2
PNT 0 91 128 1 2
PNT 0 92 128 1 2
PNT 0 93 128 1 2
PNT 0 94 128 1 2
PNT 0 95 128 1 2
REC 1
C FRAME 11
CLR 1
PNT 0 6 128 1 0
PNT 0 7 128 1 0
PNT 110 8 1 1 5
PNT 109 9 1 1 5
PNT 116 9 1 1 5
PNT 0 10 20 1 0
PNT 22 10 62 1 0
PNT 86 10 19 1 0
PNT 105 10 1 1 5
PNT 106 10 1 1 0
PNT 107 10 1 1 7
PNT 108 10 2 1 5
PNT 110 10 5 1 0
PNT 115 10 1 1 5
PNT 116 10 12 1 0
PNT 0 11 105 1 0
PNT 105 11 1 1 5
PNT 106 11 2 1 0
PNT 108 11 1 1 5
PNT 109 11 3 1 0
PNT 112 11 1 1 5
PNT 113 11 1 1 0
PNT 114 11 1 1 7
PNT 115 11 2 1 5
PNT 117 11 11 1 0
PNT 106 12 2 1 5
PNT 108 12 1 1 6
PNT 109 12 1 1 5
PNT 112 12 1 1 5
PNT 114 12 2 1 5
PNT 106 13 2 1 5
PNT 108 13 1 1 6
PNT 109 13 1 1 5
PNT 113 13 1 1 5
PNT 114 13 1 1 6
PNT 115 13 1 1 5
PNT 0 14 105 1 0
PNT 105 14 2 1 5
PNT 107 14 1 1 7
PNT 108 14 1 1 5
PNT 109 14 4 1 0
PNT 113 14 3 1 5
PNT 116 14 12 1 0
PNT 0 15 105 1 0
PNT 105 15 4 1 5
PNT 109 15 4 1 0
PNT 113 15 1 1 7
PNT 114 15 1 1 5
PNT 115 15 13 1 0
PNT 106 16 2 1 5
PNT 113 16 3 1 5
PNT 86 17 1 1 4
PNT 106 17 2 1 5
PNT 108 17 3 1 6
PNT 112 17 1 1 5
PNT 114 17 1 1 5
PNT 0 18 6 1 0
PNT 10 18 52 1 0
PNT 64 18 2 1 0
PNT 66 18 1 1 3
PNT 67 18 18 1 0
PNT 85 18 1 1 4
PNT 86 18 1 1 0
PNT 87 18 1 1 4
PNT 88 18 6 1 0
PNT 96 18 7 1 0
PNT 103 18 11 1 7
PNT 114 18 1 1 6
PNT 115 18 13 1 0
PNT 0 19 10 1 0
PNT 13 19 17 1 0
PNT 32 19 35 1 0
PNT 67 19 2 1 3
PNT 69 19 15 1 0
PNT 84 19 1 1 5
PNT 85 19 1 1 0
PNT 86 19 1 1 4
PNT 87 19 1 1 0
PNT 88 19 1 1 4
PNT 89 19 12 1 0
PNT 101 19 2 1 7
PNT 103 19 1 1 6
PNT 104 19 1 1 7
PNT 105 19 5 1 5
PNT 110 19 1 1 7
PNT 111 19 1 1 5
PNT 113 19 1 1 5
PNT 114 19 2 1 7
PNT 116 19 2 1 0
PNT 118 19 2 1 4
PNT 120 19 8 1 0
PNT 68 20 2 1 3
PNT 70 20 1 1 4
PNT 84 20 1 1 5
PNT 98 20 1 1 3
PNT 99 20 1 1 2
PNT 100 20 1 1 3
PNT 101 20 3 1 2
PNT 104 20 2 1 5
PNT 106 20 5 1 3
PNT 111 20 3 1 5
PNT 114 20 1 1 2
PNT 115 20 1 1 5
PNT 116 20 2 1 7
PNT 74 21 1 1 4
PNT 83 21 1 1 5
PNT 85 21 1 1 5
PNT 87 21 1 1 4
PNT 97 21 1 1 2
PNT 98 21 1 1 7
PNT 99 21 1 1 6
PNT 101 21 1 1 2
PNT 106 21 5 1 5
PNT 111 21 2 1 3
PNT 113 21 3 1 5
PNT 116 21 1 1 7
PNT 117 21 1 1 4
PNT 118 21 1 1 7
PNT 0 22 22 1 0
PNT 26 22 16 1 0
PNT 45 22 27 1 0
PNT 72 22 2 1 4
PNT 77 22 6 1 0
PNT 83 22 1 1 5
PNT 84 22 1 1 0
PNT 85 22 1 1 5
PNT 86 22 8 1 0
PNT 95 22 1 1 0
PNT 96 22 1 1 3
PNT 97 22 1 1 6
PNT 99 22 2 1 2
PNT 103 22 3 1 2
PNT 109 22 2 1 0
PNT 111 22 1 1 7
PNT 112 22 1 1 6
PNT 113 22 3 1 5
PNT 116 22 2 1 4
PNT 118 22 1 1 2
PNT 119 22 1 1 7
PNT 120 22 8 1 0
PNT 0 23 26 1 0
PNT 29 23 17 1 0
PNT 48 23 26 1 0
PNT 74 23 2 1 4
PNT 76 23 1 1 0
PNT 77 23 1 1 5
PNT 80 23 2 1 0
PNT 82 23 1 1 5
PNT 83 23 1 1 0
PNT 84 23 1 1 5
PNT 85 23 1 1 0
PNT 86 23 1 1 5
PNT 87 23 7 1 0
PNT 94 23 2 1 2
PNT 97 23 1 1 2
PNT 98 23 1 1 6
PNT 100 23 1 1 3
PNT 101 23 2 1 5
PNT 104 23 1 1 3
PNT 105 23 1 1 5
PNT 106 23 1 1 4
PNT 107 23 1 1 3
PNT 108 23 1 1 2
PNT 112 23 2 1 2
PNT 114 23 1 1 3
PNT 115 23 5 1 4
PNT 121 23 1 1 4
PNT 122 23 6 1 0
PNT 76 24 1 1 4
PNT 77 24 1 1 5
PNT 79 24 2 1 5
PNT 82 24 1 1 5
PNT 84 24 1 1 5
PNT 94 24 1 1 3
PNT 95 24 1 1 2
PNT 96 24 1 1 6
PNT 98 24 1 1 3
PNT 99 24 1 1 2
PNT 102 24 4 1 4
PNT 106 24 1 1 3
PNT 107 24 1 1 2
PNT 114 24 2 1 2
PNT 116 24 1 1 5
PNT 117 24 5 1 4
PNT 122 24 1 1 2
PNT 78 25 2 1 5
PNT 81 25 3 1 5
PNT 85 25 1 1 5
PNT 93 25 1 1 2
PNT 94 25 1 1 7
PNT 95 25 2 1 6
PNT 97 25 1 1 2
PNT 99 25 1 1 6
PNT 100 25 1 1 5
PNT 101 25 1 1 6
PNT 102 25 3 1 4
PNT 105 25 1 1 3
PNT 106 25 1 1 2
PNT 109 25 1 1 2
PNT 112 25 1 1 2
PNT 113 25 2 1 3
PNT 116 25 1 1 2
PNT 117 25 1 1 4
PNT 118 25 1 1 7
PNT 119 25 1 1 4
PNT 120 25 1 1 7
PNT 0 26 80 1 0
PNT 80 26 2 1 5
PNT 82 26 1 1 0
PNT 83 26 2 1 5
PNT 85 26 5 1 0
PNT 91 26 1 1 0
PNT 92 26 1 1 3
PNT 93 26 1 1 2
PNT 94 26 1 1 6
PNT 96 26 1 1 3
PNT 97 26 5 1 6
PNT 102 26 2 1 7
PNT 104 26 1 1 3
PNT 105 26 1 1 4
PNT 109 26 3 1 6
PNT 112 26 1 1 5
PNT 113 26 1 1 2
PNT 118 26 2 1 4
PNT 120 26 1 1 3
PNT 121 26 7 1 0
PNT 0 27 80 1 0
PNT 80 27 1 1 5
PNT 81 27 1 1 0
PNT 82 27 4 1 5
PNT 86 27 4 1 0
PNT 90 27 1 1 2
PNT 91 27 1 1 7
PNT 93 27 2 1 6
PNT 95 27 1 1 2
PNT 97 27 1 1 5
PNT 98 27 2 1 6
PNT 101 27 2 1 6
PNT 103 27 2 1 4
PNT 105 27 1 1 7
PNT 106 27 2 1 5
PNT 108 27 1 1 3
PNT 112 27 1 1 3
PNT 113 27 3 1 5
PNT 116 27 1 1 4
PNT 117 27 1 1 5
PNT 118 27 1 1 4
PNT 119 27 1 1 7
PNT 120 27 8 1 0
PNT 80 28 1 1 6
PNT 81 28 1 1 0
PNT 82 28 1 1 7
PNT 83 28 1 1 6
PNT 84 28 2 1 5
PNT 90 28 1 1 6
PNT 91 28 1 1 2
PNT 92 28 1 1 6
PNT 94 28 1 1 3
PNT 95 28 1 1 6
PNT 96 28 1 1 5
PNT 97 28 5 1 6
PNT 104 28 1 1 4
PNT 105 28 1 1 5
PNT 106 28 2 1 7
PNT 108 28 1 1 5
PNT 109 28 1 1 2
PNT 110 28 1 1 3
PNT 111 28 1 1 2
PNT 112 28 2 1 5
PNT 114 28 1 1 4
PNT 116 28 1 1 4
PNT 117 28 2 1 7
PNT 78 29 1 1 6
PNT 79 29 1 1 0
PNT 80 29 1 1 7
PNT 81 29 1 1 6
PNT 82 29 1 1 7
PNT 83 29 1 1 6
PNT 84 29 1 1 0
PNT 86 29 1 1 5
PNT 89 29 1 1 6
PNT 90 29 1 1 7
PNT 91 29 2 1 6
PNT 93 29 1 1 2
PNT 95 29 1 1 5
PNT 96 29 2 1 6
PNT 99 29 3 1 6
PNT 103 29 1 1 4
PNT 106 29 1 1 4
PNT 107 29 1 1 5
PNT 108 29 3 1 7
PNT 114 29 1 1 4
PNT 115 29 2 1 7
PNT 117 29 1 1 4
PNT 0 30 10 1 0
PNT 12 30 54 1 0
PNT 68 30 8 1 0
PNT 76 30 1 1 6
PNT 77 30 1 1 0
PNT 78 30 1 1 7
PNT 79 30 1 1 6
PNT 80 30 1 1 7
PNT 81 30 1 1 5
PNT 82 30 1 1 0
PNT 83 30 1 1 2
PNT 84 30 1 1 6
PNT 85 30 1 1 0
PNT 87 30 2 1 6
PNT 89 30 1 1 7
PNT 90 30 1 1 3
PNT 92 30 1 1 3
PNT 93 30 2 1 5
PNT 95 30 3 1 6
PNT 100 30 2 1 0
PNT 102 30 1 1 4
PNT 103 30 2 1 0
PNT 105 30 1 1 4
PNT 106 30 4 1 0
PNT 110 30 1 1 5
PNT 111 30 4 1 7
PNT 115 30 1 1 4
PNT 116 30 2 1 0
PNT 118 30 1 1 4
PNT 119 30 9 1 0
PNT 0 31 14 1 0
PNT 16 31 18 1 0
PNT 36 31 38 1 0
PNT 74 31 1 1 6
PNT 75 31 1 1 0
PNT 76 31 1 1 7
PNT 77 31 1 1 6
PNT 78 31 1 1 7
PNT 79 31 1 1 5
PNT 80 31 1 1 0
PNT 81 31 1 1 2
PNT 83 31 2 1 5
PNT 85 31 1 1 4
PNT 86 31 1 1 2
PNT 87 31 1 1 6
PNT 89 31 2 1 7
PNT 91 31 1 1 2
PNT 93 31 3 1 6
PNT 97 31 3 1 6
PNT 100 31 4 1 0
PNT 104 31 1 1 4
PNT 105 31 11 1 0
PNT 116 31 1 1 4
PNT 117 31 11 1 0
PNT 72 32 1 1 6
PNT 73 32 1 1 0
PNT 74 32 1 1 7
PNT 75 32 1 1 6
PNT 76 32 1 1 7
PNT 77 32 1 1 5
PNT 78 32 1 1 0
PNT 79 32 1 1 2
PNT 81 32 2 1 5
PNT 83 32 1 1 4
PNT 85 32 2 1 6
PNT 87 32 1 1 2
PNT 88 32 1 1 7
PNT 89 32 1 1 2
PNT 92 32 2 1 6
PNT 96 32 2 1 6
PNT 70 33 1 1 5
PNT 71 33 1 1 0
PNT 72 33 2 1 6
PNT 76 33 1 1 0
PNT 77 33 1 1 2
PNT 80 33 1 1 5
PNT 81 33 2 1 4
PNT 83 33 1 1 7
PNT 85 33 1 1 6
PNT 87 33 1 1 7
PNT 88 33 1 1 5
PNT 89 33 1 1 2
PNT 91 33 3 1 6
PNT 95 33 1 1 6
PNT 0 34 26 1 0
PNT 28 34 2 1 0
PNT 32 34 16 1 0
PNT 51 34 17 1 0
PNT 68 34 1 1 5
PNT 69 34 1 1 0
PNT 70 34 1 1 6
PNT 71 34 1 1 5
PNT 72 34 1 1 6
PNT 73 34 1 1 5
PNT 74 34 1 1 0
PNT 75 34 1 1 2
PNT 77 34 2 1 5
PNT 79 34 1 1 4
PNT 83 34 1 1 4
PNT 84 34 1 1 6
PNT 85 34 1 1 2
PNT 86 34 1 1 6
PNT 87 34 1 1 7
PNT 88 34 1 1 3
PNT 89 34 1 1 5
PNT 90 34 6 1 6
PNT 96 34 16 1 0
PNT 115 34 13 1 0
PNT 0 35 32 1 0
PNT 35 35 9 1 0
PNT 44 35 6 1 7
PNT 52 35 8 1 7
PNT 60 35 1 1 6
PNT 61 35 5 1 0
PNT 66 35 1 1 5
PNT 67 35 1 1 0
PNT 68 35 1 1 6
PNT 69 35 1 1 5
PNT 70 35 1 1 6
PNT 71 35 1 1 4
PNT 72 35 1 1 0
PNT 73 35 1 1 2
PNT 75 35 2 1 5
PNT 77 35 2 1 4
PNT 79 35 1 1 6
PNT 80 35 2 1 4
PNT 85 35 1 1 6
PNT 86 35 1 1 7
PNT 87 35 1 1 2
PNT 89 35 3 1 6
PNT 93 35 3 1 6
PNT 96 35 18 1 0
PNT 116 35 12 1 0
PNT 38 36 1 1 2
PNT 40 36 4 1 7
PNT 44 36 14 1 6
PNT 58 36 1 1 2
PNT 59 36 1 1 6
PNT 60 36 4 1 7
PNT 64 36 1 1 4
PNT 65 36 1 1 0
PNT 66 36 1 1 6
PNT 67 36 1 1 5
PNT 68 36 1 1 6
PNT 69 36 1 1 4
PNT 70 36 1 1 0
PNT 71 36 1 1 2
PNT 73 36 4 1 4
PNT 77 36 1 1 6
PNT 78 36 2 1 4
PNT 80 36 1 1 6
PNT 81 36 1 1 5
PNT 82 36 3 1 6
PNT 86 36 1 1 7
PNT 87 36 1 1 2
PNT 88 36 6 1 6
PNT 34 37 1 1 2
PNT 36 37 4 1 7
PNT 40 37 2 1 6
PNT 42 37 1 1 2
PNT 43 37 1 1 6
PNT 44 37 1 1 2
PNT 45 37 1 1 6
PNT 46 37 1 1 2
PNT 47 37 15 1 6
PNT 62 37 1 1 2
PNT 63 37 1 1 0
PNT 64 37 4 1 7
PNT 68 37 1 1 0
PNT 69 37 1 1 2
PNT 71 37 2 1 4
PNT 73 37 1 1 3
PNT 74 37 1 1 4
PNT 75 37 1 1 6
PNT 76 37 2 1 4
PNT 78 37 4 1 5
PNT 83 37 1 1 6
PNT 85 37 2 1 7
PNT 87 37 2 1 6
PNT 89 37 1 1 5
PNT 91 37 3 1 6
PNT 0 38 10 1 0
PNT 10 38 1 1 2
PNT 11 38 19 1 0
PNT 30 38 1 1 2
PNT 31 38 1 1 0
PNT 32 38 4 1 7
PNT 36 38 2 1 6
PNT 38 38 1 1 2
PNT 39 38 1 1 6
PNT 40 38 1 1 2
PNT 41 38 1 1 6
PNT 42 38 1 1 7
PNT 43 38 1 1 0
PNT 44 38 3 1 7
PNT 47 38 1 1 0
PNT 48 38 3 1 7
PNT 51 38 1 1 0
PNT 52 38 1 1 7
PNT 54 38 1 1 7
PNT 55 38 1 1 0
PNT 56 38 1 1 6
PNT 58 38 1 1 6
PNT 60 38 1 1 6
PNT 61 38 1 1 0
PNT 62 38 1 1 5
PNT 64 38 1 1 5
PNT 65 38 1 1 4
PNT 66 38 1 1 0
PNT 67 38 1 1 2
PNT 69 38 3 1 7
PNT 72 38 1 1 3
PNT 73 38 1 1 6
PNT 74 38 2 1 4
PNT 76 38 2 1 0
PNT 78 38 1 1 6
PNT 79 38 3 1 5
PNT 84 38 1 1 3
PNT 85 38 1 1 7
PNT 86 38 1 1 3
PNT 87 38 1 1 6
PNT 88 38 4 1 5
PNT 92 38 36 1 0
PNT 0 39 9 1 0
PNT 9 39 1 1 3
PNT 10 39 18 1 0
PNT 29 39 3 1 7
PNT 32 39 2 1 4
PNT 34 39 1 1 2
PNT 35 39 1 1 6
PNT 36 39 1 1 2
PNT 37 39 1 1 6
PNT 38 39 1 1 7
PNT 39 39 1 1 0
PNT 40 39 5 1 7
PNT 45 39 1 1 0
PNT 46 39 2 1 7
PNT 48 39 1 1 0
PNT 49 39 2 1 7
PNT 51 39 1 1 0
PNT 52 39 2 1 7
PNT 54 39 1 1 0
PNT 55 39 4 1 7
PNT 59 39 1 1 0
PNT 60 39 2 1 6
PNT 62 39 1 1 5
PNT 63 39 2 1 3
PNT 65 39 1 1 2
PNT 67 39 2 1 4
PNT 69 39 1 1 3
PNT 70 39 1 1 2
PNT 71 39 1 1 5
PNT 72 39 4 1 7
PNT 76 39 2 1 0
PNT 78 39 2 1 5
PNT 81 39 2 1 5
PNT 83 39 1 1 2
PNT 84 39 1 1 7
PNT 85 39 1 1 5
PNT 86 39 1 1 6
PNT 87 39 1 1 5
PNT 89 39 3 1 5
PNT 92 39 36 1 0
PNT 6 40 1 1 4
PNT 8 40 1 1 3
PNT 11 40 1 1 6
PNT 25 40 2 1 6
PNT 27 40 2 1 7
PNT 29 40 3 1 4
PNT 32 40 1 1 2
PNT 33 40 1 1 6
PNT 34 40 1 1 7
PNT 35 40 1 1 0
PNT 36 40 3 1 7
PNT 39 40 1 1 0
PNT 40 40 1 1 7
PNT 42 40 1 1 7
PNT 43 40 1 1 6
PNT 44 40 1 1 2
PNT 45 40 1 1 5
PNT 46 40 1 1 7
PNT 48 40 2 1 5
PNT 50 40 1 1 7
PNT 51 40 2 1 5
PNT 54 40 1 1 7
PNT 55 40 1 1 5
PNT 56 40 1 1 7
PNT 57 40 1 1 0
PNT 58 40 2 1 7
PNT 60 40 1 1 4
PNT 61 40 1 1 5
PNT 62 40 1 1 7
PNT 63 40 1 1 2
PNT 65 40 2 1 3
PNT 67 40 2 1 6
PNT 70 40 1 1 6
PNT 73 40 2 1 5
PNT 75 40 1 1 6
PNT 76 40 3 1 7
PNT 79 40 3 1 5
PNT 82 40 1 1 2
PNT 83 40 1 1 7
PNT 84 40 1 1 5
PNT 85 40 1 1 2
PNT 86 40 2 1 5
PNT 89 40 1 1 5
PNT 5 41 1 1 4
PNT 7 41 1 1 4
PNT 9 41 1 1 6
PNT 12 41 1 1 6
PNT 23 41 2 1 6
PNT 25 41 2 1 7
PNT 27 41 1 1 4
PNT 28 41 1 1 2
PNT 29 41 1 1 6
PNT 30 41 1 1 2
PNT 31 41 1 1 0
PNT 32 41 4 1 7
PNT 36 41 1 1 0
PNT 37 41 2 1 7
PNT 39 41 2 1 6
PNT 41 41 4 1 5
PNT 45 41 1 1 2
PNT 46 41 1 1 5
PNT 47 41 1 1 2
PNT 48 41 1 1 5
PNT 49 41 1 1 2
PNT 50 41 1 1 5
PNT 51 41 1 1 2
PNT 52 41 1 1 5
PNT 53 41 1 1 2
PNT 54 41 1 1 5
PNT 55 41 2 1 2
PNT 57 41 1 1 5
PNT 58 41 1 1 7
PNT 59 41 1 1 5
PNT 60 41 1 1 3
PNT 61 41 1 1 5
PNT 63 41 1 1 0
PNT 64 41 2 1 7
PNT 66 41 1 1 6
PNT 67 41 1 1 0
PNT 68 41 1 1 3
PNT 69 41 4 1 6
PNT 74 41 1 1 2
PNT 75 41 1 1 6
PNT 77 41 2 1 5
PNT 79 41 2 1 7
PNT 81 41 1 1 5
PNT 82 41 2 1 7
PNT 84 41 1 1 6
PNT 85 41 1 1 5
PNT 87 41 2 1 5
PNT 89 41 1 1 2
PNT 0 42 4 1 0
PNT 4 42 1 1 5
PNT 5 42 1 1 0
PNT 6 42 4 1 4
PNT 10 42 1 1 6
PNT 11 42 1 1 0
PNT 12 42 1 1 6
PNT 13 42 8 1 0
PNT 21 42 1 1 7
PNT 22 42 1 1 6
PNT 23 42 2 1 7
PNT 25 42 1 1 5
PNT 26 42 1 1 2
PNT 27 42 1 1 0
PNT 28 42 1 1 6
PNT 29 42 1 1 7
PNT 30 42 2 1 6
PNT 32 42 1 1 7
PNT 33 42 1 1 0
PNT 34 42 1 1 7
PNT 36 42 1 1 6
PNT 37 42 3 1 5
PNT 40 42 1 1 0
PNT 42 42 1 1 5
PNT 43 42 1 1 0
PNT 44 42 1 1 5
PNT 46 42 1 1 0
PNT 47 42 2 1 5
PNT 49 42 1 1 0
PNT 50 42 2 1 5
PNT 52 42 2 1 0
PNT 54 42 1 1 5
PNT 55 42 1 1 0
PNT 56 42 1 1 5
PNT 57 42 1 1 2
PNT 58 42 1 1 0
PNT 59 42 1 1 2
PNT 60 42 1 1 5
PNT 61 42 1 1 2
PNT 62 42 1 1 7
PNT 63 42 1 1 5
PNT 64 42 1 1 7
PNT 65 42 1 1 2
PNT 66 42 1 1 0
PNT 67 42 1 1 7
PNT 68 42 1 1 6
PNT 69 42 1 1 2
PNT 70 42 1 1 6
PNT 71 42 1 1 0
PNT 72 42 2 1 6
PNT 77 42 4 1 5
PNT 81 42 1 1 7
PNT 82 42 2 1 6
PNT 84 42 1 1 3
PNT 85 42 1 1 5
PNT 86 42 1 1 2
PNT 88 42 1 1 2
PNT 89 42 39 1 0
PNT 0 43 3 1 0
PNT 3 43 4 1 5
PNT 7 43 2 1 4
PNT 9 43 1 1 0
PNT 10 43 2 1 4
PNT 12 43 1 1 0
PNT 13 43 1 1 6
PNT 14 43 1 1 0
PNT 15 43 1 1 7
PNT 16 43 3 1 6
PNT 19 43 2 1 7
PNT 21 43 1 1 2
PNT 22 43 1 1 7
PNT 23 43 1 1 5
PNT 24 43 1 1 2
PNT 25 43 1 1 5
PNT 26 43 1 1 6
PNT 27 43 1 1 7
PNT 28 43 2 1 6
PNT 30 43 1 1 7
PNT 31 43 1 1 6
PNT 32 43 1 1 2
PNT 33 43 2 1 6
PNT 35 43 2 1 5
PNT 37 43 1 1 0
PNT 38 43 2 1 5
PNT 40 43 1 1 3
PNT 41 43 1 1 5
PNT 43 43 1 1 5
PNT 44 43 1 1 3
PNT 45 43 1 1 6
PNT 47 43 1 1 5
PNT 48 43 1 1 3
PNT 49 43 1 1 6
PNT 51 43 1 1 5
PNT 52 43 1 1 3
PNT 53 43 1 1 6
PNT 55 43 1 1 5
PNT 56 43 1 1 3
PNT 58 43 2 1 5
PNT 60 43 3 1 2
PNT 63 43 1 1 5
PNT 64 43 1 1 2
PNT 65 43 1 1 5
PNT 66 43 1 1 7
PNT 67 43 3 1 4
PNT 70 43 1 1 3
PNT 71 43 1 1 6
PNT 73 43 2 1 6
PNT 75 43 1 1 0
PNT 76 43 1 1 6
PNT 78 43 1 1 2
PNT 79 43 1 1 6
PNT 81 43 2 1 6
PNT 83 43 1 1 2
PNT 84 43 1 1 5
PNT 85 43 1 1 2
PNT 86 43 1 1 5
PNT 87 43 1 1 2
PNT 88 43 2 1 4
PNT 90 43 38 1 0
PNT 2 44 1 1 5
PNT 3 44 3 1 4
PNT 6 44 1 1 5
PNT 7 44 1 1 0
PNT 8 44 5 1 4
PNT 13 44 1 1 7
PNT 14 44 1 1 2
PNT 15 44 4 1 6
PNT 19 44 1 1 2
PNT 20 44 1 1 7
PNT 21 44 1 1 3
PNT 22 44 2 1 5
PNT 24 44 1 1 6
PNT 25 44 2 1 7
PNT 27 44 1 1 6
PNT 29 44 1 1 2
PNT 30 44 2 1 5
PNT 32 44 1 1 6
PNT 34 44 1 1 0
PNT 35 44 1 1 5
PNT 36 44 1 1 3
PNT 37 44 1 1 5
PNT 39 44 1 1 5
PNT 40 44 1 1 6
PNT 41 44 1 1 2
PNT 42 44 1 1 5
PNT 44 44 1 1 3
PNT 45 44 1 1 6
PNT 46 44 1 1 5
PNT 48 44 2 1 6
PNT 52 44 1 1 6
PNT 53 44 1 1 2
PNT 54 44 1 1 5
PNT 57 44 1 1 6
PNT 59 44 1 1 2
PNT 60 44 1 1 3
PNT 62 44 1 1 0
PNT 63 44 1 1 2
PNT 64 44 1 1 3
PNT 65 44 1 1 4
PNT 66 44 2 1 2
PNT 68 44 1 1 7
PNT 69 44 1 1 2
PNT 70 44 1 1 7
PNT 71 44 1 1 2
PNT 72 44 1 1 4
PNT 73 44 5 1 6
PNT 78 44 1 1 7
PNT 80 44 1 1 2
PNT 81 44 1 1 6
PNT 82 44 1 1 3
PNT 83 44 1 1 5
PNT 84 44 1 1 2
PNT 85 44 1 1 4
PNT 86 44 1 1 2
PNT 87 44 1 1 3
PNT 88 44 2 1 4
PNT 91 44 2 1 5
PNT 2 45 2 1 4
PNT 4 45 1 1 5
PNT 5 45 1 1 0
PNT 6 45 2 1 4
PNT 8 45 2 1 5
PNT 10 45 1 1 4
PNT 11 45 1 1 7
PNT 12 45 1 1 2
PNT 14 45 3 1 6
PNT 17 45 1 1 2
PNT 18 45 1 1 3
PNT 19 45 1 1 7
PNT 20 45 2 1 5
PNT 22 45 1 1 2
PNT 23 45 1 1 7
PNT 24 45 2 1 6
PNT 27 45 1 1 7
PNT 28 45 3 1 5
PNT 32 45 1 1 3
PNT 33 45 1 1 2
PNT 35 45 1 1 2
PNT 36 45 2 1 6
PNT 38 45 1 1 2
PNT 40 45 2 1 6
PNT 42 45 2 1 5
PNT 45 45 1 1 2
PNT 46 45 2 1 5
PNT 49 45 3 1 5
PNT 53 45 3 1 5
PNT 57 45 1 1 5
PNT 58 45 1 1 2
PNT 60 45 2 1 6
PNT 62 45 1 1 4
PNT 63 45 1 1 2
PNT 64 45 6 1 6
PNT 70 45 1 1 2
PNT 71 45 1 1 7
PNT 72 45 1 1 3
PNT 73 45 1 1 6
PNT 74 45 1 1 7
PNT 75 45 1 1 6
PNT 77 45 1 1 2
PNT 78 45 1 1 0
PNT 79 45 1 1 2
PNT 80 45 1 1 6
PNT 81 45 1 1 2
PNT 82 45 1 1 5
PNT 83 45 1 1 2
PNT 84 45 1 1 3
PNT 85 45 1 1 2
PNT 86 45 2 1 4
PNT 88 45 1 1 2
PNT 89 45 2 1 5
PNT 0 46 1 1 0
PNT 1 46 1 1 5
PNT 2 46 1 1 6
PNT 3 46 1 1 0
PNT 4 46 2 1 4
PNT 6 46 2 1 5
PNT 8 46 1 1 4
PNT 9 46 1 1 7
PNT 10 46 1 1 2
PNT 12 46 1 1 7
PNT 13 46 1 1 6
PNT 14 46 1 1 4
PNT 15 46 1 1 6
PNT 16 46 1 1 3
PNT 17 46 1 1 6
PNT 18 46 1 1 7
PNT 19 46 1 1 5
PNT 20 46 1 1 6
PNT 21 46 1 1 7
PNT 22 46 1 1 6
PNT 23 46 1 1 3
PNT 25 46 1 1 7
PNT 26 46 3 1 5
PNT 30 46 2 1 5
PNT 32 46 1 1 2
PNT 33 46 1 1 6
PNT 34 46 1 1 5
PNT 36 46 1 1 6
PNT 37 46 1 1 2
PNT 38 46 2 1 5
PNT 41 46 1 1 5
PNT 43 46 2 1 5
PNT 46 46 1 1 3
PNT 47 46 2 1 5
PNT 51 46 2 1 5
PNT 55 46 2 1 5
PNT 59 46 1 1 5
PNT 61 46 1 1 4
PNT 62 46 1 1 3
PNT 63 46 2 1 6
PNT 65 46 1 1 7
PNT 66 46 1 1 6
PNT 67 46 1 1 7
PNT 68 46 5 1 6
PNT 73 46 1 1 2
PNT 75 46 2 1 4
PNT 77 46 1 1 6
PNT 78 46 1 1 2
PNT 79 46 1 1 6
PNT 80 46 2 1 3
PNT 82 46 1 1 2
PNT 83 46 1 1 5
PNT 84 46 1 1 3
PNT 85 46 1 1 2
PNT 86 46 2 1 4
PNT 88 46 1 1 5
PNT 89 46 1 1 4
PNT 90 46 1 1 0
PNT 91 46 2 1 4
PNT 93 46 35 1 0
PNT 0 47 2 1 0
PNT 2 47 2 1 4
PNT 4 47 2 1 5
PNT 6 47 1 1 4
PNT 7 47 1 1 6
PNT 8 47 1 1 2
PNT 10 47 1 1 7
PNT 11 47 1 1 6
PNT 12 47 2 1 4
PNT 14 47 1 1 6
PNT 15 47 1 1 2
PNT 16 47 1 1 6
PNT 17 47 1 1 5
PNT 18 47 1 1 4
PNT 19 47 1 1 7
PNT 20 47 2 1 6
PNT 24 47 1 1 2
PNT 25 47 2 1 5
PNT 28 47 4 1 5
PNT 32 47 1 1 2
PNT 33 47 1 1 6
PNT 34 47 2 1 5
PNT 37 47 1 1 5
PNT 39 47 2 1 5
PNT 42 47 2 1 5
PNT 44 47 1 1 6
PNT 45 47 1 1 2
PNT 46 47 1 1 6
PNT 47 47 1 1 2
PNT 48 47 1 1 6
PNT 49 47 1 1 2
PNT 50 47 3 1 6
PNT 53 47 1 1 2
PNT 54 47 3 1 6
PNT 57 47 1 1 2
PNT 58 47 2 1 6
PNT 60 47 1 1 4
PNT 61 47 1 1 2
PNT 62 47 1 1 6
PNT 63 47 1 1 7
PNT 64 47 3 1 2
PNT 67 47 5 1 6
PNT 73 47 1 1 6
PNT 74 47 1 1 3
PNT 75 47 1 1 2
PNT 76 47 1 1 6
PNT 77 47 1 1 4
PNT 78 47 1 1 0
PNT 79 47 1 1 2
PNT 80 47 2 1 6
PNT 82 47 1 1 2
PNT 83 47 1 1 5
PNT 84 47 1 1 2
PNT 86 47 5 1 4
PNT 91 47 37 1 0
PNT 0 48 1 1 7
PNT 1 48 1 1 5
PNT 2 48 1 1 4
PNT 3 48 3 1 5
PNT 8 48 1 1 7
PNT 9 48 1 1 5
PNT 10 48 2 1 4
PNT 12 48 1 1 6
PNT 13 48 1 1 4
PNT 14 48 1 1 3
PNT 15 48 2 1 5
PNT 17 48 1 1 2
PNT 18 48 1 1 7
PNT 19 48 1 1 4
PNT 23 48 2 1 5
PNT 25 48 1 1 3
PNT 26 48 4 1 5
PNT 30 48 2 1 2
PNT 33 48 1 1 5
PNT 35 48 2 1 2
PNT 38 48 2 1 5
PNT 40 48 1 1 2
PNT 41 48 3 1 6
PNT 44 48 1 1 2
PNT 45 48 3 1 6
PNT 48 48 1 1 3
PNT 49 48 3 1 6
PNT 52 48 1 1 2
PNT 53 48 3 1 6
PNT 56 48 1 1 2
PNT 57 48 2 1 6
PNT 59 48 1 1 2
PNT 60 48 1 1 3
PNT 61 48 1 1 7
PNT 62 48 2 1 2
PNT 64 48 3 1 6
PNT 67 48 3 1 5
PNT 71 48 1 1 2
PNT 72 48 3 1 6
PNT 75 48 2 1 2
PNT 78 48 1 1 3
PNT 79 48 1 1 4
PNT 80 48 1 1 3
PNT 81 48 1 1 6
PNT 84 48 2 1 5
PNT 87 48 3 1 4
PNT 0 49 3 1 4
PNT 3 49 2 1 5
PNT 5 49 1 1 6
PNT 6 49 1 1 2
PNT 7 49 1 1 5
PNT 8 49 2 1 4
PNT 10 49 1 1 5
PNT 11 49 1 1 4
PNT 12 49 2 1 3
PNT 14 49 1 1 6
PNT 15 49 2 1 2
PNT 17 49 1 1 5
PNT 18 49 1 1 7
PNT 20 49 1 1 7
PNT 21 49 2 1 5
PNT 25 49 1 1 5
PNT 26 49 1 1 2
PNT 27 49 3 1 5
PNT 30 49 1 1 2
PNT 31 49 2 1 5
PNT 34 49 2 1 2
PNT 36 49 2 1 6
PNT 38 49 1 1 5
PNT 39 49 2 1 2
PNT 41 49 1 1 6
PNT 42 49 1 1 5
PNT 43 49 2 1 2
PNT 45 49 1 1 6
PNT 46 49 1 1 5
PNT 47 49 3 1 2
PNT 50 49 1 1 5
PNT 51 49 2 1 2
PNT 53 49 1 1 6
PNT 54 49 1 1 5
PNT 55 49 2 1 2
PNT 57 49 1 1 6
PNT 59 49 1 1 2
PNT 60 49 1 1 6
PNT 61 49 1 1 2
PNT 62 49 2 1 6
PNT 64 49 4 1 5
PNT 69 49 3 1 5
PNT 73 49 1 1 2
PNT 74 49 2 1 6
PNT 76 49 1 1 3
PNT 77 49 1 1 2
PNT 78 49 2 1 5
PNT 82 49 1 1 5
PNT 83 49 2 1 7
PNT 85 49 1 1 5
PNT 86 49 1 1 4
PNT 88 49 2 1 4
PNT 0 50 1 1 4
PNT 1 50 4 1 5
PNT 6 50 2 1 4
PNT 8 50 1 1 5
PNT 9 50 1 1 4
PNT 10 50 3 1 3
PNT 13 50 2 1 2
PNT 16 50 1 1 0
PNT 18 50 1 1 3
PNT 19 50 2 1 7
PNT 21 50 1 1 4
PNT 22 50 1 1 7
PNT 23 50 3 1 5
PNT 27 50 1 1 3
PNT 28 50 1 1 5
PNT 29 50 2 1 2
PNT 31 50 3 1 4
PNT 34 50 1 1 2
PNT 35 50 1 1 5
PNT 36 50 2 1 4
PNT 38 50 2 1 2
PNT 40 50 2 1 0
PNT 42 50 2 1 2
PNT 44 50 2 1 0
PNT 46 50 2 1 2
PNT 48 50 2 1 0
PNT 50 50 1 1 3
PNT 51 50 1 1 2
PNT 52 50 2 1 0
PNT 54 50 2 1 2
PNT 56 50 2 1 0
PNT 58 50 1 1 3
PNT 60 50 1 1 0
PNT 62 50 1 1 3
PNT 63 50 1 1 5
PNT 65 50 1 1 4
PNT 68 50 2 1 4
PNT 70 50 5 1 5
PNT 75 50 1 1 4
PNT 77 50 3 1 5
PNT 80 50 3 1 7
PNT 83 50 1 1 5
PNT 85 50 1 1 5
PNT 86 50 2 1 0
PNT 89 50 39 1 0
PNT 0 51 1 1 4
PNT 1 51 3 1 5
PNT 4 51 1 1 2
PNT 5 51 1 1 4
PNT 6 51 1 1 5
PNT 7 51 1 1 4
PNT 8 51 3 1 3
PNT 11 51 1 1 2
PNT 12 51 1 1 3
PNT 13 51 1 1 4
PNT 14 51 1 1 0
PNT 16 51 2 1 5
PNT 18 51 1 1 6
PNT 20 51 1 1 5
PNT 21 51 2 1 7
PNT 23 51 1 1 5
PNT 24 51 1 1 7
PNT 25 51 3 1 5
PNT 29 51 1 1 5
PNT 30 51 1 1 2
PNT 32 51 1 1 4
PNT 33 51 2 1 2
PNT 35 51 3 1 4
PNT 38 51 1 1 2
PNT 39 51 3 1 4
PNT 42 51 1 1 2
PNT 43 51 3 1 4
PNT 46 51 1 1 2
PNT 47 51 3 1 4
PNT 50 51 2 1 2
PNT 52 51 2 1 4
PNT 54 51 1 1 2
PNT 55 51 2 1 4
PNT 57 51 1 1 2
PNT 58 51 2 1 4
PNT 61 51 1 1 4
PNT 63 51 1 1 3
PNT 65 51 2 1 4
PNT 67 51 1 1 2
PNT 70 51 1 1 2
PNT 71 51 1 1 4
PNT 73 51 2 1 4
PNT 75 51 1 1 5
PNT 76 51 1 1 7
PNT 77 51 1 1 5
PNT 78 51 3 1 7
PNT 81 51 1 1 3
PNT 82 51 1 1 4
PNT 83 51 2 1 0
PNT 86 51 3 1 0
PNT 90 51 38 1 0
PNT 0 52 2 1 5
PNT 2 52 1 1 3
PNT 4 52 2 1 4
PNT 6 52 3 1 3
PNT 9 52 1 1 5
PNT 10 52 2 1 3
PNT 12 52 1 1 0
PNT 14 52 1 1 4
PNT 15 52 1 1 5
PNT 16 52 1 1 6
PNT 18 52 2 1 5
PNT 20 52 2 1 3
PNT 22 52 1 1 5
PNT 23 52 2 1 7
PNT 25 52 4 1 5
PNT 29 52 1 1 3
PNT 31 52 1 1 4
PNT 32 52 1 1 2
PNT 34 52 1 1 5
PNT 36 52 3 1 2
PNT 39 52 2 1 4
PNT 41 52 2 1 2
PNT 43 52 2 1 4
PNT 45 52 2 1 2
PNT 47 52 2 1 4
PNT 49 52 2 1 2
PNT 51 52 1 1 4
PNT 52 52 1 1 3
PNT 53 52 1 1 2
PNT 54 52 2 1 4
PNT 56 52 1 1 3
PNT 58 52 2 1 4
PNT 60 52 1 1 2
PNT 64 52 2 1 3
PNT 66 52 1 1 5
PNT 67 52 5 1 4
PNT 72 52 1 1 7
PNT 74 52 4 1 7
PNT 78 52 1 1 6
PNT 79 52 1 1 3
PNT 80 52 2 1 5
PNT 1 53 1 1 3
PNT 2 53 1 1 2
PNT 3 53 1 1 4
PNT 4 53 3 1 3
PNT 7 53 1 1 4
PNT 8 53 2 1 3
PNT 10 53 1 1 0
PNT 11 53 1 1 3
PNT 13 53 1 1 4
PNT 14 53 1 1 5
PNT 15 53 1 1 4
PNT 16 53 2 1 6
PNT 18 53 2 1 5
PNT 22 53 2 1 3
PNT 24 53 1 1 6
PNT 25 53 2 1 7
PNT 27 53 1 1 5
PNT 28 53 1 1 7
PNT 29 53 1 1 5
PNT 30 53 1 1 2
PNT 31 53 1 1 5
PNT 33 53 2 1 3
PNT 35 53 1 1 5
PNT 36 53 1 1 2
PNT 37 53 2 1 5
PNT 40 53 1 1 2
PNT 41 53 1 1 4
PNT 42 53 1 1 2
PNT 44 53 1 1 2
PNT 46 53 1 1 4
PNT 48 53 1 1 2
PNT 49 53 2 1 4
PNT 52 53 2 1 2
PNT 54 53 1 1 3
PNT 55 53 1 1 2
PNT 56 53 4 1 4
PNT 61 53 1 1 5
PNT 63 53 1 1 5
PNT 65 53 1 1 5
PNT 66 53 2 1 3
PNT 68 53 1 1 7
PNT 69 53 1 1 6
PNT 70 53 4 1 7
PNT 74 53 2 1 6
PNT 76 53 3 1 3
PNT 80 53 2 1 5
PNT 0 54 1 1 5
PNT 2 54 1 1 4
PNT 3 54 2 1 3
PNT 5 54 1 1 4
PNT 6 54 2 1 3
PNT 8 54 1 1 0
PNT 9 54 2 1 3
PNT 12 54 1 1 4
PNT 13 54 3 1 5
PNT 16 54 2 1 6
PNT 18 54 5 1 0
PNT 23 54 1 1 7
PNT 24 54 1 1 6
PNT 25 54 2 1 3
PNT 27 54 3 1 7
PNT 30 54 2 1 3
PNT 32 54 1 1 7
PNT 33 54 1 1 5
PNT 35 54 8 1 5
PNT 43 54 1 1 0
PNT 44 54 3 1 5
PNT 47 54 1 1 0
PNT 48 54 3 1 5
PNT 51 54 1 1 0
PNT 52 54 3 1 5
PNT 55 54 1 1 4
PNT 57 54 1 1 5
PNT 59 54 5 1 5
PNT 64 54 1 1 7
PNT 66 54 2 1 7
PNT 68 54 1 1 2
PNT 69 54 1 1 7
PNT 70 54 6 1 3
PNT 76 54 2 1 5
PNT 78 54 1 1 0
PNT 79 54 2 1 4
PNT 81 54 47 1 0
PNT 0 55 1 1 3
PNT 1 55 1 1 2
PNT 2 55 1 1 3
PNT 3 55 1 1 4
PNT 4 55 2 1 3
PNT 6 55 1 1 0
PNT 7 55 1 1 3
PNT 8 55 2 1 0
PNT 11 55 1 1 0
PNT 12 55 1 1 5
PNT 13 55 1 1 0
PNT 14 55 2 1 5
PNT 16 55 1 1 0
PNT 17 55 1 1 4
PNT 18 55 5 1 0
PNT 23 55 1 1 7
PNT 24 55 1 1 2
PNT 25 55 1 1 4
PNT 26 55 2 1 5
PNT 28 55 1 1 4
PNT 29 55 1 1 5
PNT 30 55 3 1 7
PNT 33 55 1 1 3
PNT 34 55 1 1 2
PNT 35 55 1 1 6
PNT 36 55 1 1 7
PNT 37 55 1 1 5
PNT 39 55 7 1 5
PNT 47 55 1 1 5
PNT 49 55 1 1 5
PNT 51 55 1 1 5
PNT 53 55 1 1 5
PNT 55 55 1 1 4
PNT 56 55 4 1 5
PNT 60 55 1 1 7
PNT 61 55 1 1 5
PNT 62 55 4 1 7
PNT 66 55 3 1 6
PNT 70 55 1 1 4
PNT 71 55 4 1 5
PNT 75 55 2 1 4
PNT 78 55 50 1 0
PNT 1 56 3 1 3
PNT 4 56 1 1 0
PNT 6 56 1 1 4
PNT 7 56 5 1 3
PNT 12 56 4 1 5
PNT 22 56 1 1 5
PNT 24 56 1 1 6
PNT 26 56 2 1 4
PNT 28 56 1 1 5
PNT 29 56 2 1 4
PNT 32 56 2 1 4
PNT 34 56 1 1 5
PNT 35 56 1 1 3
PNT 36 56 1 1 2
PNT 37 56 1 1 3
PNT 38 56 1 1 4
PNT 39 56 1 1 5
PNT 40 56 1 1 7
PNT 41 56 1 1 5
PNT 43 56 1 1 5
PNT 44 56 1 1 7
PNT 45 56 3 1 5
PNT 48 56 1 1 7
PNT 49 56 3 1 5
PNT 52 56 1 1 7
PNT 53 56 1 1 5
PNT 54 56 2 1 4
PNT 56 56 1 1 7
PNT 57 56 1 1 5
PNT 58 56 1 1 2
PNT 59 56 3 1 7
PNT 62 56 2 1 6
PNT 64 56 1 1 5
PNT 65 56 2 1 4
PNT 67 56 1 1 5
PNT 68 56 1 1 2
PNT 69 56 2 1 5
PNT 71 56 3 1 4
PNT 0 57 1 1 4
PNT 1 57 1 1 3
PNT 2 57 1 1 0
PNT 3 57 1 1 4
PNT 4 57 1 1 3
PNT 5 57 1 1 4
PNT 6 57 1 1 3
PNT 8 57 4 1 3
PNT 12 57 2 1 5
PNT 22 57 1 1 5
PNT 24 57 1 1 2
PNT 25 57 1 1 6
PNT 26 57 2 1 5
PNT 28 57 4 1 4
PNT 32 57 1 1 5
PNT 33 57 1 1 4
PNT 34 57 1 1 2
PNT 35 57 1 1 5
PNT 36 57 2 1 4
PNT 38 57 1 1 2
PNT 39 57 1 1 3
PNT 40 57 1 1 2
PNT 41 57 17 1 7
PNT 58 57 1 1 5
PNT 60 57 1 1 5
PNT 61 57 2 1 4
PNT 64 57 2 1 5
PNT 66 57 1 1 6
PNT 67 57 1 1 4
PNT 68 57 1 1 6
PNT 70 57 3 1 5
PNT 73 57 1 1 4
PNT 74 57 1 1 5
PNT 0 58 1 1 0
PNT 1 58 1 1 2
PNT 2 58 2 1 3
PNT 4 58 1 1 4
PNT 5 58 4 1 3
PNT 9 58 1 1 0
PNT 10 58 2 1 3
PNT 12 58 2 1 5
PNT 14 58 8 1 0
PNT 22 58 1 1 5
PNT 23 58 1 1 0
PNT 24 58 1 1 6
PNT 26 58 3 1 5
PNT 29 58 1 1 4
PNT 30 58 1 1 0
PNT 31 58 2 1 4
PNT 33 58 2 1 5
PNT 36 58 1 1 5
PNT 37 58 2 1 4
PNT 39 58 1 1 0
PNT 40 58 1 1 4
PNT 41 58 1 1 0
PNT 42 58 2 1 6
PNT 44 58 1 1 4
PNT 45 58 1 1 0
PNT 46 58 2 1 6
PNT 48 58 1 1 4
PNT 49 58 1 1 0
PNT 50 58 2 1 6
PNT 52 58 1 1 4
PNT 53 58 1 1 0
PNT 54 58 2 1 6
PNT 56 58 2 1 4
PNT 58 58 1 1 2
PNT 59 58 3 1 5
PNT 62 58 3 1 4
PNT 65 58 1 1 6
PNT 66 58 1 1 5
PNT 67 58 1 1 0
PNT 68 58 1 1 2
PNT 69 58 1 1 6
PNT 70 58 4 1 5
PNT 74 58 1 1 4
PNT 75 58 1 1 5
PNT 76 58 52 1 0
PNT 0 59 2 1 0
PNT 2 59 1 1 4
PNT 3 59 2 1 3
PNT 5 59 1 1 4
PNT 6 59 5 1 3
PNT 11 59 1 1 4
PNT 12 59 10 1 0
PNT 22 59 1 1 5
PNT 23 59 1 1 0
PNT 24 59 1 1 2
PNT 25 59 1 1 6
PNT 26 59 4 1 5
PNT 30 59 1 1 4
PNT 31 59 1 1 0
PNT 32 59 1 1 4
PNT 33 59 1 1 5
PNT 34 59 1 1 2
PNT 35 59 1 1 5
PNT 36 59 4 1 4
PNT 40 59 1 1 5
PNT 41 59 2 1 4
PNT 43 59 1 1 0
PNT 44 59 1 1 5
PNT 45 59 2 1 4
PNT 47 59 1 1 0
PNT 48 59 1 1 5
PNT 49 59 2 1 4
PNT 51 59 1 1 0
PNT 52 59 1 1 5
PNT 53 59 3 1 4
PNT 56 59 2 1 5
PNT 58 59 1 1 4
PNT 60 59 2 1 4
PNT 62 59 1 1 0
PNT 63 59 1 1 4
PNT 64 59 1 1 0
PNT 65 59 1 1 6
PNT 66 59 1 1 5
PNT 67 59 1 1 0
PNT 68 59 1 1 6
PNT 70 59 4 1 5
PNT 74 59 1 1 4
PNT 75 59 1 1 5
PNT 76 59 52 1 0
PNT 3 60 1 1 4
PNT 4 60 7 1 3
PNT 11 60 1 1 4
PNT 22 60 1 1 5
PNT 24 60 1 1 6
PNT 26 60 4 1 5
PNT 30 60 1 1 4
PNT 32 60 1 1 4
PNT 33 60 2 1 5
PNT 36 60 5 1 4
PNT 42 60 3 1 4
PNT 46 60 3 1 4
PNT 50 60 3 1 4
PNT 54 60 3 1 4
PNT 57 60 2 1 5
PNT 59 60 1 1 2
PNT 60 60 1 1 5
PNT 62 60 2 1 4
PNT 65 60 1 1 6
PNT 66 60 1 1 5
PNT 68 60 1 1 2
PNT 69 60 1 1 6
PNT 70 60 4 1 5
PNT 74 60 1 1 4
PNT 75 60 1 1 5
PNT 4 61 1 1 4
PNT 5 61 1 1 3
PNT 7 61 4 1 3
PNT 22 61 1 1 5
PNT 24 61 1 1 2
PNT 25 61 1 1 6
PNT 26 61 4 1 5
PNT 30 61 1 1 4
PNT 32 61 1 1 4
PNT 33 61 1 1 5
PNT 34 61 1 1 2
PNT 35 61 1 1 5
PNT 36 61 4 1 4
PNT 54 61 3 1 4
PNT 57 61 1 1 2
PNT 58 61 2 1 5
PNT 62 61 2 1 4
PNT 65 61 1 1 6
PNT 66 61 1 1 5
PNT 68 61 2 1 6
PNT 70 61 4 1 5
PNT 74 61 1 1 4
PNT 75 61 1 1 5
PNT 0 62 4 1 0
PNT 4 62 4 1 3
PNT 8 62 1 1 0
PNT 9 62 2 1 3
PNT 11 62 11 1 0
PNT 22 62 1 1 5
PNT 23 62 1 1 0
PNT 24 62 1 1 6
PNT 26 62 4 1 5
PNT 30 62 1 1 4
PNT 31 62 1 1 0
PNT 32 62 1 1 4
PNT 33 62 2 1 5
PNT 36 62 4 1 4
PNT 40 62 14 1 0
PNT 54 62 3 1 4
PNT 57 62 2 1 5
PNT 59 62 1 1 2
PNT 60 62 1 1 5
PNT 61 62 1 1 0
PNT 62 62 2 1 4
PNT 64 62 1 1 0
PNT 65 62 1 1 6
PNT 66 62 1 1 5
PNT 67 62 1 1 0
PNT 68 62 1 1 2
PNT 69 62 1 1 6
PNT 70 62 4 1 5
PNT 74 62 1 1 4
PNT 75 62 1 1 5
PNT 76 62 52 1 0
PNT 0 63 6 1 0
PNT 6 63 3 1 3
PNT 9 63 1 1 0
PNT 10 63 1 1 3
PNT 11 63 11 1 0
PNT 22 63 1 1 5
PNT 23 63 1 1 0
PNT 24 63 1 1 2
PNT 25 63 1 1 6
PNT 26 63 4 1 5
PNT 30 63 1 1 4
PNT 31 63 1 1 0
PNT 32 63 1 1 4
PNT 33 63 1 1 5
PNT 34 63 1 1 2
PNT 35 63 1 1 5
PNT 36 63 4 1 4
PNT 40 63 15 1 0
PNT 55 63 2 1 4
PNT 57 63 3 1 5
PNT 61 63 1 1 0
PNT 62 63 2 1 4
PNT 64 63 1 1 0
PNT 65 63 1 1 6
PNT 66 63 1 1 5
PNT 67 63 1 1 0
PNT 68 63 2 1 6
PNT 70 63 4 1 5
PNT 74 63 1 1 4
PNT 75 63 1 1 5
PNT 76 63 52 1 0
PNT 5 64 1 1 3
PNT 7 64 3 1 3
PNT 22 64 1 1 5
PNT 24 64 1 1 6
PNT 26 64 4 1 5
PNT 30 64 1 1 4
PNT 32 64 1 1 4
PNT 33 64 2 1 5
PNT 36 64 4 1 4
PNT 55 64 3 1 4
PNT 58 64 2 1 5
PNT 60 64 1 1 2
PNT 61 64 1 1 5
PNT 62 64 2 1 4
PNT 65 64 1 1 6
PNT 66 64 1 1 5
PNT 68 64 1 1 2
PNT 69 64 1 1 6
PNT 70 64 4 1 5
PNT 74 64 1 1 4
PNT 75 64 1 1 5
PNT 8 65 2 1 3
PNT 22 65 1 1 5
PNT 24 65 1 1 2
PNT 25 65 1 1 6
PNT 26 65 4 1 5
PNT 30 65 1 1 4
PNT 32 65 1 1 4
PNT 33 65 1 1 5
PNT 34 65 1 1 2
PNT 35 65 1 1 5
PNT 36 65 4 1 4
PNT 55 65 3 1 4
PNT 58 65 1 1 3
PNT 59 65 2 1 5
PNT 62 65 2 1 4
PNT 65 65 1 1 6
PNT 66 65 1 1 5
PNT 67 65 2 1 6
PNT 69 65 4 1 5
PNT 73 65 1 1 4
PNT 75 65 1 1 5
PNT 0 66 6 1 0
PNT 6 66 1 1 2
PNT 7 66 2 1 0
PNT 9 66 1 1 3
PNT 10 66 12 1 0
PNT 22 66 1 1 5
PNT 23 66 1 1 0
PNT 24 66 1 1 6
PNT 26 66 4 1 5
PNT 30 66 1 1 4
PNT 31 66 1 1 0
PNT 32 66 1 1 4
PNT 33 66 2 1 5
PNT 36 66 4 1 4
PNT 40 66 15 1 0
PNT 55 66 3 1 4
PNT 58 66 2 1 5
PNT 60 66 1 1 2
PNT 61 66 1 1 5
PNT 62 66 3 1 4
PNT 65 66 1 1 6
PNT 66 66 1 1 5
PNT 67 66 1 1 2
PNT 68 66 1 1 6
PNT 69 66 4 1 5
PNT 73 66 1 1 4
PNT 74 66 1 1 5
PNT 75 66 53 1 0
PNT 0 67 22 1 0
PNT 22 67 1 1 5
PNT 23 67 1 1 0
PNT 24 67 1 1 2
PNT 25 67 1 1 6
PNT 26 67 4 1 5
PNT 30 67 1 1 4
PNT 31 67 1 1 0
PNT 32 67 1 1 4
PNT 33 67 1 1 5
PNT 34 67 1 1 2
PNT 35 67 1 1 5
PNT 36 67 4 1 4
PNT 40 67 16 1 0
PNT 56 67 2 1 4
PNT 58 67 1 1 5
PNT 59 67 1 1 4
PNT 60 67 1 1 5
PNT 62 67 2 1 4
PNT 64 67 1 1 0
PNT 65 67 1 1 6
PNT 66 67 1 1 5
PNT 67 67 2 1 6
PNT 69 67 4 1 5
PNT 73 67 1 1 4
PNT 74 67 1 1 5
PNT 75 67 53 1 0
PNT 22 68 1 1 5
PNT 23 68 1 1 6
PNT 24 68 1 1 7
PNT 25 68 1 1 6
PNT 26 68 5 1 5
PNT 32 68 1 1 4
PNT 33 68 1 1 5
PNT 34 68 1 1 6
PNT 35 68 1 1 5
PNT 36 68 4 1 4
PNT 56 68 3 1 4
PNT 59 68 2 1 5
PNT 61 68 1 1 2
PNT 62 68 1 1 4
PNT 65 68 1 1 6
PNT 66 68 1 1 5
PNT 67 68 1 1 2
PNT 68 68 1 1 6
PNT 69 68 4 1 5
PNT 73 68 1 1 4
PNT 74 68 1 1 5
PNT 22 69 1 1 5
PNT 23 69 2 1 7
PNT 25 69 1 1 6
PNT 26 69 2 1 5
PNT 28 69 1 1 6
PNT 29 69 2 1 5
PNT 31 69 2 1 4
PNT 33 69 2 1 6
PNT 35 69 1 1 5
PNT 36 69 1 1 4
PNT 37 69 1 1 6
PNT 38 69 1 1 5
PNT 39 69 1 1 4
PNT 56 69 8 1 6
PNT 65 69 2 1 5
PNT 67 69 1 1 7
PNT 68 69 1 1 6
PNT 69 69 1 1 5
PNT 70 69 1 1 6
PNT 71 69 1 1 5
PNT 72 69 1 1 4
PNT 73 69 1 1 5
PNT 0 70 21 1 2
PNT 21 70 1 1 6
PNT 22 70 6 1 7
PNT 28 70 2 1 5
PNT 30 70 1 1 2
PNT 31 70 1 1 4
PNT 32 70 6 1 6
PNT 38 70 2 1 5
PNT 40 70 17 1 2
PNT 57 70 1 1 5
PNT 58 70 6 1 6
PNT 64 70 1 1 2
PNT 65 70 6 1 7
PNT 71 70 1 1 6
PNT 72 70 1 1 4
PNT 73 70 1 1 5
PNT 74 70 54 1 2
PNT 0 71 16 1 2
PNT 19 71 3 1 2
PNT 22 71 6 1 7
PNT 28 71 4 1 2
PNT 32 71 6 1 6
PNT 38 71 11 1 2
PNT 51 71 8 1 2
PNT 59 71 1 1 4
PNT 60 71 5 1 2
PNT 65 71 8 1 7
PNT 73 71 1 1 6
PNT 74 71 7 1 2
PNT 83 71 13 1 2
PNT 99 71 13 1 2
PNT 115 71 9 1 2
PNT 127 71 1 1 2
PNT 0 72 18 1 3
PNT 18 72 71 1 2
PNT 89 72 39 1 3
PNT 0 73 20 1 2
PNT 87 73 41 1 2
PNT 16 76 2 1 2
PNT 22 76 2 1 2
PNT 27 76 5 1 2
PNT 50 76 14 1 2
PNT 82 76 6 1 2
PNT 90 76 6 1 2
PNT 112 76 8 1 2
PNT 123 76 5 1 2
PNT 0 80 24 1 2
PNT 26 80 38 1 2
PNT 66 80 38 1 2
PNT 106 80 22 1 2
PNT 0 82 8 1 2
PNT 18 82 54 1 2
PNT 80 82 14 1 2
PNT 98 82 30 1 2
PNT 0 83 24 1 2
PNT 32 83 2 1 2
PNT 38 83 18 1 2
PNT 64 83 10 1 2
PNT 78 83 10 1 2
PNT 96 83 18 1 2
PNT 118 83 2 1 2
PNT 0 86 24 1 2
PNT 30 86 50 1 2
PNT 86 86 42 1 2
PNT 0 87 52 1 2
PNT 58 87 50 1 2
PNT 114 87 14 1 2
PNT 0 88 128 1 2
PNT 0 89 128 1 2
PNT 0 90 128 1 2
PNT 0 91 128 1 2
PNT 0 92 128 1 2
PNT 0 93 128 1 2
PNT 0 94 128 1 2
PNT 0 95 128 1 2
REC 1
C FRAME 12
CLR 1
PNT 0 6 128 1 0
PNT 0 7 128 1 0
PNT 110 8 1 1 5
PNT 109 9 1 1 5
PNT 116 9 1 1 5
PNT 0 10 20 1 0
PNT 22 10 62 1 0
PNT 86 10 19 1 0
PNT 105 10 1 1 5
PNT 106 10 1 1 0
PNT 107 10 1 1 7
PNT 108 10 2 1 5
PNT 110 10 5 1 0
PNT 115 10 1 1 5
PNT 116 10 12 1 0
PNT 0 11 105 1 0
PNT 105 11 1 1 5
PNT 106 11 2 1 0
PNT 108 11 1 1 5
PNT 109 11 3 1 0
PNT 112 11 1 1 5
PNT 113 11 1 1 0
PNT 114 11 1 1 7
PNT 115 11 2 1 5
PNT 117 11 11 1 0
PNT 106 12 2 1 5
PNT 108 12 1 1 6
PNT 109 12 1 1 5
PNT 112 12 1 1 5
PNT 114 12 2 1 5
PNT 106 13 2 1 5
PNT 108 13 1 1 6
PNT 109 13 1 1 5
PNT 113 13 1 1 5
PNT 114 13 1 1 6
PNT 115 13 1 1 5
PNT 0 14 105 1 0
PNT 105 14 2 1 5
PNT 107 14 1 1 7
PNT 108 14 1 1 5
PNT 109 14 4 1 0
PNT 113 14 3 1 5
PNT 116 14 12 1 0
PNT 0 15 105 1 0
PNT 105 15 4 1 5
PNT 109 15 4 1 0
PNT 113 15 1 1 7
PNT 114 15 1 1 5
PNT 115 15 13 1 0
PNT 106 16 2 1 5
PNT 113 16 3 1 5
PNT 86 17 1 1 4
PNT 106 17 2 1 5
PNT 108 17 3 1 6
PNT 112 17 1 1 5
PNT 114 17 1 1 5
PNT 0 18 6 1 0
PNT 10 18 52 1 0
PNT 64 18 2 1 0
PNT 66 18 1 1 3
PNT 67 18 18 1 0
PNT 85 18 1 1 4
PNT 86 18 1 1 0
PNT 87 18 1 1 4
PNT 88 18 6 1 0
PNT 96 18 7 1 0
PNT 103 18 11 1 7
PNT 114 18 1 1 6
PNT 115 18 13 1 0
PNT 0 19 10 1 0
PNT 13 19 17 1 0
PNT 32 19 35 1 0
PNT 67 19 2 1 3
PNT 69 19 15 1 0
PNT 84 19 1 1 5
PNT 85 19 1 1 0
PNT 86 19 1 1 4
PNT 87 19 1 1 0
PNT 88 19 1 1 4
PNT 89 19 12 1 0
PNT 101 19 2 1 7
PNT 103 19 1 1 6
PNT 104 19 1 1 7
PNT 105 19 5 1 5
PNT 110 19 1 1 7
PNT 111 19 1 1 5
PNT 113 19 1 1 5
PNT 114 19 2 1 7
PNT 116 19 2 1 0
PNT 118 19 2 1 4
PNT 120 19 8 1 0
PNT 68 20 2 1 3
PNT 70 20 1 1 4
PNT 84 20 1 1 5
PNT 98 20 1 1 3
PNT 99 20 1 1 2
PNT 100 20 1 1 3
PNT 101 20 3 1 2
PNT 104 20 2 1 5
PNT 106 20 5 1 3
PNT 111 20 3 1 5
PNT 114 20 1 1 2
PNT 115 20 1 1 5
PNT 116 20 2 1 7
PNT 74 21 1 1 4
PNT 83 21 1 1 5
PNT 85 21 1 1 5
PNT 87 21 1 1 4
PNT 97 21 1 1 2
PNT 98 21 1 1 7
PNT 99 21 1 1 6
PNT 101 21 1 1 2
PNT 106 21 5 1 5
PNT 111 21 2 1 3
PNT 113 21 3 1 5
PNT 116 21 1 1 7
PNT 117 21 1 1 4
PNT 118 21 1 1 7
PNT 0 22 22 1 0
PNT 26 22 16 1 0
PNT 45 22 27 1 0
PNT 72 22 2 1 4
PNT 77 22 6 1 0
PNT 83 22 1 1 5
PNT 84 22 1 1 0
PNT 85 22 1 1 5
PNT 86 22 8 1 0
PNT 95 22 1 1 0
PNT 96 22 1 1 3
PNT 97 22 1 1 6
PNT 99 22 2 1 2
PNT 103 22 3 1 2
PNT 109 22 2 1 0
PNT 111 22 1 1 7
PNT 112 22 1 1 6
PNT 113 22 3 1 5
PNT 116 22 2 1 4
PNT 118 22 1 1 2
PNT 119 22 1 1 7
PNT 120 22 8 1 0
PNT 0 23 26 1 0
PNT 29 23 17 1 0
PNT 48 23 26 1 0
PNT 74 23 2 1 4
PNT 76 23 1 1 0
PNT 77 23 1 1 5
PNT 80 23 2 1 0
PNT 82 23 1 1 5
PNT 83 23 1 1 0
PNT 84 23 1 1 5
PNT 85 23 1 1 0
PNT 86 23 1 1 5
PNT 87 23 7 1 0
PNT 94 23 2 1 2
PNT 97 23 1 1 2
PNT 98 23 1 1 6
PNT 100 23 1 1 3
PNT 101 23 2 1 5
PNT 104 23 1 1 3
PNT 105 23 1 1 5
PNT 106 23 1 1 4
PNT 107 23 1 1 3
PNT 108 23 1 1 2
PNT 112 23 2 1 2
PNT 114 23 1 1 3
PNT 115 23 5 1 4
PNT 121 23 1 1 4
PNT 122 23 6 1 0
PNT 76 24 1 1 4
PNT 77 24 1 1 5
PNT 79 24 2 1 5
PNT 82 24 1 1 5
PNT 84 24 1 1 5
PNT 94 24 1 1 3
PNT 95 24 1 1 2
PNT 96 24 1 1 6
PNT 98 24 1 1 3
PNT 99 24 1 1 2
PNT 102 24 4 1 4
PNT 106 24 1 1 3
PNT 107 24 1 1 2
PNT 114 24 2 1 2
PNT 116 24 1 1 5
PNT 117 24 5 1 4
PNT 122 24 1 1 2
PNT 78 25 2 1 5
PNT 81 25 3 1 5
PNT 85 25 1 1 5
PNT 93 25 1 1 2
PNT 94 25 1 1 7
PNT 95 25 2 1 6
PNT 97 25 1 1 2
PNT 99 25 1 1 6
PNT 100 25 1 1 5
PNT 101 25 1 1 6
PNT 102 25 3 1 4
PNT 105 25 1 1 3
PNT 106 25 1 1 2
PNT 109 25 1 1 2
PNT 112 25 1 1 2
PNT 113 25 2 1 3
PNT 116 25 1 1 2
PNT 117 25 1 1 4
PNT 118 25 1 1 7
PNT 119 25 1 1 4
PNT 120 25 1 1 7
PNT 0 26 80 1 0
PNT 80 26 2 1 5
PNT 82 26 1 1 0
PNT 83 26 2 1 5
PNT 85 26 5 1 0
PNT 91 26 1 1 0
PNT 92 26 1 1 3
PNT 93 26 1 1 2
PNT 94 26 1 1 6
PNT 96 26 1 1 3
PNT 97 26 5 1 6
PNT 102 26 2 1 7
PNT 104 26 1 1 3
PNT 105 26 1 1 4
PNT 109 26 3 1 6
PNT 112 26 1 1 5
PNT 113 26 1 1 2
PNT 118 26 2 1 4
PNT 120 26 1 1 3
PNT 121 26 7 1 0
PNT 0 27 80 1 0
PNT 80 27 1 1 5
PNT 81 27 1 1 0
PNT 82 27 4 1 5
PNT 86 27 4 1 0
PNT 90 27 1 1 2
PNT 91 27 1 1 7
PNT 93 27 2 1 6
PNT 95 27 1 1 2
PNT 97 27 1 1 5
PNT 98 27 2 1 6
PNT 101 27 2 1 6
PNT 103 27 2 1 4
PNT 105 27 1 1 7
PNT 106 27 2 1 5
PNT 108 27 1 1 3
PNT 112 27 1 1 3
PNT 113 27 3 1 5
PNT 116 27 1 1 4
PNT 117 27 1 1 5
PNT 118 27 1 1 4
PNT 119 27 1 1 7
PNT 120 27 8 1 0
PNT 80 28 1 1 6
PNT 81 28 1 1 0
PNT 82 28 1 1 7
PNT 83 28 1 1 6
PNT 84 28 2 1 5
PNT 90 28 1 1 6
PNT 91 28 1 1 2
PNT 92 28 1 1 6
PNT 94 28 1 1 3
PNT 95 28 1 1 6
PNT 96 28 1 1 5
PNT 97 28 5 1 6
PNT 104 28 1 1 4
PNT 105 28 1 1 5
PNT 106 28 2 1 7
PNT 108 28 1 1 5
PNT 109 28 1 1 2
PNT 110 28 1 1 3
PNT 111 28 1 1 2
PNT 112 28 2 1 5
PNT 114 28 1 1 4
PNT 116 28 1 1 4
PNT 117 28 2 1 7
PNT 78 29 1 1 6
PNT 79 29 1 1 0
PNT 80 29 1 1 7
PNT 81 29 1 1 6
PNT 82 29 1 1 7
PNT 83 29 1 1 6
PNT 84 29 1 1 0
PNT 86 29 1 1 5
PNT 89 29 1 1 6
PNT 90 29 1 1 7
PNT 91 29 2 1 6
PNT 93 29 1 1 2
PNT 95 29 1 1 5
PNT 96 29 2 1 6
PNT 99 29 3 1 6
PNT 103 29 1 1 4
PNT 106 29 1 1 4
PNT 107 29 1 1 5
PNT 108 29 3 1 7
PNT 114 29 1 1 4
PNT 115 29 2 1 7
PNT 117 29 1 1 4
PNT 0 30 10 1 0
PNT 12 30 54 1 0
PNT 68 30 8 1 0
PNT 76 30 1 1 6
PNT 77 30 1 1 0
PNT 78 30 1 1 7
PNT 79 30 1 1 6
PNT 80 30 1 1 7
PNT 81 30 1 1 5
PNT 82 30 1 1 0
PNT 83 30 1 1 2
PNT 84 30 1 1 6
PNT 85 30 1 1 0
PNT 87 30 2 1 6
PNT 89 30 1 1 7
PNT 90 30 1 1 3
PNT 92 30 1 1 3
PNT 93 30 2 1 5
PNT 95 30 3 1 6
PNT 100 30 2 1 0
PNT 102 30 1 1 4
PNT 103 30 2 1 0
PNT 105 30 1 1 4
PNT 106 30 4 1 0
PNT 110 30 1 1 5
PNT 111 30 4 1 7
PNT 115 30 1 1 4
PNT 116 30 2 1 0
PNT 118 30 1 1 4
PNT 119 30 9 1 0
PNT 0 31 14 1 0
PNT 16 31 18 1 0
PNT 36 31 38 1 0
PNT 74 31 1 1 6
PNT 75 31 1 1 0
PNT 76 31 1 1 7
PNT 77 31 1 1 6
PNT 78 31 1 1 7
PNT 79 31 1 1 5
PNT 80 31 1 1 0
PNT 81 31 1 1 2
PNT 83 31 2 1 5
PNT 85 31 1 1 4
PNT 86 31 1 1 2
PNT 87 31 1 1 6
PNT 89 31 2 1 7
PNT 91 31 1 1 2
PNT 93 31 3 1 6
PNT 97 31 3 1 6
PNT 100 31 4 1 0
PNT 104 31 1 1 4
PNT 105 31 11 1 0
PNT 116 31 1 1 4
PNT 117 31 11 1 0
PNT 72 32 1 1 6
PNT 73 32 1 1 0
PNT 74 32 1 1 7
PNT 75 32 1 1 6
PNT 76 32 1 1 7
PNT 77 32 1 1 5
PNT 78 32 1 1 0
PNT 79 32 1 1 2
PNT 81 32 2 1 5
PNT 83 32 1 1 4
PNT 85 32 2 1 6
PNT 87 32 1 1 2
PNT 88 32 1 1 7
PNT 89 32 1 1 2
PNT 92 32 2 1 6
PNT 96 32 2 1 6
PNT 70 33 1 1 5
PNT 71 33 1 1 0
PNT 72 33 2 1 6
PNT 76 33 1 1 0
PNT 77 33 1 1 2
PNT 80 33 1 1 5
PNT 81 33 2 1 4
PNT 83 33 1 1 7
PNT 85 33 1 1 6
PNT 87 33 1 1 7
PNT 88 33 1 1 5
PNT 89 33 1 1 2
PNT 91 33 3 1 6
PNT 95 33 1 1 6
PNT 0 34 26 1 0
PNT 28 34 2 1 0
PNT 32 34 16 1 0
PNT 51 34 17 1 0
PNT 68 34 1 1 5
PNT 69 34 1 1 0
PNT 70 34 1 1 6
PNT 71 34 1 1 5
PNT 72 34 1 1 6
PNT 73 34 1 1 5
PNT 74 34 1 1 0
PNT 75 34 1 1 2
PNT 77 34 2 1 5
PNT 79 34 1 1 4
PNT 83 34 1 1 4
PNT 84 34 1 1 6
PNT 85 34 1 1 2
PNT 86 34 1 1 6
PNT 87 34 1 1 7
PNT 88 34 1 1 3
PNT 89 34 1 1 5
PNT 90 34 6 1 6
PNT 96 34 16 1 0
PNT 115 34 13 1 0
PNT 0 35 32 1 0
PNT 35 35 9 1 0
PNT 44 35 6 1 7
PNT 52 35 8 1 7
PNT 60 35 1 1 6
PNT 61 35 5 1 0
PNT 66 35 1 1 5
PNT 67 35 1 1 0
PNT 68 35 1 1 6
PNT 69 35 1 1 5
PNT 70 35 1 1 6
PNT 71 35 1 1 4
PNT 72 35 1 1 0
PNT 73 35 1 1 2
PNT 75 35 2 1 5
PNT 77 35 2 1 4
PNT 79 35 1 1 6
PNT 80 35 2 1 4
PNT 85 35 1 1 6
PNT 86 35 1 1 7
PNT 87 35 1 1 2
PNT 89 35 3 1 6
PNT 93 35 3 1 6
PNT 96 35 18 1 0
PNT 116 35 12 1 0
PNT 38 36 1 1 2
PNT 40 36 4 1 7
PNT 44 36 14 1 6
PNT 58 36 1 1 2
PNT 59 36 1 1 6
PNT 60 36 4 1 7
PNT 64 36 1 1 4
PNT 65 36 1 1 0
PNT 66 36 1 1 6
PNT 67 36 1 1 5
PNT 68 36 1 1 6
PNT 69 36 1 1 4
PNT 70 36 1 1 0
PNT 71 36 1 1 2
PNT 73 36 4 1 4
PNT 77 36 1 1 6
PNT 78 36 2 1 4
PNT 80 36 1 1 6
PNT 81 36 1 1 5
PNT 82 36 3 1 6
PNT 86 36 1 1 7
PNT 87 36 1 1 2
PNT 88 36 6 1 6
PNT 34 37 1 1 2
PNT 36 37 4 1 7
PNT 40 37 2 1 6
PNT 42 37 1 1 2
PNT 43 37 1 1 6
PNT 44 37 1 1 2
PNT 45 37 1 1 6
PNT 46 37 1 1 2
PNT 47 37 15 1 6
PNT 62 37 1 1 2
PNT 63 37 1 1 0
PNT 64 37 4 1 7
PNT 68 37 1 1 0
PNT 69 37 1 1 2
PNT 71 37 2 1 4
PNT 73 37 1 1 3
PNT 74 37 1 1 4
PNT 75 37 1 1 6
PNT 76 37 2 1 4
PNT 78 37 4 1 5
PNT 83 37 1 1 6
PNT 85 37 2 1 7
PNT 87 37 2 1 6
PNT 89 37 1 1 5
PNT 91 37 3 1 6
PNT 0 38 10 1 0
PNT 10 38 1 1 2
PNT 11 38 19 1 0
PNT 30 38 1 1 2
PNT 31 38 1 1 0
PNT 32 38 4 1 7
PNT 36 38 2 1 6
PNT 38 38 1 1 2
PNT 39 38 1 1 6
PNT 40 38 1 1 2
PNT 41 38 1 1 6
PNT 42 38 1 1 7
PNT 43 38 1 1 0
PNT 44 38 3 1 7
PNT 47 38 1 1 0
PNT 48 38 3 1 7
PNT 51 38 1 1 0
PNT 52 38 1 1 7
PNT 54 38 1 1 7
PNT 55 38 1 1 0
PNT 56 38 1 1 6
PNT 58 38 1 1 6
PNT 60 38 1 1 6
PNT 61 38 1 1 0
PNT 62 38 1 1 5
PNT 64 38 1 1 5
PNT 65 38 1 1 4
PNT 66 38 1 1 0
PNT 67 38 1 1 2
PNT 69 38 3 1 7
PNT 72 38 1 1 3
PNT 73 38 1 1 6
PNT 74 38 2 1 4
PNT 76 38 2 1 0
PNT 78 38 1 1 6
PNT 79 38 3 1 5
PNT 84 38 1 1 3
PNT 85 38 1 1 7
PNT 86 38 1 1 3
PNT 87 38 1 1 6
PNT 88 38 4 1 5
PNT 92 38 36 1 0
PNT 0 39 9 1 0
PNT 9 39 1 1 3
PNT 10 39 18 1 0
PNT 29 39 3 1 7
PNT 32 39 2 1 4
PNT 34 39 1 1 2
PNT 35 39 1 1 6
PNT 36 39 1 1 2
PNT 37 39 1 1 6
PNT 38 39 1 1 7
PNT 39 39 1 1 0
PNT 40 39 5 1 7
PNT 45 39 1 1 0
PNT 46 39 2 1 7
PNT 48 39 1 1 0
PNT 49 39 2 1 7
PNT 51 39 1 1 0
PNT 52 39 2 1 7
PNT 54 39 1 1 0
PNT 55 39 4 1 7
PNT 59 39 1 1 0
PNT 60 39 2 1 6
PNT 62 39 1 1 5
PNT 63 39 2 1 3
PNT 65 39 1 1 2
PNT 67 39 2 1 4
PNT 69 39 1 1 3
PNT 70 39 1 1 2
PNT 71 39 1 1 5
PNT 72 39 4 1 7
PNT 76 39 2 1 0
PNT 78 39 2 1 5
PNT 81 39 2 1 5
PNT 83 39 1 1 2
PNT 84 39 1 1 7
PNT 85 39 1 1 5
PNT 86 39 1 1 6
PNT 87 39 1 1 5
PNT 89 39 3 1 5
PNT 92 39 36 1 0
PNT 6 40 1 1 4
PNT 8 40 1 1 3
PNT 11 40 1 1 6
PNT 25 40 2 1 6
PNT 27 40 2 1 7
PNT 29 40 3 1 4
PNT 32 40 1 1 2
PNT 33 40 1 1 6
PNT 34 40 1 1 7
PNT 35 40 1 1 0
PNT 36 40 3 1 7
PNT 39 40 1 1 0
PNT 40 40 1 1 7
PNT 42 40 1 1 7
PNT 43 40 1 1 6
PNT 44 40 1 1 2
PNT 45 40 1 1 5
PNT 46 40 1 1 7
PNT 48 40 2 1 5
PNT 50 40 1 1 7
PNT 51 40 2 1 5
PNT 54 40 1 1 7
PNT 55 40 1 1 5
PNT 56 40 1 1 7
PNT 57 40 1 1 0
PNT 58 40 2 1 7
PNT 60 40 1 1 4
PNT 61 40 1 1 5
PNT 62 40 1 1 7
PNT 63 40 1 1 2
PNT 65 40 2 1 3
PNT 67 40 2 1 6
PNT 70 40 1 1 6
PNT 73 40 2 1 5
PNT 75 40 1 1 6
PNT 76 40 3 1 7
PNT 79 40 3 1 5
PNT 82 40 1 1 2
PNT 83 40 1 1 7
PNT 84 40 1 1 5
PNT 85 40 1 1 2
PNT 86 40 2 1 5
PNT 89 40 1 1 5
PNT 5 41 1 1 4
PNT 7 41 1 1 4
PNT 9 41 1 1 6
PNT 12 41 1 1 6
PNT 23 41 2 1 6
PNT 25 41 2 1 7
PNT 27 41 1 1 4
PNT 28 41 1 1 2
PNT 29 41 1 1 6
PNT 30 41 1 1 2
PNT 31 41 1 1 0
PNT 32 41 4 1 7
PNT 36 41 1 1 0
PNT 37 41 2 1 7
PNT 39 41 2 1 6
PNT 41 41 4 1 5
PNT 45 41 1 1 2
PNT 46 41 1 1 5
PNT 47 41 1 1 2
PNT 48 41 1 1 5
PNT 49 41 1 1 2
PNT 50 41 1 1 5
PNT 51 41 1 1 2
PNT 52 41 1 1 5
PNT 53 41 1 1 2
PNT 54 41 1 1 5
PNT 55 41 2 1 2
PNT 57 41 1 1 5
PNT 58 41 1 1 7
PNT 59 41 1 1 5
PNT 60 41 1 1 3
PNT 61 41 1 1 5
PNT 63 41 1 1 0
PNT 64 41 2 1 7
PNT 66 41 1 1 6
PNT 67 41 1 1 0
PNT 68 41 1 1 3
PNT 69 41 4 1 6
PNT 74 41 1 1 2
PNT 75 41 1 1 6
PNT 77 41 2 1 5
PNT 79 41 2 1 7
PNT 81 41 1 1 5
PNT 82 41 2 1 7
PNT 84 41 1 1 6
PNT 85 41 1 1 5
PNT 87 41 2 1 5
PNT 89 41 1 1 2
PNT 0 42 4 1 0
PNT 4 42 1 1 5
PNT 5 42 1 1 0
PNT 6 42 4 1 4
PNT 10 42 1 1 6
PNT 11 42 1 1 0
PNT 12 42 1 1 6
PNT 13 42 8 1 0
PNT 21 42 1 1 7
PNT 22 42 1 1 6
PNT 23 42 2 1 7
PNT 25 42 1 1 5
PNT 26 42 1 1 2
PNT 27 42 1 1 0
PNT 28 42 1 1 6
PNT 29 42 1 1 7
PNT 30 42 2 1 6
PNT 32 42 1 1 7
PNT 33 42 1 1 0
PNT 34 42 1 1 7
PNT 36 42 1 1 6
PNT 37 42 3 1 5
PNT 40 42 1 1 0
PNT 42 42 1 1 5
PNT 43 42 1 1 0
PNT 44 42 1 1 5
PNT 46 42 1 1 0
PNT 47 42 2 1 5
PNT 49 42 1 1 0
PNT 50 42 2 1 5
PNT 52 42 2 1 0
PNT 54 42 1 1 5
PNT 55 42 1 1 0
PNT 56 42 1 1 5
PNT 57 42 1 1 2
PNT 58 42 1 1 0
PNT 59 42 1 1 2
PNT 60 42 1 1 5
PNT 61 42 1 1 2
PNT 62 42 1 1 7
PNT 63 42 1 1 5
PNT 64 42 1 1 7
PNT 65 42 1 1 2
PNT 66 42 1 1 0
PNT 67 42 1 1 7
PNT 68 42 1 1 6
PNT 69 42 1 1 2
PNT 70 42 1 1 6
PNT 71 42 1 1 0
PNT 72 42 2 1 6
PNT 77 42 4 1 5
PNT 81 42 1 1 7
PNT 82 42 2 1 6
PNT 84 42 1 1 3
PNT 85 42 1 1 5
PNT 86 42 1 1 2
PNT 88 42 1 1 2
PNT 89 42 39 1 0
PNT 0 43 3 1 0
PNT 3 43 4 1 5
PNT 7 43 2 1 4
PNT 9 43 1 1 0
PNT 10 43 2 1 4
PNT 12 43 1 1 0
PNT 13 43 1 1 6
PNT 14 43 1 1 0
PNT 15 43 1 1 7
PNT 16 43 3 1 6
PNT 19 43 2 1 7
PNT 21 43 1 1 2
PNT 22 43 1 1 7
PNT 23 43 1 1 5
PNT 24 43 1 1 2
PNT 25 43 1 1 5
PNT 26 43 1 1 6
PNT 27 43 1 1 7
PNT 28 43 2 1 6
PNT 30 43 1 1 7
PNT 31 43 1 1 6
PNT 32 43 1 1 2
PNT 33 43 2 1 6
PNT 35 43 2 1 5
PNT 37 43 1 1 0
PNT 38 43 2 1 5
PNT 40 43 1 1 3
PNT 41 43 1 1 5
PNT 43 43 1 1 5
PNT 44 43 1 1 3
PNT 45 43 1 1 6
PNT 47 43 1 1 5
PNT 48 43 1 1 3
PNT 49 43 1 1 6
PNT 51 43 1 1 5
PNT 52 43 1 1 3
PNT 53 43 1 1 6
PNT 55 43 1 1 5
PNT 56 43 1 1 3
PNT 58 43 2 1 5
PNT 60 43 3 1 2
PNT 63 43 1 1 5
PNT 64 43 1 1 2
PNT 65 43 1 1 5
PNT 66 43 1 1 7
PNT 67 43 3 1 4
PNT 70 43 1 1 3
PNT 71 43 1 1 6
PNT 73 43 2 1 6
PNT 75 43 1 1 0
PNT 76 43 1 1 6
PNT 78 43 1 1 2
PNT 79 43 1 1 6
PNT 81 43 2 1 6
PNT 83 43 1 1 2
PNT 84 43 1 1 5
PNT 85 43 1 1 2
PNT 86 43 1 1 5
PNT 87 43 1 1 2
PNT 88 43 2 1 4
PNT 90 43 38 1 0
PNT 2 44 1 1 5
PNT 3 44 3 1 4
PNT 6 44 1 1 5
PNT 7 44 1 1 0
PNT 8 44 5 1 4
PNT 13 44 1 1 7
PNT 14 44 1 1 2
PNT 15 44 4 1 6
PNT 19 44 1 1 2
PNT 20 44 1 1 7
PNT 21 44 1 1 3
PNT 22 44 2 1 5
PNT 24 44 1 1 6
PNT 25 44 2 1 7
PNT 27 44 1 1 6
PNT 29 44 1 1 2
PNT 30 44 2 1 5
PNT 32 44 1 1 6
PNT 34 44 1 1 0
PNT 35 44 1 1 5
PNT 36 44 1 1 3
PNT 37 44 1 1 5
PNT 39 44 1 1 5
PNT 40 44 1 1 6
PNT 41 44 1 1 2
PNT 42 44 1 1 5
PNT 44 44 1 1 3
PNT 45 44 1 1 6
PNT 46 44 1 1 5
PNT 48 44 2 1 6
PNT 52 44 1 1 6
PNT 53 44 1 1 2
PNT 54 44 1 1 5
PNT 57 44 1 1 6
PNT 59 44 1 1 2
PNT 60 44 1 1 3
PNT 62 44 1 1 0
PNT 63 44 1 1 2
PNT 64 44 1 1 3
PNT 65 44 1 1 4
PNT 66 44 2 1 2
PNT 68 44 1 1 7
PNT 69 44 1 1 2
PNT 70 44 1 1 7
PNT 71 44 1 1 2
PNT 72 44 1 1 4
PNT 73 44 5 1 6
PNT 78 44 1 1 7
PNT 80 44 1 1 2
PNT 81 44 1 1 6
PNT 82 44 1 1 3
PNT 83 44 1 1 5
PNT 84 44 1 1 2
PNT 85 44 1 1 4
PNT 86 44 1 1 2
PNT 87 44 1 1 3
PNT 88 44 2 1 4
PNT 91 44 2 1 5
PNT 2 45 2 1 4
PNT 4 45 1 1 5
PNT 5 45 1 1 0
PNT 6 45 2 1 4
PNT 8 45 2 1 5
PNT 10 45 1 1 4
PNT 11 45 1 1 7
PNT 12 45 1 1 2
PNT 14 45 3 1 6
PNT 17 45 1 1 2
PNT 18 45 1 1 3
PNT 19 45 1 1 7
PNT 20 45 2 1 5
PNT 22 45 1 1 2
PNT 23 45 1 1 7
PNT 24 45 2 1 6
PNT 27 45 1 1 7
PNT 28 45 3 1 5
PNT 32 45 1 1 3
PNT 33 45 1 1 2
PNT 35 45 1 1 2
PNT 36 45 2 1 6
PNT 38 45 1 1 2
PNT 40 45 2 1 6
PNT 42 45 2 1 5
PNT 45 45 1 1 2
PNT 46 45 2 1 5
PNT 49 45 3 1 5
PNT 53 45 3 1 5
PNT 57 45 1 1 5
PNT 58 45 1 1 2
PNT 60 45 2 1 6
PNT 62 45 1 1 4
PNT 63 45 1 1 2
PNT 64 45 6 1 6
PNT 70 45 1 1 2
PNT 71 45 1 1 7
PNT 72 45 1 1 3
PNT 73 45 1 1 6
PNT 74 45 1 1 7
PNT 75 45 1 1 6
PNT 77 45 1 1 2
PNT 78 45 1 1 0
PNT 79 45 1 1 2
PNT 80 45 1 1 6
PNT 81 45 1 1 2
PNT 82 45 1 1 5
PNT 83 45 1 1 2
PNT 84 45 1 1 3
PNT 85 45 1 1 2
PNT 86 45 2 1 4
PNT 88 45 1 1 2
PNT 89 45 2 1 5
PNT 0 46 1 1 0
PNT 1 46 1 1 5
PNT 2 46 1 1 6
PNT 3 46 1 1 0
PNT 4 46 2 1 4
PNT 6 46 2 1 5
PNT 8 46 1 1 4
PNT 9 46 1 1 7
PNT 10 46 1 1 2
PNT 12 46 1 1 7
PNT 13 46 1 1 6
PNT 14 46 1 1 4
PNT 15 46 1 1 6
PNT 16 46 1 1 3
PNT 17 46 1 1 6
PNT 18 46 1 1 7
PNT 19 46 1 1 5
PNT 20 46 1 1 6
PNT 21 46 1 1 7
PNT 22 46 1 1 6
PNT 23 46 1 1 3
PNT 25 46 1 1 7
PNT 26 46 3 1 5
PNT 30 46 2 1 5
PNT 32 46 1 1 2
PNT 33 46 1 1 6
PNT 34 46 1 1 5
PNT 36 46 1 1 6
PNT 37 46 1 1 2
PNT 38 46 2 1 5
PNT 41 46 1 1 5
PNT 43 46 2 1 5
PNT 46 46 1 1 3
PNT 47 46 2 1 5
PNT 51 46 2 1 5
PNT 55 46 2 1 5
PNT 59 46 1 1 5
PNT 61 46 1 1 4
PNT 62 46 1 1 3
PNT 63 46 2 1 6
PNT 65 46 1 1 7
PNT 66 46 1 1 6
PNT 67 46 1 1 7
PNT 68 46 5 1 6
PNT 73 46 1 1 2
PNT 75 46 2 1 4
PNT 77 46 1 1 6
PNT 78 46 1 1 2
PNT 79 46 1 1 6
PNT 80 46 2 1 3
PNT 82 46 1 1 2
PNT 83 46 1 1 5
PNT 84 46 1 1 3
PNT 85 46 1 1 2
PNT 86 46 2 1 4
PNT 88 46 1 1 5
PNT 89 46 1 1 4
PNT 90 46 1 1 0
PNT 91 46 2 1 4
PNT 93 46 35 1 0
PNT 0 47 2 1 0
PNT 2 47 2 1 4
PNT 4 47 2 1 5
PNT 6 47 1 1 4
PNT 7 47 1 1 6
PNT 8 47 1 1 2
PNT 10 47 1 1 7
PNT 11 47 1 1 6
PNT 12 47 2 1 4
PNT 14 47 1 1 6
PNT 15 47 1 1 2
PNT 16 47 1 1 6
PNT 17 47 1 1 5
PNT 18 47 1 1 4
PNT 19 47 1 1 7
PNT 20 47 2 1 6
PNT 24 47 1 1 2
PNT 25 47 2 1 5
PNT 28 47 4 1 5
PNT 32 47 1 1 2
PNT 33 47 1 1 6
PNT 34 47 2 1 5
PNT 37 47 1 1 5
PNT 39 47 2 1 5
PNT 42 47 2 1 5
PNT 44 47 1 1 6
PNT 45 47 1 1 2
PNT 46 47 1 1 6
PNT 47 47 1 1 2
PNT 48 47 1 1 6
PNT 49 47 1 1 2
PNT 50 47 3 1 6
PNT 53 47 1 1 2
PNT 54 47 3 1 6
PNT 57 47 1 1 2
PNT 58 47 2 1 6
PNT 60 47 1 1 4
PNT 61 47 1 1 2
PNT 62 47 1 1 6
PNT 63 47 1 1 7
PNT 64 47 3 1 2
PNT 67 47 5 1 6
PNT 73 47 1 1 6
PNT 74 47 1 1 3
PNT 75 47 1 1 2
PNT 76 47 1 1 6
PNT 77 47 1 1 4
PNT 78 47 1 1 0
PNT 79 47 1 1 2
PNT 80 47 2 1 6
PNT 82 47 1 1 2
PNT 83 47 1 1 5
PNT 84 47 1 1 2
PNT 86 47 5 1 4
PNT 91 47 37 1 0
PNT 0 48 1 1 7
PNT 1 48 1 1 5
PNT 2 48 1 1 4
PNT 3 48 3 1 5
PNT 8 48 1 1 7
PNT 9 48 1 1 5
PNT 10 48 2 1 4
PNT 12 48 1 1 6
PNT 13 48 1 1 4
PNT 14 48 1 1 3
PNT 15 48 2 1 5
PNT 17 48 1 1 2
PNT 18 48 1 1 7
PNT 19 48 1 1 4
PNT 23 48 2 1 5
PNT 25 48 1 1 3
PNT 26 48 4 1 5
PNT 30 48 2 1 2
PNT 33 48 1 1 5
PNT 35 48 2 1 2
PNT 38 48 2 1 5
PNT 40 48 1 1 2
PNT 41 48 3 1 6
PNT 44 48 1 1 2
PNT 45 48 3 1 6
PNT 48 48 1 1 3
PNT 49 48 3 1 6
PNT 52 48 1 1 2
PNT 53 48 3 1 6
PNT 56 48 1 1 2
PNT 57 48 2 1 6
PNT 59 48 1 1 2
PNT 60 48 1 1 3
PNT 61 48 1 1 7
PNT 62 48 2 1 2
PNT 64 48 3 1 6
PNT 67 48 3 1 5
PNT 71 48 1 1 2
PNT 72 48 3 1 6
PNT 75 48 2 1 2
PNT 78 48 1 1 3
PNT 79 48 1 1 4
PNT 80 48 1 1 3
PNT 81 48 1 1 6
PNT 84 48 2 1 5
PNT 87 48 3 1 4
PNT 0 49 3 1 4
PNT 3 49 2 1 5
PNT 5 49 1 1 6
PNT 6 49 1 1 2
PNT 7 49 1 1 5
PNT 8 49 2 1 4
PNT 10 49 1 1 5
PNT 11 49 1 1 4
PNT 12 49 2 1 3
PNT 14 49 1 1 6
PNT 15 49 2 1 2
PNT 17 49 1 1 5
PNT 18 49 1 1 7
PNT 20 49 1 1 7
PNT 21 49 2 1 5
PNT 25 49 1 1 5
PNT 26 49 1 1 2
PNT 27 49 3 1 5
PNT 30 49 1 1 2
PNT 31 49 2 1 5
PNT 34 49 2 1 2
PNT 36 49 2 1 6
PNT 38 49 1 1 5
PNT 39 49 2 1 2
PNT 41 49 1 1 6
PNT 42 49 1 1 5
PNT 43 49 2 1 2
PNT 45 49 1 1 6
PNT 46 49 1 1 5
PNT 47 49 3 1 2
PNT 50 49 1 1 5
PNT 51 49 2 1 2
PNT 53 49 1 1 6
PNT 54 49 1 1 5
PNT 55 49 2 1 2
PNT 57 49 1 1 6
PNT 59 49 1 1 2
PNT 60 49 1 1 6
PNT 61 49 1 1 2
PNT 62 49 2 1 6
PNT 64 49 4 1 5
PNT 69 49 3 1 5
PNT 73 49 1 1 2
PNT 74 49 2 1 6
PNT 76 49 1 1 3
PNT 77 49 1 1 2
PNT 78 49 2 1 5
PNT 82 49 1 1 5
PNT 83 49 2 1 7
PNT 85 49 1 1 5
PNT 86 49 1 1 4
PNT 88 49 2 1 4
PNT 0 50 1 1 4
PNT 1 50 4 1 5
PNT 6 50 2 1 4
PNT 8 50 1 1 5
PNT 9 50 1 1 4
PNT 10 50 3 1 3
PNT 13 50 2 1 2
PNT 16 50 1 1 0
PNT 18 50 1 1 3
PNT 19 50 2 1 7
PNT 21 50 1 1 4
PNT 22 50 1 1 7
PNT 23 50 3 1 5
PNT 27 50 1 1 3
PNT 28 50 1 1 5
PNT 29 50 2 1 2
PNT 31 50 3 1 4
PNT 34 50 1 1 2
PNT 35 50 1 1 5
PNT 36 50 2 1 4
PNT 38 50 2 1 2
PNT 40 50 2 1 0
PNT 42 50 2 1 2
PNT 44 50 2 1 0
PNT 46 50 2 1 2
PNT 48 50 2 1 0
PNT 50 50 1 1 3
PNT 51 50 1 1 2
PNT 52 50 2 1 0
PNT 54 50 2 1 2
PNT 56 50 2 1 0
PNT 58 50 1 1 3
PNT 60 50 1 1 0
PNT 62 50 1 1 3
PNT 63 50 1 1 5
PNT 65 50 1 1 4
PNT 68 50 2 1 4
PNT 70 50 5 1 5
PNT 75 50 1 1 4
PNT 77 50 3 1 5
PNT 80 50 3 1 7
PNT 83 50 1 1 5
PNT 85 50 1 1 5
PNT 86 50 2 1 0
PNT 89 50 39 1 0
PNT 0 51 1 1 4
PNT 1 51 3 1 5
PNT 4 51 1 1 2
PNT 5 51 1 1 4
PNT 6 51 1 1 5
PNT 7 51 1 1 4
PNT 8 51 3 1 3
PNT 11 51 1 1 2
PNT 12 51 1 1 3
PNT 13 51 1 1 4
PNT 14 51 1 1 0
PNT 16 51 2 1 5
PNT 18 51 1 1 6
PNT 20 51 1 1 5
PNT 21 51 2 1 7
PNT 23 51 1 1 5
PNT 24 51 1 1 7
PNT 25 51 3 1 5
PNT 29 51 1 1 5
PNT 30 51 1 1 2
PNT 32 51 1 1 4
PNT 33 51 2 1 2
PNT 35 51 3 1 4
PNT 38 51 1 1 2
PNT 39 51 3 1 4
PNT 42 51 1 1 2
PNT 43 51 3 1 4
PNT 46 51 1 1 2
PNT 47 51 3 1 4
PNT 50 51 2 1 2
PNT 52 51 2 1 4
PNT 54 51 1 1 2
PNT 55 51 2 1 4
PNT 57 51 1 1 2
PNT 58 51 2 1 4
PNT 61 51 1 1 4
PNT 63 51 1 1 3
PNT 65 51 2 1 4
PNT 67 51 1 1 2
PNT 70 51 1 1 2
PNT 71 51 1 1 4
PNT 73 51 2 1 4
PNT 75 51 1 1 5
PNT 76 51 1 1 7
PNT 77 51 1 1 5
PNT 78 51 3 1 7
PNT 81 51 1 1 3
PNT 82 51 1 1 4
PNT 83 51 2 1 0
PNT 86 51 3 1 0
PNT 90 51 38 1 0
PNT 0 52 2 1 5
PNT 2 52 1 1 3
PNT 4 52 2 1 4
PNT 6 52 3 1 3
PNT 9 52 1 1 5
PNT 10 52 2 1 3
PNT 12 52 1 1 0
PNT 14 52 1 1 4
PNT 15 52 1 1 5
PNT 16 52 1 1 6
PNT 18 52 2 1 5
PNT 20 52 2 1 3
PNT 22 52 1 1 5
PNT 23 52 2 1 7
PNT 25 52 4 1 5
PNT 29 52 1 1 3
PNT 31 52 1 1 4
PNT 32 52 1 1 2
PNT 34 52 1 1 5
PNT 36 52 3 1 2
PNT 39 52 2 1 4
PNT 41 52 2 1 2
PNT 43 52 2 1 4
PNT 45 52 2 1 2
PNT 47 52 2 1 4
PNT 49 52 2 1 2
PNT 51 52 1 1 4
PNT 52 52 1 1 3
PNT 53 52 1 1 2
PNT 54 52 2 1 4
PNT 56 52 1 1 3
PNT 58 52 2 1 4
PNT 60 52 1 1 2
PNT 64 52 2 1 3
PNT 66 52 1 1 5
PNT 67 52 5 1 4
PNT 72 52 1 1 7
PNT 74 52 4 1 7
PNT 78 52 1 1 6
PNT 79 52 1 1 3
PNT 80 52 2 1 5
PNT 1 53 1 1 3
PNT 2 53 1 1 2
PNT 3 53 1 1 4
PNT 4 53 3 1 3
PNT 7 53 1 1 4
PNT 8 53 2 1 3
PNT 10 53 1 1 0
PNT 11 53 1 1 3
PNT 13 53 1 1 4
PNT 14 53 1 1 5
PNT 15 53 1 1 4
PNT 16 53 2 1 6
PNT 18 53 2 1 5
PNT 22 53 2 1 3
PNT 24 53 1 1 6
PNT 25 53 2 1 7
PNT 27 53 1 1 5
PNT 28 53 1 1 7
PNT 29 53 1 1 5
PNT 30 53 1 1 2
PNT 31 53 1 1 5
PNT 33 53 2 1 3
PNT 35 53 1 1 5
PNT 36 53 1 1 2
PNT 37 53 2 1 5
PNT 40 53 1 1 2
PNT 41 53 1 1 4
PNT 42 53 1 1 2
PNT 44 53 1 1 2
PNT 46 53 1 1 4
PNT 48 53 1 1 2
PNT 49 53 2 1 4
PNT 52 53 2 1 2
PNT 54 53 1 1 3
PNT 55 53 1 1 2
PNT 56 53 4 1 4
PNT 61 53 1 1 5
PNT 63 53 1 1 5
PNT 65 53 1 1 5
PNT 66 53 2 1 3
PNT 68 53 1 1 7
PNT 69 53 1 1 6
PNT 70 53 4 1 7
PNT 74 53 2 1 6
PNT 76 53 3 1 3
PNT 80 53 2 1 5
PNT 0 54 1 1 5
PNT 2 54 1 1 4
PNT 3 54 2 1 3
PNT 5 54 1 1 4
PNT 6 54 2 1 3
PNT 8 54 1 1 0
PNT 9 54 2 1 3
PNT 12 54 1 1 4
PNT 13 54 3 1 5
PNT 16 54 2 1 6
PNT 18 54 5 1 0
PNT 23 54 1 1 7
PNT 24 54 1 1 6
PNT 25 54 2 1 3
PNT 27 54 3 1 7
PNT 30 54 2 1 3
PNT 32 54 1 1 7
PNT 33 54 1 1 5
PNT 35 54 8 1 5
PNT 43 54 1 1 0
PNT 44 54 3 1 5
PNT 47 54 1 1 0
PNT 48 54 3 1 5
PNT 51 54 1 1 0
PNT 52 54 3 1 5
PNT 55 54 1 1 4
PNT 57 54 1 1 5
PNT 59 54 5 1 5
PNT 64 54 1 1 7
PNT 66 54 2 1 7
PNT 68 54 1 1 2
PNT 69 54 1 1 7
PNT 70 54 6 1 3
PNT 76 54 2 1 5
PNT 78 54 1 1 0
PNT 79 54 2 1 4
PNT 81 54 47 1 0
PNT 0 55 1 1 3
PNT 1 55 1 1 2
PNT 2 55 1 1 3
PNT 3 55 1 1 4
PNT 4 55 2 1 3
PNT 6 55 1 1 0
PNT 7 55 1 1 3
PNT 8 55 2 1 0
PNT 11 55 1 1 0
PNT 12 55 1 1 5
PNT 13 55 1 1 0
PNT 14 55 2 1 5
PNT 16 55 1 1 0
PNT 17 55 1 1 4
PNT 18 55 5 1 0
PNT 23 55 1 1 7
PNT 24 55 1 1 2
PNT 25 55 1 1 4
PNT 26 55 2 1 5
PNT 28 55 1 1 4
PNT 29 55 1 1 5
PNT 30 55 3 1 7
PNT 33 55 1 1 3
PNT 34 55 1 1 2
PNT 35 55 1 1 6
PNT 36 55 1 1 7
PNT 37 55 1 1 5
PNT 39 55 7 1 5
PNT 47 55 1 1 5
PNT 49 55 1 1 5
PNT 51 55 1 1 5
PNT 53 55 1 1 5
PNT 55 55 1 1 4
PNT 56 55 4 1 5
PNT 60 55 1 1 7
PNT 61 55 1 1 5
PNT 62 55 4 1 7
PNT 66 55 3 1 6
PNT 70 55 1 1 4
PNT 71 55 4 1 5
PNT 75 55 2 1 4
PNT 78 55 50 1 0
PNT 1 56 3 1 3
PNT 4 56 1 1 0
PNT 6 56 1 1 4
PNT 7 56 5 1 3
PNT 12 56 4 1 5
PNT 22 56 1 1 5
PNT 24 56 1 1 6
PNT 26 56 2 1 4
PNT 28 56 1 1 5
PNT 29 56 2 1 4
PNT 32 56 2 1 4
PNT 34 56 1 1 5
PNT 35 56 1 1 3
PNT 36 56 1 1 2
PNT 37 56 1 1 3
PNT 38 56 1 1 4
PNT 39 56 1 1 5
PNT 40 56 1 1 7
PNT 41 56 1 1 5
PNT 43 56 1 1 5
PNT 44 56 1 1 7
PNT 45 56 3 1 5
PNT 48 56 1 1 7
PNT 49 56 3 1 5
PNT 52 56 1 1 7
PNT 53 56 1 1 5
PNT 54 56 2 1 4
PNT 56 56 1 1 7
PNT 57 56 1 1 5
PNT 58 56 1 1 2
PNT 59 56 3 1 7
PNT 62 56 2 1 6
PNT 64 56 1 1 5
PNT 65 56 2 1 4
PNT 67 56 1 1 5
PNT 68 56 1 1 2
PNT 69 56 2 1 5
PNT 71 56 3 1 4
PNT 0 57 1 1 4
PNT 1 57 1 1 3
PNT 2 57 1 1 0
PNT 3 57 1 1 4
PNT 4 57 1 1 3
PNT 5 57 1 1 4
PNT 6 57 1 1 3
PNT 8 57 4 1 3
PNT 12 57 2 1 5
PNT 22 57 1 1 5
PNT 24 57 1 1 2
PNT 25 57 1 1 6
PNT 26 57 2 1 5
PNT 28 57 4 1 4
PNT 32 57 1 1 5
PNT 33 57 1 1 4
PNT 34 57 1 1 2
PNT 35 57 1 1 5
PNT 36 57 2 1 4
PNT 38 57 1 1 2
PNT 39 57 1 1 3
PNT 40 57 1 1 2
PNT 41 57 17 1 7
PNT 58 57 1 1 5
PNT 60 57 1 1 5
PNT 61 57 2 1 4
PNT 64 57 2 1 5
PNT 66 57 1 1 6
PNT 67 57 1 1 4
PNT 68 57 1 1 6
PNT 70 57 3 1 5
PNT 73 57 1 1 4
PNT 74 57 1 1 5
PNT 0 58 1 1 0
PNT 1 58 1 1 2
PNT 2 58 2 1 3
PNT 4 58 1 1 4
PNT 5 58 4 1 3
PNT 9 58 1 1 0
PNT 10 58 2 1 3
PNT 12 58 2 1 5
PNT 14 58 8 1 0
PNT 22 58 1 1 5
PNT 23 58 1 1 0
PNT 24 58 1 1 6
PNT 26 58 3 1 5
PNT 29 58 1 1 4
PNT 30 58 1 1 0
PNT 31 58 2 1 4
PNT 33 58 2 1 5
PNT 36 58 1 1 5
PNT 37 58 2 1 4
PNT 39 58 1 1 0
PNT 40 58 1 1 4
PNT 41 58 1 1 0
PNT 42 58 2 1 6
PNT 44 58 1 1 4
PNT 45 58 1 1 0
PNT 46 58 2 1 6
PNT 48 58 1 1 4
PNT 49 58 1 1 0
PNT 50 58 2 1 6
PNT 52 58 1 1 4
PNT 53 58 1 1 0
PNT 54 58 2 1 6
PNT 56 58 2 1 4
PNT 58 58 1 1 2
PNT 59 58 3 1 5
PNT 62 58 3 1 4
PNT 65 58 1 1 6
PNT 66 58 1 1 5
PNT 67 58 1 1 0
PNT 68 58 1 1 2
PNT 69 58 1 1 6
PNT 70 58 4 1 5
PNT 74 58 1 1 4
PNT 75 58 1 1 5
PNT 76 58 52 1 0
PNT 0 59 2 1 0
PNT 2 59 1 1 4
PNT 3 59 2 1 3
PNT 5 59 1 1 4
PNT 6 59 5 1 3
PNT 11 59 1 1 4
PNT 12 59 10 1 0
PNT 22 59 1 1 5
PNT 23 59 1 1 0
PNT 24 59 1 1 2
PNT 25 59 1 1 6
PNT 26 59 4 1 5
PNT 30 59 1 1 4
PNT 31 59 1 1 0
PNT 32 59 1 1 4
PNT 33 59 1 1 5
PNT 34 59 1 1 2
PNT 35 59 1 1 5
PNT 36 59 4 1 4
PNT 40 59 1 1 5
PNT 41 59 2 1 4
PNT 43 59 1 1 0
PNT 44 59 1 1 5
PNT 45 59 2 1 4
PNT 47 59 1 1 0
PNT 48 59 1 1 5
PNT 49 59 2 1 4
PNT 51 59 1 1 0
PNT 52 59 1 1 5
PNT 53 59 3 1 4
PNT 56 59 2 1 5
PNT 58 59 1 1 4
PNT 60 59 2 1 4
PNT 62 59 1 1 0
PNT 63 59 1 1 4
PNT 64 59 1 1 0
PNT 65 59 1 1 6
PNT 66 59 1 1 5
PNT 67 59 1 1 0
PNT 68 59 1 1 6
PNT 70 59 4 1 5
PNT 74 59 1 1 4
PNT 75 59 1 1 5
PNT 76 59 52 1 0
PNT 3 60 1 1 4
PNT 4 60 7 1 3
PNT 11 60 1 1 4
PNT 22 60 1 1 5
PNT 24 60 1 1 6
PNT 26 60 4 1 5
PNT 30 60 1 1 4
PNT 32 60 1 1 4
PNT 33 60 2 1 5
PNT 36 60 5 1 4
PNT 42 60 3 1 4
PNT 46 60 3 1 4
PNT 50 60 3 1 4
PNT 54 60 3 1 4
PNT 57 60 2 1 5
PNT 59 60 1 1 2
PNT 60 60 1 1 5
PNT 62 60 2 1 4
PNT 65 60 1 1 6
PNT 66 60 1 1 5
PNT 68 60 1 1 2
PNT 69 60 1 1 6
PNT 70 60 4 1 5
PNT 74 60 1 1 4
PNT 75 60 1 1 5
PNT 4 61 1 1 4
PNT 5 61 1 1 3
PNT 7 61 4 1 3
PNT 22 61 1 1 5
PNT 24 61 1 1 2
PNT 25 61 1 1 6
PNT 26 61 4 1 5
PNT 30 61 1 1 4
PNT 32 61 1 1 4
PNT 33 61 1 1 5
PNT 34 61 1 1 2
PNT 35 61 1 1 5
PNT 36 61 4 1 4
PNT 54 61 3 1 4
PNT 57 61 1 1 2
PNT 58 61 2 1 5
PNT 62 61 2 1 4
PNT 65 61 1 1 6
PNT 66 61 1 1 5
PNT 68 61 2 1 6
PNT 70 61 4 1 5
PNT 74 61 1 1 4
PNT 75 61 1 1 5
PNT 0 62 4 1 0
PNT 4 62 4 1 3
PNT 8 62 1 1 0
PNT 9 62 2 1 3
PNT 11 62 11 1 0
PNT 22 62 1 1 5
PNT 23 62 1 1 0
PNT 24 62 1 1 6
PNT 26 62 4 1 5
PNT 30 62 1 1 4
PNT 31 62 1 1 0
PNT 32 62 1 1 4
PNT 33 62 2 1 5
PNT 36 62 4 1 4
PNT 40 62 14 1 0
PNT 54 62 3 1 4
PNT 57 62 2 1 5
PNT 59 62 1 1 2
PNT 60 62 1 1 5
PNT 61 62 1 1 0
PNT 62 62 2 1 4
PNT 64 62 1 1 0
PNT 65 62 1 1 6
PNT 66 62 1 1 5
PNT 67 62 1 1 0
PNT 68 62 1 1 2
PNT 69 62 1 1 6
PNT 70 62 4 1 5
PNT 74 62 1 1 4
PNT 75 62 1 1 5
PNT 76 62 52 1 0
PNT 0 63 6 1 0
PNT 6 63 3 1 3
PNT 9 63 1 1 0
PNT 10 63 1 1 3
PNT 11 63 11 1 0
PNT 22 63 1 1 5
PNT 23 63 1 1 0
PNT 24 63 1 1 2
PNT 25 63 1 1 6
PNT 26 63 4 1 5
PNT 30 63 1 1 4
PNT 31 63 1 1 0
PNT 32 63 1 1 4
PNT 33 63 1 1 5
PNT 34 63 1 1 2
PNT 35 63 1 1 5
PNT 36 63 4 1 4
PNT 40 63 15 1 0
PNT 55 63 2 1 4
PNT 57 63 3 1 5
PNT 61 63 1 1 0
PNT 62 63 2 1 4
PNT 64 63 1 1 0
PNT 65 63 1 1 6
PNT 66 63 1 1 5
PNT 67 63 1 1 0
PNT 68 63 2 1 6
PNT 70 63 4 1 5
PNT 74 63 1 1 4
PNT 75 63 1 1 5
PNT 76 63 52 1 0
PNT 5 64 1 1 3
PNT 7 64 3 1 3
PNT 22 64 1 1 5
PNT 24 64 1 1 6
PNT 26 64 4 1 5
PNT 30 64 1 1 4
PNT 32 64 1 1 4
PNT 33 64 2 1 5
PNT 36 64 4 1 4
PNT 55 64 3 1 4
PNT 58 64 2 1 5
PNT 60 64 1 1 2
PNT 61 64 1 1 5
PNT 62 64 2 1 4
PNT 65 64 1 1 6
PNT 66 64 1 1 5
PNT 68 64 1 1 2
PNT 69 64 1 1 6
PNT 70 64 4 1 5
PNT 74 64 1 1 4
PNT 75 64 1 1 5
PNT 8 65 2 1 3
PNT 22 65 1 1 5
PNT 24 65 1 1 2
PNT 25 65 1 1 6
PNT 26 65 4 1 5
PNT 30 65 1 1 4
PNT 32 65 1 1 4
PNT 33 65 1 1 5
PNT 34 65 1 1 2
PNT 35 65 1 1 5
PNT 36 65 4 1 4
PNT 55 65 3 1 4
PNT 58 65 1 1 3
PNT 59 65 2 1 5
PNT 62 65 2 1 4
PNT 65 65 1 1 6
PNT 66 65 1 1 5
PNT 67 65 2 1 6
PNT 69 65 4 1 5
PNT 73 65 1 1 4
PNT 75 65 1 1 5
PNT 0 66 6 1 0
PNT 6 66 1 1 2
PNT 7 66 2 1 0
PNT 9 66 1 1 3
PNT 10 66 12 1 0
PNT 22 66 1 1 5
PNT 23 66 1 1 0
PNT 24 66 1 1 6
PNT 26 66 4 1 5
PNT 30 66 1 1 4
PNT 31 66 1 1 0
PNT 32 66 1 1 4
PNT 33 66 2 1 5
PNT 36 66 4 1 4
PNT 40 66 15 1 0
PNT 55 66 3 1 4
PNT 58 66 2 1 5
PNT 60 66 1 1 2
PNT 61 66 1 1 5
PNT 62 66 3 1 4
PNT 65 66 1 1 6
PNT 66 66 1 1 5
PNT 67 66 1 1 2
PNT 68 66 1 1 6
PNT 69 66 4 1 5
PNT 73 66 1 1 4
PNT 74 66 1 1 5
PNT 75 66 53 1 0
PNT 0 67 22 1 0
PNT 22 67 1 1 5
PNT 23 67 1 1 0
PNT 24 67 1 1 2
PNT 25 67 1 1 6
PNT 26 67 4 1 5
PNT 30 67 1 1 4
PNT 31 67 1 1 0
PNT 32 67 1 1 4
PNT 33 67 1 1 5
PNT 34 67 1 1 2
PNT 35 67 1 1 5
PNT 36 67 4 1 4
PNT 40 67 16 1 0
PNT 56 67 2 1 4
PNT 58 67 1 1 5
PNT 59 67 1 1 4
PNT 60 67 1 1 5
PNT 62 67 2 1 4
PNT 64 67 1 1 0
PNT 65 67 1 1 6
PNT 66 67 1 1 5
PNT 67 67 2 1 6
PNT 69 67 4 1 5
PNT 73 67 1 1 4
PNT 74 67 1 1 5
PNT 75 67 53 1 0
PNT 22 68 1 1 5
PNT 23 68 1 1 6
PNT 24 68 1 1 7
PNT 25 68 1 1 6
PNT 26 68 5 1 5
PNT 32 68 1 1 4
PNT 33 68 1 1 5
PNT 34 68 1 1 6
PNT 35 68 1 1 5
PNT 36 68 4 1 4
PNT 56 68 3 1 4
PNT 59 68 2 1 5
PNT 61 68 1 1 2
PNT 62 68 1 1 4
PNT 65 68 1 1 6
PNT 66 68 1 1 5
PNT 67 68 1 1 2
PNT 68 68 1 1 6
PNT 69 68 4 1 5
PNT 73 68 1 1 4
PNT 74 68 1 1 5
PNT 22 69 1 1 5
PNT 23 69 2 1 7
PNT 25 69 1 1 6
PNT 26 69 2 1 5
PNT 28 69 1 1 6
PNT 29 69 2 1 5
PNT 31 69 2 1 4
PNT 33 69 2 1 6
PNT 35 69 1 1 5
PNT 36 69 1 1 4
PNT 37 69 1 1 6
PNT 38 69 1 1 5
PNT 39 69 1 1 4
PNT 56 69 8 1 6
PNT 65 69 2 1 5
PNT 67 69 1 1 7
PNT 68 69 1 1 6
PNT 69 69 1 1 5
PNT 70 69 1 1 6
PNT 71 69 1 1 5
PNT 72 69 1 1 4
PNT 73 69 1 1 5
PNT 0 70 21 1 2
PNT 21 70 1 1 6
PNT 22 70 6 1 7
PNT 28 70 2 1 5
PNT 30 70 1 1 2
PNT 31 70 1 1 4
PNT 32 70 6 1 6
PNT 38 70 2 1 5
PNT 40 70 17 1 2
PNT 57 70 1 1 5
PNT 58 70 6 1 6
PNT 64 70 1 1 2
PNT 65 70 6 1 7
PNT 71 70 1 1 6
PNT 72 70 1 1 4
PNT 73 70 1 1 5
PNT 74 70 54 1 2
PNT 0 71 16 1 2
PNT 19 71 3 1 2
PNT 22 71 6 1 7
PNT 28 71 4 1 2
PNT 32 71 6 1 6
PNT 38 71 11 1 2
PNT 51 71 8 1 2
PNT 59 71 1 1 4
PNT 60 71 5 1 2
PNT 65 71 8 1 7
PNT 73 71 1 1 6
PNT 74 71 7 1 2
PNT 83 71 13 1 2
PNT 99 71 13 1 2
PNT 115 71 9 1 2
PNT 127 71 1 1 2
PNT 0 72 18 1 3
PNT 18 72 71 1 2
PNT 89 72 39 1 3
PNT 0 73 20 1 2
PNT 87 73 41 1 2
PNT 16 76 2 1 2
PNT 22 76 2 1 2
PNT 27 76 5 1 2
PNT 50 76 14 1 2
PNT 82 76 6 1 2
PNT 90 76 6 1 2
PNT 112 76 8 1 2
PNT 123 76 5 1 2
PNT 0 80 24 1 2
PNT 26 80 38 1 2
PNT 66 80 38 1 2
PNT 106 80 22 1 2
PNT 0 82 8 1 2
PNT 18 82 54 1 2
PNT 80 82 14 1 2
PNT 98 82 30 1 2
PNT 0 83 24 1 2
PNT 32 83 2 1 2
PNT 38 83 18 1 2
PNT 64 83 10 1 2
PNT 78 83 10 1 2
PNT 96 83 18 1 2
PNT 118 83 2 1 2
PNT 0 86 24 1 2
PNT 30 86 50 1 2
PNT 86 86 42 1 2
PNT 0 87 52 1 2
PNT 58 87 50 1 2
PNT 114 87 14 1 2
PNT 0 88 128 1 2
PNT 0 89 128 1 2
PNT 0 90 128 1 2
PNT 0 91 128 1 2
PNT 0 92 128 1 2
PNT 0 93 128 1 2
PNT 0 94 128 1 2
PNT 0 95 128 1 2
REC 1
C FRAME 13
CLR 1
PNT 0 6 128 1 0
PNT 0 7 128 1 0
PNT 110 8 1 1 5
PNT 109 9 1 1 5
PNT 116 9 1 1 5
PNT 0 10 20 1 0
PNT 22 10 62 1 0
PNT 86 10 19 1 0
PNT 105 10 1 1 5
PNT 106 10 1 1 0
PNT 107 10 1 1 7
PNT 108 10 2 1 5
PNT 110 10 5 1 0
PNT 115 10 1 1 5
PNT 116 10 12 1 0
PNT 0 11 105 1 0
PNT 105 11 1 1 5
PNT 106 11 2 1 0
PNT 108 11 1 1 5
PNT 109 11 3 1 0
PNT 112 11 1 1 5
PNT 113 11 1 1 0
PNT 114 11 1 1 7
PNT 115 11 2 1 5
PNT 117 11 11 1 0
PNT 106 12 2 1 5
PNT 108 12 1 1 6
PNT 109 12 1 1 5
PNT 112 12 1 1 5
PNT 114 12 2 1 5
PNT 106 13 2 1 5
PNT 108 13 1 1 6
PNT 109 13 1 1 5
PNT 113 13 1 1 5
PNT 114 13 1 1 6
PNT 115 13 1 1 5
PNT 0 14 105 1 0
PNT 105 14 2 1 5
PNT 107 14 1 1 7
PNT 108 14 1 1 5
PNT 109 14 4 1 0
PNT 113 14 3 1 5
PNT 116 14 12 1 0
PNT 0 15 105 1 0
PNT 105 15 4 1 5
PNT 109 15 4 1 0
PNT 113 15 1 1 7
PNT 114 15 1 1 5
PNT 115 15 13 1 0
PNT 106 16 2 1 5
PNT 113 16 3 1 5
PNT 86 17 1 1 4
PNT 106 17 2 1 5
PNT 108 17 3 1 6
PNT 112 17 1 1 5
PNT 114 17 1 1 5
PNT 0 18 6 1 0
PNT 10 18 52 1 0
PNT 64 18 2 1 0
PNT 66 18 1 1 3
PNT 67 18 18 1 0
PNT 85 18 1 1 4
PNT 86 18 1 1 0
PNT 87 18 1 1 4
PNT 88 18 6 1 0
PNT 96 18 7 1 0
PNT 103 18 11 1 7
PNT 114 18 1 1 6
PNT 115 18 13 1 0
PNT 0 19 10 1 0
PNT 13 19 17 1 0
PNT 32 19 35 1 0
PNT 67 19 2 1 3
PNT 69 19 15 1 0
PNT 84 19 1 1 5
PNT 85 19 1 1 0
PNT 86 19 1 1 4
PNT 87 19 1 1 0
PNT 88 19 1 1 4
PNT 89 19 12 1 0
PNT 101 19 2 1 7
PNT 103 19 1 1 6
PNT 104 19 1 1 7
PNT 105 19 5 1 5
PNT 110 19 1 1 7
PNT 111 19 1 1 5
PNT 113 19 1 1 5
PNT 114 19 2 1 7
PNT 116 19 2 1 0
PNT 118 19 2 1 4
PNT 120 19 8 1 0
PNT 68 20 2 1 3
PNT 70 20 1 1 4
PNT 84 20 1 1 5
PNT 98 20 1 1 3
PNT 99 20 1 1 2
PNT 100 20 1 1 3
PNT 101 20 3 1 2
PNT 104 20 2 1 5
PNT 106 20 5 1 3
PNT 111 20 3 1 5
PNT 114 20 1 1 2
PNT 115 20 1 1 5
PNT 116 20 2 1 7
PNT 74 21 1 1 4
PNT 83 21 1 1 5
PNT 85 21 1 1 5
PNT 87 21 1 1 4
PNT 97 21 1 1 2
PNT 98 21 1 1 7
PNT 99 21 1 1 6
PNT 101 21 1 1 2
PNT 106 21 5 1 5
PNT 111 21 2 1 3
PNT 113 21 3 1 5
PNT 116 21 1 1 7
PNT 117 21 1 1 4
PNT 118 21 1 1 7
PNT 0 22 22 1 0
PNT 26 22 16 1 0
PNT 45 22 27 1 0
PNT 72 22 2 1 4
PNT 77 22 6 1 0
PNT 83 22 1 1 5
PNT 84 22 1 1 0
PNT 85 22 1 1 5
PNT 86 22 8 1 0
PNT 95 22 1 1 0
PNT 96 22 1 1 3
PNT 97 22 1 1 6
PNT 99 22 2 1 2
PNT 103 22 3 1 2
PNT 109 22 2 1 0
PNT 111 22 1 1 7
PNT 112 22 1 1 6
PNT 113 22 3 1 5
PNT 116 22 2 1 4
PNT 118 22 1 1 2
PNT 119 22 1 1 7
PNT 120 22 8 1 0
PNT 0 23 26 1 0
PNT 29 23 17 1 0
PNT 48 23 26 1 0
PNT 74 23 2 1 4
PNT 76 23 1 1 0
PNT 77 23 1 1 5
PNT 80 23 2 1 0
PNT 82 23 1 1 5
PNT 83 23 1 1 0
PNT 84 23 1 1 5
PNT 85 23 1 1 0
PNT 86 23 1 1 5
PNT 87 23 7 1 0
PNT 94 23 2 1 2
PNT 97 23 1 1 2
PNT 98 23 1 1 6
PNT 100 23 1 1 3
PNT 101 23 2 1 5
PNT 104 23 1 1 3
PNT 105 23 1 1 5
PNT 106 23 1 1 4
PNT 107 23 1 1 3
PNT 108 23 1 1 2
PNT 112 23 2 1 2
PNT 114 23 1 1 3
PNT 115 23 5 1 4
PNT 121 23 1 1 4
PNT 122 23 6 1 0
PNT 76 24 1 1 4
PNT 77 24 1 1 5
PNT 79 24 2 1 5
PNT 82 24 1 1 5
PNT 84 24 1 1 5
PNT 94 24 1 1 3
PNT 95 24 1 1 2
PNT 96 24 1 1 6
PNT 98 24 1 1 3
PNT 99 24 1 1 2
PNT 102 24 4 1 4
PNT 106 24 1 1 3
PNT 107 24 1 1 2
PNT 114 24 2 1 2
PNT 116 24 1 1 5
PNT 117 24 5 1 4
PNT 122 24 1 1 2
PNT 78 25 2 1 5
PNT 81 25 3 1 5
PNT 85 25 1 1 5
PNT 93 25 1 1 2
PNT 94 25 1 1 7
PNT 95 25 2 1 6
PNT 97 25 1 1 2
PNT 99 25 1 1 6
PNT 100 25 1 1 5
PNT 101 25 1 1 6
PNT 102 25 3 1 4
PNT 105 25 1 1 3
PNT 106 25 1 1 2
PNT 109 25 1 1 2
PNT 112 25 1 1 2
PNT 113 25 2 1 3
PNT 116 25 1 1 2
PNT 117 25 1 1 4
PNT 118 25 1 1 7
PNT 119 25 1 1 4
PNT 120 25 1 1 7
PNT 0 26 80 1 0
PNT 80 26 2 1 5
PNT 82 26 1 1 0
PNT 83 26 2 1 5
PNT 85 26 5 1 0
PNT 91 26 1 1 0
PNT 92 26 1 1 3
PNT 93 26 1 1 2
PNT 94 26 1 1 6
PNT 96 26 1 1 3
PNT 97 26 5 1 6
PNT 102 26 2 1 7
PNT 104 26 1 1 3
PNT 105 26 1 1 4
PNT 109 26 3 1 6
PNT 112 26 1 1 5
PNT 113 26 1 1 2
PNT 118 26 2 1 4
PNT 120 26 1 1 3
PNT 121 26 7 1 0
PNT 0 27 80 1 0
PNT 80 27 1 1 5
PNT 81 27 1 1 0
PNT 82 27 4 1 5
PNT 86 27 4 1 0
PNT 90 27 1 1 2
PNT 91 27 1 1 7
PNT 93 27 2 1 6
PNT 95 27 1 1 2
PNT 97 27 1 1 5
PNT 98 27 2 1 6
PNT 101 27 2 1 6
PNT 103 27 2 1 4
PNT 105 27 1 1 7
PNT 106 27 2 1 5
PNT 108 27 1 1 3
PNT 112 27 1 1 3
PNT 113 27 3 1 5
PNT 116 27 1 1 4
PNT 117 27 1 1 5
PNT 118 27 1 1 4
PNT 119 27 1 1 7
PNT 120 27 8 1 0
PNT 80 28 1 1 6
PNT 81 28 1 1 0
PNT 82 28 1 1 7
PNT 83 28 1 1 6
PNT 84 28 2 1 5
PNT 90 28 1 1 6
PNT 91 28 1 1 2
PNT 92 28 1 1 6
PNT 94 28 1 1 3
PNT 95 28 1 1 6
PNT 96 28 1 1 5
PNT 97 28 5 1 6
PNT 104 28 1 1 4
PNT 105 28 1 1 5
PNT 106 28 2 1 7
PNT 108 28 1 1 5
PNT 109 28 1 1 2
PNT 110 28 1 1 3
PNT 111 28 1 1 2
PNT 112 28 2 1 5
PNT 114 28 1 1 4
PNT 116 28 1 1 4
PNT 117 28 2 1 7
PNT 78 29 1 1 6
PNT 79 29 1 1 0
PNT 80 29 1 1 7
PNT 81 29 1 1 6
PNT 82 29 1 1 7
PNT 83 29 1 1 6
PNT 84 29 1 1 0
PNT 86 29 1 1 5
PNT 89 29 1 1 6
PNT 90 29 1 1 7
PNT 91 29 2 1 6
PNT 93 29 1 1 2
PNT 95 29 1 1 5
PNT 96 29 2 1 6
PNT 99 29 3 1 6
PNT 103 29 1 1 4
PNT 106 29 1 1 4
PNT 107 29 1 1 5
PNT 108 29 3 1 7
PNT 114 29 1 1 4
PNT 115 29 2 1 7
PNT 117 29 1 1 4
PNT 0 30 10 1 0
PNT 12 30 54 1 0
PNT 68 30 8 1 0
PNT 76 30 1 1 6
PNT 77 30 1 1 0
PNT 78 30 1 1 7
PNT 79 30 1 1 6
PNT 80 30 1 1 7
PNT 81 30 1 1 5
PNT 82 30 1 1 0
PNT 83 30 1 1 2
PNT 84 30 1 1 6
PNT 85 30 1 1 0
PNT 87 30 2 1 6
PNT 89 30 1 1 7
PNT 90 30 1 1 3
PNT 92 30 1 1 3
PNT 93 30 2 1 5
PNT 95 30 3 1 6
PNT 100 30 2 1 0
PNT 102 30 1 1 4
PNT 103 30 2 1 0
PNT 105 30 1 1 4
PNT 106 30 4 1 0
PNT 110 30 1 1 5
PNT 111 30 4 1 7
PNT 115 30 1 1 4
PNT 116 30 2 1 0
PNT 118 30 1 1 4
PNT 119 30 9 1 0
PNT 0 31 14 1 0
PNT 16 31 18 1 0
PNT 36 31 38 1 0
PNT 74 31 1 1 6
PNT 75 31 1 1 0
PNT 76 31 1 1 7
PNT 77 31 1 1 6
PNT 78 31 1 1 7
PNT 79 31 1 1 5
PNT 80 31 1 1 0
PNT 81 31 1 1 2
PNT 83 31 2 1 5
PNT 85 31 1 1 4
PNT 86 31 1 1 2
PNT 87 31 1 1 6
PNT 89 31 2 1 7
PNT 91 31 1 1 2
PNT 93 31 3 1 6
PNT 97 31 3 1 6
PNT 100 31 4 1 0
PNT 104 31 1 1 4
PNT 105 31 11 1 0
PNT 116 31 1 1 4
PNT 117 31 11 1 0
PNT 72 32 1 1 6
PNT 73 32 1 1 0
PNT 74 32 1 1 7
PNT 75 32 1 1 6
PNT 76 32 1 1 7
PNT 77 32 1 1 5
PNT 78 32 1 1 0
PNT 79 32 1 1 2
PNT 81 32 2 1 5
PNT 83 32 1 1 4
PNT 85 32 2 1 6
PNT 87 32 1 1 2
PNT 88 32 1 1 7
PNT 89 32 1 1 2
PNT 92 32 2 1 6
PNT 96 32 2 1 6
PNT 70 33 1 1 5
PNT 71 33 1 1 0
PNT 72 33 2 1 6
PNT 76 33 1 1 0
PNT 77 33 1 1 2
PNT 80 33 1 1 5
PNT 81 33 2 1 4
PNT 83 33 1 1 7
PNT 85 33 1 1 6
PNT 87 33 1 1 7
PNT 88 33 1 1 5
PNT 89 33 1 1 2
PNT 91 33 3 1 6
PNT 95 33 1 1 6
PNT 0 34 26 1 0
PNT 28 34 2 1 0
PNT 32 34 16 1 0
PNT 51 34 17 1 0
PNT 68 34 1 1 5
PNT 69 34 1 1 0
PNT 70 34 1 1 6
PNT 71 34 1 1 5
PNT 72 34 1 1 6
PNT 73 34 1 1 5
PNT 74 34 1 1 0
PNT 75 34 1 1 2
PNT 77 34 2 1 5
PNT 79 34 1 1 4
PNT 83 34 1 1 4
PNT 84 34 1 1 6
PNT 85 34 1 1 2
PNT 86 34 1 1 6
PNT 87 34 1 1 7
PNT 88 34 1 1 3
PNT 89 34 1 1 5
PNT 90 34 6 1 6
PNT 96 34 16 1 0
PNT 115 34 13 1 0
PNT 0 35 32 1 0
PNT 35 35 9 1 0
PNT 44 35 6 1 7
PNT 52 35 8 1 7
PNT 60 35 1 1 6
PNT 61 35 5 1 0
PNT 66 35 1 1 5
PNT 67 35 1 1 0
PNT 68 35 1 1 6
PNT 69 35 1 1 5
PNT 70 35 1 1 6
PNT 71 35 1 1 4
PNT 72 35 1 1 0
PNT 73 35 1 1 2
PNT 75 35 2 1 5
PNT 77 35 2 1 4
PNT 79 35 1 1 6
PNT 80 35 2 1 4
PNT 85 35 1 1 6
PNT 86 35 1 1 7
PNT 87 35 1 1 2
PNT 89 35 3 1 6
PNT 93 35 3 1 6
PNT 96 35 18 1 0
PNT 116 35 12 1 0
PNT 38 36 1 1 2
PNT 40 36 4 1 7
PNT 44 36 14 1 6
PNT 58 36 1 1 2
PNT 59 36 1 1 6
PNT 60 36 4 1 7
PNT 64 36 1 1 4
PNT 65 36 1 1 0
PNT 66 36 1 1 6
PNT 67 36 1 1 5
PNT 68 36 1 1 6
PNT 69 36 1 1 4
PNT 70 36 1 1 0
PNT 71 36 1 1 2
PNT 73 36 4 1 4
PNT 77 36 1 1 6
PNT 78 36 2 1 4
PNT 80 36 1 1 6
PNT 81 36 1 1 5
PNT 82 36 3 1 6
PNT 86 36 1 1 7
PNT 87 36 1 1 2
PNT 88 36 6 1 6
PNT 34 37 1 1 2
PNT 36 37 4 1 7
PNT 40 37 2 1 6
PNT 42 37 1 1 2
PNT 43 37 1 1 6
PNT 44 37 1 1 2
PNT 45 37 1 1 6
PNT 46 37 1 1 2
PNT 47 37 15 1 6
PNT 62 37 1 1 2
PNT 63 37 1 1 0
PNT 64 37 4 1 7
PNT 68 37 1 1 0
PNT 69 37 1 1 2
PNT 71 37 2 1 4
PNT 73 37 1 1 3
PNT 74 37 1 1 4
PNT 75 37 1 1 6
PNT 76 37 2 1 4
PNT 78 37 4 1 5
PNT 83 37 1 1 6
PNT 85 37 2 1 7
PNT 87 37 2 1 6
PNT 89 37 1 1 5
PNT 91 37 3 1 6
PNT 0 38 10 1 0
PNT 10 38 1 1 2
PNT 11 38 19 1 0
PNT 30 38 1 1 2
PNT 31 38 1 1 0
PNT 32 38 4 1 7
PNT 36 38 2 1 6
PNT 38 38 1 1 2
PNT 39 38 1 1 6
PNT 40 38 1 1 2
PNT 41 38 1 1 6
PNT 42 38 1 1 7
PNT 43 38 1 1 0
PNT 44 38 3 1 7
PNT 47 38 1 1 0
PNT 48 38 3 1 7
PNT 51 38 1 1 0
PNT 52 38 1 1 7
PNT 54 38 1 1 7
PNT 55 38 1 1 0
PNT 56 38 1 1 6
PNT 58 38 1 1 6
PNT 60 38 1 1 6
PNT 61 38 1 1 0
PNT 62 38 1 1 5
PNT 64 38 1 1 5
PNT 65 38 1 1 4
PNT 66 38 1 1 0
PNT 67 38 1 1 2
PNT 69 38 3 1 7
PNT 72 38 1 1 3
PNT 73 38 1 1 6
PNT 74 38 2 1 4
PNT 76 38 2 1 0
PNT 78 38 1 1 6
PNT 79 38 3 1 5
PNT 84 38 1 1 3
PNT 85 38 1 1 7
PNT 86 38 1 1 3
PNT 87 38 1 1 6
PNT 88 38 4 1 5
PNT 92 38 36 1 0
PNT 0 39 9 1 0
PNT 9 39 1 1 3
PNT 10 39 18 1 0
PNT 29 39 3 1 7
PNT 32 39 2 1 4
PNT 34 39 1 1 2
PNT 35 39 1 1 6
PNT 36 39 1 1 2
PNT 37 39 1 1 6
PNT 38 39 1 1 7
PNT 39 39 1 1 0
PNT 40 39 5 1 7
PNT 45 39 1 1 0
PNT 46 39 2 1 7
PNT 48 39 1 1 0
PNT 49 39 2 1 7
PNT 51 39 1 1 0
PNT 52 39 2 1 7
PNT 54 39 1 1 0
PNT 55 39 4 1 7
PNT 59 39 1 1 0
PNT 60 39 2 1 6
PNT 62 39 1 1 5
PNT 63 39 2 1 3
PNT 65 39 1 1 2
PNT 67 39 2 1 4
PNT 69 39 1 1 3
PNT 70 39 1 1 2
PNT 71 39 1 1 5
PNT 72 39 4 1 7
PNT 76 39 2 1 0
PNT 78 39 2 1 5
PNT 81 39 2 1 5
PNT 83 39 1 1 2
PNT 84 39 1 1 7
PNT 85 39 1 1 5
PNT 86 39 1 1 6
PNT 87 39 1 1 5
PNT 89 39 3 1 5
PNT 92 39 36 1 0
PNT 6 40 1 1 4
PNT 8 40 1 1 3
PNT 11 40 1 1 6
PNT 25 40 2 1 6
PNT 27 40 2 1 7
PNT 29 40 3 1 4
PNT 32 40 1 1 2
PNT 33 40 1 1 6
PNT 34 40 1 1 7
PNT 35 40 1 1 0
PNT 36 40 3 1 7
PNT 39 40 1 1 0
PNT 40 40 1 1 7
PNT 42 40 1 1 7
PNT 43 40 1 1 6
PNT 44 40 1 1 2
PNT 45 40 1 1 5
PNT 46 40 1 1 7
PNT 48 40 2 1 5
PNT 50 40 1 1 7
PNT 51 40 2 1 5
PNT 54 40 1 1 7
PNT 55 40 1 1 5
PNT 56 40 1 1 7
PNT 57 40 1 1 0
PNT 58 40 2 1 7
PNT 60 40 1 1 4
PNT 61 40 1 1 5
PNT 62 40 1 1 7
PNT 63 40 1 1 2
PNT 65 40 2 1 3
PNT 67 40 2 1 6
PNT 70 40 1 1 6
PNT 73 40 2 1 5
PNT 75 40 1 1 6
PNT 76 40 3 1 7
PNT 79 40 3 1 5
PNT 82 40 1 1 2
PNT 83 40 1 1 7
PNT 84 40 1 1 5
PNT 85 40 1 1 2
PNT 86 40 2 1 5
PNT 89 40 1 1 5
PNT 5 41 1 1 4
PNT 7 41 1 1 4
PNT 9 41 1 1 6
PNT 12 41 1 1 6
PNT 23 41 2 1 6
PNT 25 41 2 1 7
PNT 27 41 1 1 4
PNT 28 41 1 1 2
PNT 29 41 1 1 6
PNT 30 41 1 1 2
PNT 31 41 1 1 0
PNT 32 41 4 1 7
PNT 36 41 1 1 0
PNT 37 41 2 1 7
PNT 39 41 2 1 6
PNT 41 41 4 1 5
PNT 45 41 1 1 2
PNT 46 41 1 1 5
PNT 47 41 1 1 2
PNT 48 41 1 1 5
PNT 49 41 1 1 2
PNT 50 41 1 1 5
PNT 51 41 1 1 2
PNT 52 41 1 1 5
PNT 53 41 1 1 2
PNT 54 41 1 1 5
PNT 55 41 2 1 2
PNT 57 41 1 1 5
PNT 58 41 1 1 7
PNT 59 41 1 1 5
PNT 60 41 1 1 3
PNT 61 41 1 1 5
PNT 63 41 1 1 0
PNT 64 41 2 1 7
PNT 66 41 1 1 6
PNT 67 41 1 1 0
PNT 68 41 1 1 3
PNT 69 41 4 1 6
PNT 74 41 1 1 2
PNT 75 41 1 1 6
PNT 77 41 2 1 5
PNT 79 41 2 1 7
PNT 81 41 1 1 5
PNT 82 41 2 1 7
PNT 84 41 1 1 6
PNT 85 41 1 1 5
PNT 87 41 2 1 5
PNT 89 41 1 1 2
PNT 0 42 4 1 0
PNT 4 42 1 1 5
PNT 5 42 1 1 0
PNT 6 42 4 1 4
PNT 10 42 1 1 6
PNT 11 42 1 1 0
PNT 12 42 1 1 6
PNT 13 42 8 1 0
PNT 21 42 1 1 7
PNT 22 42 1 1 6
PNT 23 42 2 1 7
PNT 25 42 1 1 5
PNT 26 42 1 1 2
PNT 27 42 1 1 0
PNT 28 42 1 1 6
PNT 29 42 1 1 7
PNT 30 42 2 1 6
PNT 32 42 1 1 7
PNT 33 42 1 1 0
PNT 34 42 1 1 7
PNT 36 42 1 1 6
PNT 37 42 3 1 5
PNT 40 42 1 1 0
PNT 42 42 1 1 5
PNT 43 42 1 1 0
PNT 44 42 1 1 5
PNT 46 42 1 1 0
PNT 47 42 2 1 5
PNT 49 42 1 1 0
PNT 50 42 2 1 5
PNT 52 42 2 1 0
PNT 54 42 1 1 5
PNT 55 42 1 1 0
PNT 56 42 1 1 5
PNT 57 42 1 1 2
PNT 58 42 1 1 0
PNT 59 42 1 1 2
PNT 60 42 1 1 5
PNT 61 42 1 1 2
PNT 62 42 1 1 7
PNT 63 42 1 1 5
PNT 64 42 1 1 7
PNT 65 42 1 1 2
PNT 66 42 1 1 0
PNT 67 42 1 1 7
PNT 68 42 1 1 6
PNT 69 42 1 1 2
PNT 70 42 1 1 6
PNT 71 42 1 1 0
PNT 72 42 2 1 6
PNT 77 42 4 1 5
PNT 81 42 1 1 7
PNT 82 42 2 1 6
PNT 84 42 1 1 3
PNT 85 42 1 1 5
PNT 86 42 1 1 2
PNT 88 42 1 1 2
PNT 89 42 39 1 0
PNT 0 43 3 1 0
PNT 3 43 4 1 5
PNT 7 43 2 1 4
PNT 9 43 1 1 0
PNT 10 43 2 1 4
PNT 12 43 1 1 0
PNT 13 43 1 1 6
PNT 14 43 1 1 0
PNT 15 43 1 1 7
PNT 16 43 3 1 6
PNT 19 43 2 1 7
PNT 21 43 1 1 2
PNT 22 43 1 1 7
PNT 23 43 1 1 5
PNT 24 43 1 1 2
PNT 25 43 1 1 5
PNT 26 43 1 1 6
PNT 27 43 1 1 7
PNT 28 43 2 1 6
PNT 30 43 1 1 7
PNT 31 43 1 1 6
PNT 32 43 1 1 2
PNT 33 43 2 1 6
PNT 35 43 2 1 5
PNT 37 43 1 1 0
PNT 38 43 2 1 5
PNT 40 43 1 1 3
PNT 41 43 1 1 5
PNT 43 43 1 1 5
PNT 44 43 1 1 3
PNT 45 43 1 1 6
PNT 47 43 1 1 5
PNT 48 43 1 1 3
PNT 49 43 1 1 6
PNT 51 43 1 1 5
PNT 52 43 1 1 3
PNT 53 43 1 1 6
PNT 55 43 1 1 5
PNT 56 43 1 1 3
PNT 58 43 2 1 5
PNT 60 43 3 1 2
PNT 63 43 1 1 5
PNT 64 43 1 1 2
PNT 65 43 1 1 5
PNT 66 43 1 1 7
PNT 67 43 3 1 4
PNT 70 43 1 1 3
PNT 71 43 1 1 6
PNT 73 43 2 1 6
PNT 75 43 1 1 0
PNT 76 43 1 1 6
PNT 78 43 1 1 2
PNT 79 43 1 1 6
PNT 81 43 2 1 6
PNT 83 43 1 1 2
PNT 84 43 1 1 5
PNT 85 43 1 1 2
PNT 86 43 1 1 5
PNT 87 43 1 1 2
PNT 88 43 2 1 4
PNT 90 43 38 1 0
PNT 2 44 1 1 5
PNT 3 44 3 1 4
PNT 6 44 1 1 5
PNT 7 44 1 1 0
PNT 8 44 5 1 4
PNT 13 44 1 1 7
PNT 14 44 1 1 2
PNT 15 44 4 1 6
PNT 19 44 1 1 2
PNT 20 44 1 1 7
PNT 21 44 1 1 3
PNT 22 44 2 1 5
PNT 24 44 1 1 6
PNT 25 44 2 1 7
PNT 27 44 1 1 6
PNT 29 44 1 1 2
PNT 30 44 2 1 5
PNT 32 44 1 1 6
PNT 34 44 1 1 0
PNT 35 44 1 1 5
PNT 36 44 1 1 3
PNT 37 44 1 1 5
PNT 39 44 1 1 5
PNT 40 44 1 1 6
PNT 41 44 1 1 2
PNT 42 44 1 1 5
PNT 44 44 1 1 3
PNT 45 44 1 1 6
PNT 46 44 1 1 5
PNT 48 44 2 1 6
PNT 52 44 1 1 6
PNT 53 44 1 1 2
PNT 54 44 1 1 5
PNT 57 44 1 1 6
PNT 59 44 1 1 2
PNT 60 44 1 1 3
PNT 62 44 1 1 0
PNT 63 44 1 1 2
PNT 64 44 1 1 3
PNT 65 44 1 1 4
PNT 66 44 2 1 2
PNT 68 44 1 1 7
PNT 69 44 1 1 2
PNT 70 44 1 1 7
PNT 71 44 1 1 2
PNT 72 44 1 1 4
PNT 73 44 5 1 6
PNT 78 44 1 1 7
PNT 80 44 1 1 2
PNT 81 44 1 1 6
PNT 82 44 1 1 3
PNT 83 44 1 1 5
PNT 84 44 1 1 2
PNT 85 44 1 1 4
PNT 86 44 1 1 2
PNT 87 44 1 1 3
PNT 88 44 2 1 4
PNT 91 44 2 1 5
PNT 2 45 2 1 4
PNT 4 45 1 1 5
PNT 5 45 1 1 0
PNT 6 45 2 1 4
PNT 8 45 2 1 5
PNT 10 45 1 1 4
PNT 11 45 1 1 7
PNT 12 45 1 1 2
PNT 14 45 3 1 6
PNT 17 45 1 1 2
PNT 18 45 1 1 3
PNT 19 45 1 1 7
PNT 20 45 2 1 5
PNT 22 45 1 1 2
PNT 23 45 1 1 7
PNT 24 45 2 1 6
PNT 27 45 1 1 7
PNT 28 45 3 1 5
PNT 32 45 1 1 3
PNT 33 45 1 1 2
PNT 35 45 1 1 2
PNT 36 45 2 1 6
PNT 38 45 1 1 2
PNT 40 45 2 1 6
PNT 42 45 2 1 5
PNT 45 45 1 1 2
PNT 46 45 2 1 5
PNT 49 45 3 1 5
PNT 53 45 3 1 5
PNT 57 45 1 1 5
PNT 58 45 1 1 2
PNT 60 45 2 1 6
PNT 62 45 1 1 4
PNT 63 45 1 1 2
PNT 64 45 6 1 6
PNT 70 45 1 1 2
PNT 71 45 1 1 7
PNT 72 45 1 1 3
PNT 73 45 1 1 6
PNT 74 45 1 1 7
PNT 75 45 1 1 6
PNT 77 45 1 1 2
PNT 78 45 1 1 0
PNT 79 45 1 1 2
PNT 80 45 1 1 6
PNT 81 45 1 1 2
PNT 82 45 1 1 5
PNT 83 45 1 1 2
PNT 84 45 1 1 3
PNT 85 45 1 1 2
PNT 86 45 2 1 4
PNT 88 45 1 1 2
PNT 89 45 2 1 5
PNT 0 46 1 1 0
PNT 1 46 1 1 5
PNT 2 46 1 1 6
PNT 3 46 1 1 0
PNT 4 46 2 1 4
PNT 6 46 2 1 5
PNT 8 46 1 1 4
PNT 9 46 1 1 7
PNT 10 46 1 1 2
PNT 12 46 1 1 7
PNT 13 46 1 1 6
PNT 14 46 1 1 4
PNT 15 46 1 1 6
PNT 16 46 1 1 3
PNT 17 46 1 1 6
PNT 18 46 1 1 7
PNT 19 46 1 1 5
PNT 20 46 1 1 6
PNT 21 46 1 1 7
PNT 22 46 1 1 6
PNT 23 46 1 1 3
PNT 25 46 1 1 7
PNT 26 46 3 1 5
PNT 30 46 2 1 5
PNT 32 46 1 1 2
PNT 33 46 1 1 6
PNT 34 46 1 1 5
PNT 36 46 1 1 6
PNT 37 46 1 1 2
PNT 38 46 2 1 5
PNT 41 46 1 1 5
PNT 43 46 2 1 5
PNT 46 46 1 1 3
PNT 47 46 2 1 5
PNT 51 46 2 1 5
PNT 55 46 2 1 5
PNT 59 46 1 1 5
PNT 61 46 1 1 4
PNT 62 46 1 1 3
PNT 63 46 2 1 6
PNT 65 46 1 1 7
PNT 66 46 1 1 6
PNT 67 46 1 1 7
PNT 68 46 5 1 6
PNT 73 46 1 1 2
PNT 75 46 2 1 4
PNT 77 46 1 1 6
PNT 78 46 1 1 2
PNT 79 46 1 1 6
PNT 80 46 2 1 3
PNT 82 46 1 1 2
PNT 83 46 1 1 5
PNT 84 46 1 1 3
PNT 85 46 1 1 2
PNT 86 46 2 1 4
PNT 88 46 1 1 5
PNT 89 46 1 1 4
PNT 90 46 1 1 0
PNT 91 46 2 1 4
PNT 93 46 35 1 0
PNT 0 47 2 1 0
PNT 2 47 2 1 4
PNT 4 47 2 1 5
PNT 6 47 1 1 4
PNT 7 47 1 1 6
PNT 8 47 1 1 2
PNT 10 47 1 1 7
PNT 11 47 1 1 6
PNT 12 47 2 1 4
PNT 14 47 1 1 6
PNT 15 47 1 1 2
PNT 16 47 1 1 6
PNT 17 47 1 1 5
PNT 18 47 1 1 4
PNT 19 47 1 1 7
PNT 20 47 2 1 6
PNT 24 47 1 1 2
PNT 25 47 2 1 5
PNT 28 47 4 1 5
PNT 32 47 1 1 2
PNT 33 47 1 1 6
PNT 34 47 2 1 5
PNT 37 47 1 1 5
PNT 39 47 2 1 5
PNT 42 47 2 1 5
PNT 44 47 1 1 6
PNT 45 47 1 1 2
PNT 46 47 1 1 6
PNT 47 47 1 1 2
PNT 48 47 1 1 6
PNT 49 47 1 1 2
PNT 50 47 3 1 6
PNT 53 47 1 1 2
PNT 54 47 3 1 6
PNT 57 47 1 1 2
PNT 58 47 2 1 6
PNT 60 47 1 1 4
PNT 61 47 1 1 2
PNT 62 47 1 1 6
PNT 63 47 1 1 7
PNT 64 47 3 1 2
PNT 67 47 5 1 6
PNT 73 47 1 1 6
PNT 74 47 1 1 3
PNT 75 47 1 1 2
PNT 76 47 1 1 6
PNT 77 47 1 1 4
PNT 78 47 1 1 0
PNT 79 47 1 1 2
PNT 80 47 2 1 6
PNT 82 47 1 1 2
PNT 83 47 1 1 5
PNT 84 47 1 1 2
PNT 86 47 5 1 4
PNT 91 47 37 1 0
PNT 0 48 1 1 7
PNT 1 48 1 1 5
PNT 2 48 1 1 4
PNT 3 48 3 1 5
PNT 8 48 1 1 7
PNT 9 48 1 1 5
PNT 10 48 2 1 4
PNT 12 48 1 1 6
PNT 13 48 1 1 4
PNT 14 48 1 1 3
PNT 15 48 2 1 5
PNT 17 48 1 1 2
PNT 18 48 1 1 7
PNT 19 48 1 1 4
PNT 23 48 2 1 5
PNT 25 48 1 1 3
PNT 26 48 4 1 5
PNT 30 48 2 1 2
PNT 33 48 1 1 5
PNT 35 48 2 1 2
PNT 38 48 2 1 5
PNT 40 48 1 1 2
PNT 41 48 3 1 6
PNT 44 48 1 1 2
PNT 45 48 3 1 6
PNT 48 48 1 1 3
PNT 49 48 3 1 6
PNT 52 48 1 1 2
PNT 53 48 3 1 6
PNT 56 48 1 1 2
PNT 57 48 2 1 6
PNT 59 48 1 1 2
PNT 60 48 1 1 3
PNT 61 48 1 1 7
PNT 62 48 2 1 2
PNT 64 48 3 1 6
PNT 67 48 3 1 5
PNT 71 48 1 1 2
PNT 72 48 3 1 6
PNT 75 48 2 1 2
PNT 78 48 1 1 3
PNT 79 48 1 1 4
PNT 80 48 1 1 3
PNT 81 48 1 1 6
PNT 84 48 2 1 5
PNT 87 48 3 1 4
PNT 0 49 3 1 4
PNT 3 49 2 1 5
PNT 5 49 1 1 6
PNT 6 49 1 1 2
PNT 7 49 1 1 5
PNT 8 49 2 1 4
PNT 10 49 1 1 5
PNT 11 49 1 1 4
PNT 12 49 2 1 3
PNT 14 49 1 1 6
PNT 15 49 2 1 2
PNT 17 49 1 1 5
PNT 18 49 1 1 7
PNT 20 49 1 1 7
PNT 21 49 2 1 5
PNT 25 49 1 1 5
PNT 26 49 1 1 2
PNT 27 49 3 1 5
PNT 30 49 1 1 2
PNT 31 49 2 1 5
PNT 34 49 2 1 2
PNT 36 49 2 1 6
PNT 38 49 1 1 5
PNT 39 49 2 1 2
PNT 41 49 1 1 6
PNT 42 49 1 1 5
PNT 43 49 2 1 2
PNT 45 49 1 1 6
PNT 46 49 1 1 5
PNT 47 49 3 1 2
PNT 50 49 1 1 5
PNT 51 49 2 1 2
PNT 53 49 1 1 6
PNT 54 49 1 1 5
PNT 55 49 2 1 2
PNT 57 49 1 1 6
PNT 59 49 1 1 2
PNT 60 49 1 1 6
PNT 61 49 1 1 2
PNT 62 49 2 1 6
PNT 64 49 4 1 5
PNT 69 49 3 1 5
PNT 73 49 1 1 2
PNT 74 49 2 1 6
PNT 76 49 1 1 3
PNT 77 49 1 1 2
PNT 78 49 2 1 5
PNT 82 49 1 1 5
PNT 83 49 2 1 7
PNT 85 49 1 1 5
PNT 86 49 1 1 4
PNT 88 49 2 1 4
PNT 0 50 1 1 4
PNT 1 50 4 1 5
PNT 6 50 2 1 4
PNT 8 50 1 1 5
PNT 9 50 1 1 4
PNT 10 50 3 1 3
PNT 13 50 2 1 2
PNT 16 50 1 1 0
PNT 18 50 1 1 3
PNT 19 50 2 1 7
PNT 21 50 1 1 4
PNT 22 50 1 1 7
PNT 23 50 3 1 5
PNT 27 50 1 1 3
PNT 28 50 1 1 5
PNT 29 50 2 1 2
PNT 31 50 3 1 4
PNT 34 50 1 1 2
PNT 35 50 1 1 5
PNT 36 50 2 1 4
PNT 38 50 2 1 2
PNT 40 50 2 1 0
PNT 42 50 2 1 2
PNT 44 50 2 1 0
PNT 46 50 2 1 2
PNT 48 50 2 1 0
PNT 50 50 1 1 3
PNT 51 50 1 1 2
PNT 52 50 2 1 0
PNT 54 50 2 1 2
PNT 56 50 2 1 0
PNT 58 50 1 1 3
PNT 60 50 1 1 0
PNT 62 50 1 1 3
PNT 63 50 1 1 5
PNT 65 50 1 1 4
PNT 68 50 2 1 4
PNT 70 50 5 1 5
PNT 75 50 1 1 4
PNT 77 50 3 1 5
PNT 80 50 3 1 7
PNT 83 50 1 1 5
PNT 85 50 1 1 5
PNT 86 50 2 1 0
PNT 89 50 39 1 0
PNT 0 51 1 1 4
PNT 1 51 3 1 5
PNT 4 51 1 1 2
PNT 5 51 1 1 4
PNT 6 51 1 1 5
PNT 7 51 1 1 4
PNT 8 51 3 1 3
PNT 11 51 1 1 2
PNT 12 51 1 1 3
PNT 13 51 1 1 4
PNT 14 51 1 1 0
PNT 16 51 2 1 5
PNT 18 51 1 1 6
PNT 20 51 1 1 5
PNT 21 51 2 1 7
PNT 23 51 1 1 5
PNT 24 51 1 1 7
PNT 25 51 3 1 5
PNT 29 51 1 1 5
PNT 30 51 1 1 2
PNT 32 51 1 1 4
PNT 33 51 2 1 2
PNT 35 51 3 1 4
PNT 38 51 1 1 2
PNT 39 51 3 1 4
PNT 42 51 1 1 2
PNT 43 51 3 1 4
PNT 46 51 1 1 2
PNT 47 51 3 1 4
PNT 50 51 2 1 2
PNT 52 51 2 1 4
PNT 54 51 1 1 2
PNT 55 51 2 1 4
PNT 57 51 1 1 2
PNT 58 51 2 1 4
PNT 61 51 1 1 4
PNT 63 51 1 1 3
PNT 65 51 2 1 4
PNT 67 51 1 1 2
PNT 70 51 1 1 2
PNT 71 51 1 1 4
PNT 73 51 2 1 4
PNT 75 51 1 1 5
PNT 76 51 1 1 7
PNT 77 51 1 1 5
PNT 78 51 3 1 7
PNT 81 51 1 1 3
PNT 82 51 1 1 4
PNT 83 51 2 1 0
PNT 86 51 3 1 0
PNT 90 51 38 1 0
PNT 0 52 2 1 5
PNT 2 52 1 1 3
PNT 4 52 2 1 4
PNT 6 52 3 1 3
PNT 9 52 1 1 5
PNT 10 52 2 1 3
PNT 12 52 1 1 0
PNT 14 52 1 1 4
PNT 15 52 1 1 5
PNT 16 52 1 1 6
PNT 18 52 2 1 5
PNT 20 52 2 1 3
PNT 22 52 1 1 5
PNT 23 52 2 1 7
PNT 25 52 4 1 5
PNT 29 52 1 1 3
PNT 31 52 1 1 4
PNT 32 52 1 1 2
PNT 34 52 1 1 5
PNT 36 52 3 1 2
PNT 39 52 2 1 4
PNT 41 52 2 1 2
PNT 43 52 2 1 4
PNT 45 52 2 1 2
PNT 47 52 2 1 4
PNT 49 52 2 1 2
PNT 51 52 1 1 4
PNT 52 52 1 1 3
PNT 53 52 1 1 2
PNT 54 52 2 1 4
PNT 56 52 1 1 3
PNT 58 52 2 1 4
PNT 60 52 1 1 2
PNT 64 52 2 1 3
PNT 66 52 1 1 5
PNT 67 52 5 1 4
PNT 72 52 1 1 7
PNT 74 52 4 1 7
PNT 78 52 1 1 6
PNT 79 52 1 1 3
PNT 80 52 2 1 5
PNT 1 53 1 1 3
PNT 2 53 1 1 2
PNT 3 53 1 1 4
PNT 4 53 3 1 3
PNT 7 53 1 1 4
PNT 8 53 2 1 3
PNT 10 53 1 1 0
PNT 11 53 1 1 3
PNT 13 53 1 1 4
PNT 14 53 1 1 5
PNT 15 53 1 1 4
PNT 16 53 2 1 6
PNT 18 53 2 1 5
PNT 22 53 2 1 3
PNT 24 53 1 1 6
PNT 25 53 2 1 7
PNT 27 53 1 1 5
PNT 28 53 1 1 7
PNT 29 53 1 1 5
PNT 30 53 1 1 2
PNT 31 53 1 1 5
PNT 33 53 2 1 3
PNT 35 53 1 1 5
PNT 36 53 1 1 2
PNT 37 53 2 1 5
PNT 40 53 1 1 2
PNT 41 53 1 1 4
PNT 42 53 1 1 2
PNT 44 53 1 1 2
PNT 46 53 1 1 4
PNT 48 53 1 1 2
PNT 49 53 2 1 4
PNT 52 53 2 1 2
PNT 54 53 1 1 3
PNT 55 53 1 1 2
PNT 56 53 4 1 4
PNT 61 53 1 1 5
PNT 63 53 1 1 5
PNT 65 53 1 1 5
PNT 66 53 2 1 3
PNT 68 53 1 1 7
PNT 69 53 1 1 6
PNT 70 53 4 1 7
PNT 74 53 2 1 6
PNT 76 53 3 1 3
PNT 80 53 2 1 5
PNT 0 54 1 1 5
PNT 2 54 1 1 4
PNT 3 54 2 1 3
PNT 5 54 1 1 4
PNT 6 54 2 1 3
PNT 8 54 1 1 0
PNT 9 54 2 1 3
PNT 12 54 1 1 4
PNT 13 54 3 1 5
PNT 16 54 2 1 6
PNT 18 54 5 1 0
PNT 23 54 1 1 7
PNT 24 54 1 1 6
PNT 25 54 2 1 3
PNT 27 54 3 1 7
PNT 30 54 2 1 3
PNT 32 54 1 1 7
PNT 33 54 1 1 5
PNT 35 54 8 1 5
PNT 43 54 1 1 0
PNT 44 54 3 1 5
PNT 47 54 1 1 0
PNT 48 54 3 1 5
PNT 51 54 1 1 0
PNT 52 54 3 1 5
PNT 55 54 1 1 4
PNT 57 54 1 1 5
PNT 59 54 5 1 5
PNT 64 54 1 1 7
PNT 66 54 2 1 7
PNT 68 54 1 1 2
PNT 69 54 1 1 7
PNT 70 54 6 1 3
PNT 76 54 2 1 5
PNT 78 54 1 1 0
PNT 79 54 2 1 4
PNT 81 54 47 1 0
PNT 0 55 1 1 3
PNT 1 55 1 1 2
PNT 2 55 1 1 3
PNT 3 55 1 1 4
PNT 4 55 2 1 3
PNT 6 55 1 1 0
PNT 7 55 1 1 3
PNT 8 55 2 1 0
PNT 11 55 1 1 0
PNT 12 55 1 1 5
PNT 13 55 1 1 0
PNT 14 55 2 1 5
PNT 16 55 1 1 0
PNT 17 55 1 1 4
PNT 18 55 5 1 0
PNT 23 55 1 1 7
PNT 24 55 1 1 2
PNT 25 55 1 1 4
PNT 26 55 2 1 5
PNT 28 55 1 1 4
PNT 29 55 1 1 5
PNT 30 55 3 1 7
PNT 33 55 1 1 3
PNT 34 55 1 1 2
PNT 35 55 1 1 6
PNT 36 55 1 1 7
PNT 37 55 1 1 5
PNT 39 55 7 1 5
PNT 47 55 1 1 5
PNT 49 55 1 1 5
PNT 51 55 1 1 5
PNT 53 55 1 1 5
PNT 55 55 1 1 4
PNT 56 55 4 1 5
PNT 60 55 1 1 7
PNT 61 55 1 1 5
PNT 62 55 4 1 7
PNT 66 55 3 1 6
PNT 70 55 1 1 4
PNT 71 55 4 1 5
PNT 75 55 2 1 4
PNT 78 55 50 1 0
PNT 1 56 3 1 3
PNT 4 56 1 1 0
PNT 6 56 1 1 4
PNT 7 56 5 1 3
PNT 12 56 4 1 5
PNT 22 56 1 1 5
PNT 24 56 1 1 6
PNT 26 56 2 1 4
PNT 28 56 1 1 5
PNT 29 56 2 1 4
PNT 32 56 2 1 4
PNT 34 56 1 1 5
PNT 35 56 1 1 3
PNT 36 56 1 1 2
PNT 37 56 1 1 3
PNT 38 56 1 1 4
PNT 39 56 1 1 5
PNT 40 56 1 1 7
PNT 41 56 1 1 5
PNT 43 56 1 1 5
PNT 44 56 1 1 7
PNT 45 56 3 1 5
PNT 48 56 1 1 7
PNT 49 56 3 1 5
PNT 52 56 1 1 7
PNT 53 56 1 1 5
PNT 54 56 2 1 4
PNT 56 56 1 1 7
PNT 57 56 1 1 5
PNT 58 56 1 1 2
PNT 59 56 3 1 7
PNT 62 56 2 1 6
PNT 64 56 1 1 5
PNT 65 56 2 1 4
PNT 67 56 1 1 5
PNT 68 56 1 1 2
PNT 69 56 2 1 5
PNT 71 56 3 1 4
PNT 0 57 1 1 4
PNT 1 57 1 1 3
PNT 2 57 1 1 0
PNT 3 57 1 1 4
PNT 4 57 1 1 3
PNT 5 57 1 1 4
PNT 6 57 1 1 3
PNT 8 57 4 1 3
PNT 12 57 2 1 5
PNT 22 57 1 1 5
PNT 24 57 1 1 2
PNT 25 57 1 1 6
PNT 26 57 2 1 5
PNT 28 57 4 1 4
PNT 32 57 1 1 5
PNT 33 57 1 1 4
PNT 34 57 1 1 2
PNT 35 57 1 1 5
PNT 36 57 2 1 4
PNT 38 57 1 1 2
PNT 39 57 1 1 3
PNT 40 57 1 1 2
PNT 41 57 17 1 7
PNT 58 57 1 1 5
PNT 60 57 1 1 5
PNT 61 57 2 1 4
PNT 64 57 2 1 5
PNT 66 57 1 1 6
PNT 67 57 1 1 4
PNT 68 57 1 1 6
PNT 70 57 3 1 5
PNT 73 57 1 1 4
PNT 74 57 1 1 5
PNT 0 58 1 1 0
PNT 1 58 1 1 2
PNT 2 58 2 1 3
PNT 4 58 1 1 4
PNT 5 58 4 1 3
PNT 9 58 1 1 0
PNT 10 58 2 1 3
PNT 12 58 2 1 5
PNT 14 58 8 1 0
PNT 22 58 1 1 5
PNT 23 58 1 1 0
PNT 24 58 1 1 6
PNT 26 58 3 1 5
PNT 29 58 1 1 4
PNT 30 58 1 1 0
PNT 31 58 2 1 4
PNT 33 58 2 1 5
PNT 36 58 1 1 5
PNT 37 58 2 1 4
PNT 39 58 1 1 0
PNT 40 58 1 1 4
PNT 41 58 1 1 0
PNT 42 58 2 1 6
PNT 44 58 1 1 4
PNT 45 58 1 1 0
PNT 46 58 2 1 6
PNT 48 58 1 1 4
PNT 49 58 1 1 0
PNT 50 58 2 1 6
PNT 52 58 1 1 4
PNT 53 58 1 1 0
PNT 54 58 2 1 6
PNT 56 58 2 1 4
PNT 58 58 1 1 2
PNT 59 58 3 1 5
PNT 62 58 3 1 4
PNT 65 58 1 1 6
PNT 66 58 1 1 5
PNT 67 58 1 1 0
PNT 68 58 1 1 2
PNT 69 58 1 1 6
PNT 70 58 4 1 5
PNT 74 58 1 1 4
PNT 75 58 1 1 5
PNT 76 58 52 1 0
PNT 0 59 2 1 0
PNT 2 59 1 1 4
PNT 3 59 2 1 3
PNT 5 59 1 1 4
PNT 6 59 5 1 3
PNT 11 59 1 1 4
PNT 12 59 10 1 0
PNT 22 59 1 1 5
PNT 23 59 1 1 0
PNT 24 59 1 1 2
PNT 25 59 1 1 6
PNT 26 59 4 1 5
PNT 30 59 1 1 4
PNT 31 59 1 1 0
PNT 32 59 1 1 4
PNT 33 59 1 1 5
PNT 34 59 1 1 2
PNT 35 59 1 1 5
PNT 36 59 4 1 4
PNT 40 59 1 1 5
PNT 41 59 2 1 4
PNT 43 59 1 1 0
PNT 44 59 1 1 5
PNT 45 59 2 1 4
PNT 47 59 1 1 0
PNT 48 59 1 1 5
PNT 49 59 2 1 4
PNT 51 59 1 1 0
PNT 52 59 1 1 5
PNT 53 59 3 1 4
PNT 56 59 2 1 5
PNT 58 59 1 1 4
PNT 60 59 2 1 4
PNT 62 59 1 1 0
PNT 63 59 1 1 4
PNT 64 59 1 1 0
PNT 65 59 1 1 6
PNT 66 59 1 1 5
PNT 67 59 1 1 0
PNT 68 59 1 1 6
PNT 70 59 4 1 5
PNT 74 59 1 1 4
PNT 75 59 1 1 5
PNT 76 59 52 1 0
PNT 3 60 1 1 4
PNT 4 60 7 1 3
PNT 11 60 1 1 4
PNT 22 60 1 1 5
PNT 24 60 1 1 6
PNT 26 60 4 1 5
PNT 30 60 1 1 4
PNT 32 60 1 1 4
PNT 33 60 2 1 5
PNT 36 60 5 1 4
PNT 42 60 3 1 4
PNT 46 60 3 1 4
PNT 50 60 3 1 4
PNT 54 60 3 1 4
PNT 57 60 2 1 5
PNT 59 60 1 1 2
PNT 60 60 1 1 5
PNT 62 60 2 1 4
PNT 65 60 1 1 6
PNT 66 60 1 1 5
PNT 68 60 1 1 2
PNT 69 60 1 1 6
PNT 70 60 4 1 5
PNT 74 60 1 1 4
PNT 75 60 1 1 5
PNT 4 61 1 1 4
PNT 5 61 1 1 3
PNT 7 61 4 1 3
PNT 22 61 1 1 5
PNT 24 61 1 1 2
PNT 25 61 1 1 6
PNT 26 61 4 1 5
PNT 30 61 1 1 4
PNT 32 61 1 1 4
PNT 33 61 1 1 5
PNT 34 61 1 1 2
PNT 35 61 1 1 5
PNT 36 61 4 1 4
PNT 54 61 3 1 4
PNT 57 61 1 1 2
PNT 58 61 2 1 5
PNT 62 61 2 1 4
PNT 65 61 1 1 6
PNT 66 61 1 1 5
PNT 68 61 2 1 6
PNT 70 61 4 1 5
PNT 74 61 1 1 4
PNT 75 61 1 1 5
PNT 0 62 4 1 0
PNT 4 62 4 1 3
PNT 8 62 1 1 0
PNT 9 62 2 1 3
PNT 11 62 11 1 0
PNT 22 62 1 1 5
PNT 23 62 1 1 0
PNT 24 62 1 1 6
PNT 26 62 4 1 5
PNT 30 62 1 1 4
PNT 31 62 1 1 0
PNT 32 62 1 1 4
PNT 33 62 2 1 5
PNT 36 62 4 1 4
PNT 40 62 14 1 0
PNT 54 62 3 1 4
PNT 57 62 2 1 5
PNT 59 62 1 1 2
PNT 60 62 1 1 5
PNT 61 62 1 1 0
PNT 62 62 2 1 4
PNT 64 62 1 1 0
PNT 65 62 1 1 6
PNT 66 62 1 1 5
PNT 67 62 1 1 0
PNT 68 62 1 1 2
PNT 69 62 1 1 6
PNT 70 62 4 1 5
PNT 74 62 1 1 4
PNT 75 62 1 1 5
PNT 76 62 52 1 0
PNT 0 63 6 1 0
PNT 6 63 3 1 3
PNT 9 63 1 1 0
PNT 10 63 1 1 3
PNT 11 63 11 1 0
PNT 22 63 1 1 5
PNT 23 63 1 1 0
PNT 24 63 1 1 2
PNT 25 63 1 1 6
PNT 26 63 4 1 5
PNT 30 63 1 1 4
PNT 31 63 1 1 0
PNT 32 63 1 1 4
PNT 33 63 1 1 5
PNT 34 63 1 1 2
PNT 35 63 1 1 5
PNT 36 63 4 1 4
PNT 40 63 15 1 0
PNT 55 63 2 1 4
PNT 57 63 3 1 5
PNT 61 63 1 1 0
PNT 62 63 2 1 4
PNT 64 63 1 1 0
PNT 65 63 1 1 6
PNT 66 63 1 1 5
PNT 67 63 1 1 0
PNT 68 63 2 1 6
PNT 70 63 4 1 5
PNT 74 63 1 1 4
PNT 75 63 1 1 5
PNT 76 63 52 1 0
PNT 5 64 1 1 3
PNT 7 64 3 1 3
PNT 22 64 1 1 5
PNT 24 64 1 1 6
PNT 26 64 4 1 5
PNT 30 64 1 1 4
PNT 32 64 1 1 4
PNT 33 64 2 1 5
PNT 36 64 4 1 4
PNT 55 64 3 1 4
PNT 58 64 2 1 5
PNT 60 64 1 1 2
PNT 61 64 1 1 5
PNT 62 64 2 1 4
PNT 65 64 1 1 6
PNT 66 64 1 1 5
PNT 68 64 1 1 2
PNT 69 64 1 1 6
PNT 70 64 4 1 5
PNT 74 64 1 1 4
PNT 75 64 1 1 5
PNT 8 65 2 1 3
PNT 22 65 1 1 5
PNT 24 65 1 1 2
PNT 25 65 1 1 6
PNT 26 65 4 1 5
PNT 30 65 1 1 4
PNT 32 65 1 1 4
PNT 33 65 1 1 5
PNT 34 65 1 1 2
PNT 35 65 1 1 5
PNT 36 65 4 1 4
PNT 55 65 3 1 4
PNT 58 65 1 1 3
PNT 59 65 2 1 5
PNT 62 65 2 1 4
PNT 65 65 1 1 6
PNT 66 65 1 1 5
PNT 67 65 2 1 6
PNT 69 65 4 1 5
PNT 73 65 1 1 4
PNT 75 65 1 1 5
PNT 0 66 6 1 0
PNT 6 66 1 1 2
PNT 7 66 2 1 0
PNT 9 66 1 1 3
PNT 10 66 12 1 0
PNT 22 66 1 1 5
PNT 23 66 1 1 0
PNT 24 66 1 1 6
PNT 26 66 4 1 5
PNT 30 66 1 1 4
PNT 31 66 1 1 0
PNT 32 66 1 1 4
PNT 33 66 2 1 5
PNT 36 66 4 1 4
PNT 40 66 15 1 0
PNT 55 66 3 1 4
PNT 58 66 2 1 5
PNT 60 66 1 1 2
PNT 61 66 1 1 5
PNT 62 66 3 1 4
PNT 65 66 1 1 6
PNT 66 66 1 1 5
PNT 67 66 1 1 2
PNT 68 66 1 1 6
PNT 69 66 4 1 5
PNT 73 66 1 1 4
PNT 74 66 1 1 5
PNT 75 66 53 1 0
PNT 0 67 22 1 0
PNT 22 67 1 1 5
PNT 23 67 1 1 0
PNT 24 67 1 1 2
PNT 25 67 1 1 6
PNT 26 67 4 1 5
PNT 30 67 1 1 4
PNT 31 67 1 1 0
PNT 32 67 1 1 4
PNT 33 67 1 1 5
PNT 34 67 1 1 2
PNT 35 67 1 1 5
PNT 36 67 4 1 4
PNT 40 67 16 1 0
PNT 56 67 2 1 4
PNT 58 67 1 1 5
PNT 59 67 1 1 4
PNT 60 67 1 1 5
PNT 62 67 2 1 4
PNT 64 67 1 1 0
PNT 65 67 1 1 6
PNT 66 67 1 1 5
PNT 67 67 2 1 6
PNT 69 67 4 1 5
PNT 73 67 1 1 4
PNT 74 67 1 1 5
PNT 75 67 53 1 0
PNT 22 68 1 1 5
PNT 23 68 1 1 6
PNT 24 68 1 1 7
PNT 25 68 1 1 6
PNT 26 68 5 1 5
PNT 32 68 1 1 4
PNT 33 68 1 1 5
PNT 34 68 1 1 6
PNT 35 68 1 1 5
PNT 36 68 4 1 4
PNT 56 68 3 1 4
PNT 59 68 2 1 5
PNT 61 68 1 1 2
PNT 62 68 1 1 4
PNT 65 68 1 1 6
PNT 66 68 1 1 5
PNT 67 68 1 1 2
PNT 68 68 1 1 6
PNT 69 68 4 1 5
PNT 73 68 1 1 4
PNT 74 68 1 1 5
PNT 22 69 1 1 5
PNT 23 69 2 1 7
PNT 25 69 1 1 6
PNT 26 69 2 1 5
PNT 28 69 1 1 6
PNT 29 69 2 1 5
PNT 31 69 2 1 4
PNT 33 69 2 1 6
PNT 35 69 1 1 5
PNT 36 69 1 1 4
PNT 37 69 1 1 6
PNT 38 69 1 1 5
PNT 39 69 1 1 4
PNT 56 69 8 1 6
PNT 65 69 2 1 5
PNT 67 69 1 1 7
PNT 68 69 1 1 6
PNT 69 69 1 1 5
PNT 70 69 1 1 6
PNT 71 69 1 1 5
PNT 72 69 1 1 4
PNT 73 69 1 1 5
PNT 0 70 21 1 2
PNT 21 70 1 1 6
PNT 22 70 6 1 7
PNT 28 70 2 1 5
PNT 30 70 1 1 2
PNT 31 70 1 1 4
PNT 32 70 6 1 6
PNT 38 70 2 1 5
PNT 40 70 17 1 2
PNT 57 70 1 1 5
PNT 58 70 6 1 6
PNT 64 70 1 1 2
PNT 65 70 6 1 7
PNT 71 70 1 1 6
PNT 72 70 1 1 4
PNT 73 70 1 1 5
PNT 74 70 54 1 2
PNT 0 71 16 1 2
PNT 19 71 3 1 2
PNT 22 71 6 1 7
PNT 28 71 4 1 2
PNT 32 71 6 1 6
PNT 38 71 11 1 2
PNT 51 71 8 1 2
PNT 59 71 1 1 4
PNT 60 71 5 1 2
PNT 65 71 8 1 7
PNT 73 71 1 1 6
PNT 74 71 7 1 2
PNT 83 71 13 1 2
PNT 99 71 13 1 2
PNT 115 71 9 1 2
PNT 127 71 1 1 2
PNT 0 72 18 1 3
PNT 18 72 71 1 2
PNT 89 72 39 1 3
PNT 0 73 20 1 2
PNT 87 73 41 1 2
PNT 16 76 2 1 2
PNT 22 76 2 1 2
PNT 27 76 5 1 2
PNT 50 76 14 1 2
PNT 82 76 6 1 2
PNT 90 76 6 1 2
PNT 112 76 8 1 2
PNT 123 76 5 1 2
PNT 0 80 24 1 2
PNT 26 80 38 1 2
PNT 66 80 38 1 2
PNT 106 80 22 1 2
PNT 0 82 8 1 2
PNT 18 82 54 1 2
PNT 80 82 14 1 2
PNT 98 82 30 1 2
PNT 0 83 24 1 2
PNT 32 83 2 1 2
PNT 38 83 18 1 2
PNT 64 83 10 1 2
PNT 78 83 10 1 2
PNT 96 83 18 1 2
PNT 118 83 2 1 2
PNT 0 86 24 1 2
PNT 30 86 50 1 2
PNT 86 86 42 1 2
PNT 0 87 52 1 2
PNT 58 87 50 1 2
PNT 114 87 14 1 2
PNT 0 88 128 1 2
PNT 0 89 128 1 2
PNT 0 90 128 1 2
PNT 0 91 128 1 2
PNT 0 92 128 1 2
PNT 0 93 128 1 2
PNT 0 94 128 1 2
PNT 0 95 128 1 2
REC 1
C FRAME 14
CLR 1
PNT 0 6 128 1 0
PNT 0 7 128 1 0
PNT 110 8 1 1 5
PNT 109 9 1 1 5
PNT 116 9 1 1 5
PNT 0 10 20 1 0
PNT 22 10 62 1 0
PNT 86 10 19 1 0
PNT 105 10 1 1 5
PNT 106 10 1 1 0
PNT 107 10 1 1 7
PNT 108 10 2 1 5
PNT 110 10 5 1 0
PNT 115 10 1 1 5
PNT 116 10 12 1 0
PNT 0 11 105 1 0
PNT 105 11 1 1 5
PNT 106 11 2 1 0
PNT 108 11 1 1 5
PNT 109 11 3 1 0
PNT 112 11 1 1 5
PNT 113 11 1 1 0
PNT 114 11 1 1 7
PNT 115 11 2 1 5
PNT 117 11 11 1 0
PNT 106 12 2 1 5
PNT 108 12 1 1 6
PNT 109 12 1 1 5
PNT 112 12 1 1 5
PNT 114 12 2 1 5
PNT 106 13 2 1 5
PNT 108 13 1 1 6
PNT 109 13 1 1 5
PNT 113 13 1 1 5
PNT 114 13 1 1 6
PNT 115 13 1 1 5
PNT 0 14 105 1 0
PNT 105 14 2 1 5
PNT 107 14 1 1 7
PNT 108 14 1 1 5
PNT 109 14 4 1 0
PNT 113 14 3 1 5
PNT 116 14 12 1 0
PNT 0 15 105 1 0
PNT 105 15 4 1 5
PNT 109 15 4 1 0
PNT 113 15 1 1 7
PNT 114 15 1 1 5
PNT 115 15 13 1 0
PNT 106 16 2 1 5
PNT 113 16 3 1 5
PNT 86 17 1 1 4
PNT 106 17 2 1 5
PNT 108 17 3 1 6
PNT 112 17 1 1 5
PNT 114 17 1 1 5
PNT 0 18 6 1 0
PNT 10 18 52 1 0
PNT 64 18 2 1 0
PNT 66 18 1 1 3
PNT 67 18 18 1 0
PNT 85 18 1 1 4
PNT 86 18 1 1 0
PNT 87 18 1 1 4
PNT 88 18 6 1 0
PNT 96 18 7 1 0
PNT 103 18 11 1 7
PNT 114 18 1 1 6
PNT 115 18 13 1 0
PNT 0 19 10 1 0
PNT 13 19 17 1 0
PNT 32 19 35 1 0
PNT 67 19 2 1 3
PNT 69 19 15 1 0
PNT 84 19 1 1 5
PNT 85 19 1 1 0
PNT 86 19 1 1 4
PNT 87 19 1 1 0
PNT 88 19 1 1 4
PNT 89 19 12 1 0
PNT 101 19 2 1 7
PNT 103 19 1 1 6
PNT 104 19 1 1 7
PNT 105 19 5 1 5
PNT 110 19 1 1 7
PNT 111 19 1 1 5
PNT 113 19 1 1 5
PNT 114 19 2 1 7
PNT 116 19 2 1 0
PNT 118 19 2 1 4
PNT 120 19 8 1 0
PNT 68 20 2 1 3
PNT 70 20 1 1 4
PNT 84 20 1 1 5
PNT 98 20 1 1 3
PNT 99 20 1 1 2
PNT 100 20 1 1 3
PNT 101 20 3 1 2
PNT 104 20 2 1 5
PNT 106 20 5 1 3
PNT 111 20 3 1 5
PNT 114 20 1 1 2
PNT 115 20 1 1 5
PNT 116 20 2 1 7
PNT 74 21 1 1 4
PNT 83 21 1 1 5
PNT 85 21 1 1 5
PNT 87 21 1 1 4
PNT 97 21 1 1 2
PNT 98 21 1 1 7
PNT 99 21 1 1 6
PNT 101 21 1 1 2
PNT 106 21 5 1 5
PNT 111 21 2 1 3
PNT 113 21 3 1 5
PNT 116 21 1 1 7
PNT 117 21 1 1 4
PNT 118 21 1 1 7
PNT 0 22 22 1 0
PNT 26 22 16 1 0
PNT 45 22 27 1 0
PNT 72 22 2 1 4
PNT 77 22 6 1 0
PNT 83 22 1 1 5
PNT 84 22 1 1 0
PNT 85 22 1 1 5
PNT 86 22 8 1 0
PNT 95 22 1 1 0
PNT 96 22 1 1 3
PNT 97 22 1 1 6
PNT 99 22 2 1 2
PNT 103 22 3 1 2
PNT 109 22 2 1 0
PNT 111 22 1 1 7
PNT 112 22 1 1 6
PNT 113 22 3 1 5
PNT 116 22 2 1 4
PNT 118 22 1 1 2
PNT 119 22 1 1 7
PNT 120 22 8 1 0
PNT 0 23 26 1 0
PNT 29 23 17 1 0
PNT 48 23 26 1 0
PNT 74 23 2 1 4
PNT 76 23 1 1 0
PNT 77 23 1 1 5
PNT 80 23 2 1 0
PNT 82 23 1 1 5
PNT 83 23 1 1 0
PNT 84 23 1 1 5
PNT 85 23 1 1 0
PNT 86 23 1 1 5
PNT 87 23 7 1 0
PNT 94 23 2 1 2
PNT 97 23 1 1 2
PNT 98 23 1 1 6
PNT 100 23 1 1 3
PNT 101 23 2 1 5
PNT 104 23 1 1 3
PNT 105 23 1 1 5
PNT 106 23 1 1 4
PNT 107 23 1 1 3
PNT 108 23 1 1 2
PNT 112 23 2 1 2
PNT 114 23 1 1 3
PNT 115 23 5 1 4
PNT 121 23 1 1 4
PNT 122 23 6 1 0
PNT 76 24 1 1 4
PNT 77 24 1 1 5
PNT 79 24 2 1 5
PNT 82 24 1 1 5
PNT 84 24 1 1 5
PNT 94 24 1 1 3
PNT 95 24 1 1 2
PNT 96 24 1 1 6
PNT 98 24 1 1 3
PNT 99 24 1 1 2
PNT 102 24 4 1 4
PNT 106 24 1 1 3
PNT 107 24 1 1 2
PNT 114 24 2 1 2
PNT 116 24 1 1 5
PNT 117 24 5 1 4
PNT 122 24 1 1 2
PNT 78 25 2 1 5
PNT 81 25 3 1 5
PNT 85 25 1 1 5
PNT 93 25 1 1 2
PNT 94 25 1 1 7
PNT 95 25 2 1 6
PNT 97 25 1 1 2
PNT 99 25 1 1 6
PNT 100 25 1 1 5
PNT 101 25 1 1 6
PNT 102 25 3 1 4
PNT 105 25 1 1 3
PNT 106 25 1 1 2
PNT 109 25 1 1 2
PNT 112 25 1 1 2
PNT 113 25 2 1 3
PNT 116 25 1 1 2
PNT 117 25 1 1 4
PNT 118 25 1 1 7
PNT 119 25 1 1 4
PNT 120 25 1 1 7
PNT 0 26 80 1 0
PNT 80 26 2 1 5
PNT 82 26 1 1 0
PNT 83 26 2 1 5
PNT 85 26 5 1 0
PNT 91 26 1 1 0
PNT 92 26 1 1 3
PNT 93 26 1 1 2
PNT 94 26 1 1 6
PNT 96 26 1 1 3
PNT 97 26 5 1 6
PNT 102 26 2 1 7
PNT 104 26 1 1 3
PNT 105 26 1 1 4
PNT 109 26 3 1 6
PNT 112 26 1 1 5
PNT 113 26 1 1 2
PNT 118 26 2 1 4
PNT 120 26 1 1 3
PNT 121 26 7 1 0
PNT 0 27 80 1 0
PNT 80 27 1 1 5
PNT 81 27 1 1 0
PNT 82 27 4 1 5
PNT 86 27 4 1 0
PNT 90 27 1 1 2
PNT 91 27 1 1 7
PNT 93 27 2 1 6
PNT 95 27 1 1 2
PNT 97 27 1 1 5
PNT 98 27 2 1 6
PNT 101 27 2 1 6
PNT 103 27 2 1 4
PNT 105 27 1 1 7
PNT 106 27 2 1 5
PNT 108 27 1 1 3
PNT 112 27 1 1 3
PNT 113 27 3 1 5
PNT 116 27 1 1 4
PNT 117 27 1 1 5
PNT 118 27 1 1 4
PNT 119 27 1 1 7
PNT 120 27 8 1 0
PNT 80 28 1 1 6
PNT 81 28 1 1 0
PNT 82 28 1 1 7
PNT 83 28 1 1 6
PNT 84 28 2 1 5
PNT 90 28 1 1 6
PNT 91 28 1 1 2
PNT 92 28 1 1 6
PNT 94 28 1 1 3
PNT 95 28 1 1 6
PNT 96 28 1 1 5
PNT 97 28 5 1 6
PNT 104 28 1 1 4
PNT 105 28 1 1 5
PNT 106 28 2 1 7
PNT 108 28 1 1 5
PNT 109 28 1 1 2
PNT 110 28 1 1 3
PNT 111 28 1 1 2
PNT 112 28 2 1 5
PNT 114 28 1 1 4
PNT 116 28 1 1 4
PNT 117 28 2 1 7
PNT 78 29 1 1 6
PNT 79 29 1 1 0
PNT 80 29 1 1 7
PNT 81 29 1 1 6
PNT 82 29 1 1 7
PNT 83 29 1 1 6
PNT 84 29 1 1 0
PNT 86 29 1 1 5
PNT 89 29 1 1 6
PNT 90 29 1 1 7
PNT 91 29 2 1 6
PNT 93 29 1 1 2
PNT 95 29 1 1 5
PNT 96 29 2 1 6
PNT 99 29 3 1 6
PNT 103 29 1 1 4
PNT 106 29 1 1 4
PNT 107 29 1 1 5
PNT 108 29 3 1 7
PNT 114 29 1 1 4
PNT 115 29 2 1 7
PNT 117 29 1 1 4
PNT 0 30 10 1 0
PNT 12 30 54 1 0
PNT 68 30 8 1 0
PNT 76 30 1 1 6
PNT 77 30 1 1 0
PNT 78 30 1 1 7
PNT 79 30 1 1 6
PNT 80 30 1 1 7
PNT 81 30 1 1 5
PNT 82 30 1 1 0
PNT 83 30 1 1 2
PNT 84 30 1 1 6
PNT 85 30 1 1 0
PNT 87 30 2 1 6
PNT 89 30 1 1 7
PNT 90 30 1 1 3
PNT 92 30 1 1 3
PNT 93 30 2 1 5
PNT 95 30 3 1 6
PNT 100 30 2 1 0
PNT 102 30 1 1 4
PNT 103 30 2 1 0
PNT 105 30 1 1 4
PNT 106 30 4 1 0
PNT 110 30 1 1 5
PNT 111 30 4 1 7
PNT 115 30 1 1 4
PNT 116 30 2 1 0
PNT 118 30 1 1 4
PNT 119 30 9 1 0
PNT 0 31 14 1 0
PNT 16 31 18 1 0
PNT 36 31 38 1 0
PNT 74 31 1 1 6
PNT 75 31 1 1 0
PNT 76 31 1 1 7
PNT 77 31 1 1 6
PNT 78 31 1 1 7
PNT 79 31 1 1 5
PNT 80 31 1 1 0
PNT 81 31 1 1 2
PNT 83 31 2 1 5
PNT 85 31 1 1 4
PNT 86 31 1 1 2
PNT 87 31 1 1 6
PNT 89 31 2 1 7
PNT 91 31 1 1 2
PNT 93 31 3 1 6
PNT 97 31 3 1 6
PNT 100 31 4 1 0
PNT 104 31 1 1 4
PNT 105 31 11 1 0
PNT 116 31 1 1 4
PNT 117 31 11 1 0
PNT 72 32 1 1 6
PNT 73 32 1 1 0
PNT 74 32 1 1 7
PNT 75 32 1 1 6
PNT 76 32 1 1 7
PNT 77 32 1 1 5
PNT 78 32 1 1 0
PNT 79 32 1 1 2
PNT 81 32 2 1 5
PNT 83 32 1 1 4
PNT 85 32 2 1 6
PNT 87 32 1 1 2
PNT 88 32 1 1 7
PNT 89 32 1 1 2
PNT 92 32 2 1 6
PNT 96 32 2 1 6
PNT 70 33 1 1 5
PNT 71 33 1 1 0
PNT 72 33 2 1 6
PNT 76 33 1 1 0
PNT 77 33 1 1 2
PNT 80 33 1 1 5
PNT 81 33 2 1 4
PNT 83 33 1 1 7
PNT 85 33 1 1 6
PNT 87 33 1 1 7
PNT 88 33 1 1 5
PNT 89 33 1 1 2
PNT 91 33 3 1 6
PNT 95 33 1 1 6
PNT 0 34 26 1 0
PNT 28 34 2 1 0
PNT 32 34 16 1 0
PNT 51 34 17 1 0
PNT 68 34 1 1 5
PNT 69 34 1 1 0
PNT 70 34 1 1 6
PNT 71 34 1 1 5
PNT 72 34 1 1 6
PNT 73 34 1 1 5
PNT 74 34 1 1 0
PNT 75 34 1 1 2
PNT 77 34 2 1 5
PNT 79 34 1 1 4
PNT 83 34 1 1 4
PNT 84 34 1 1 6
PNT 85 34 1 1 2
PNT 86 34 1 1 6
PNT 87 34 1 1 7
PNT 88 34 1 1 3
PNT 89 34 1 1 5
PNT 90 34 6 1 6
PNT 96 34 16 1 0
PNT 115 34 13 1 0
PNT 0 35 32 1 0
PNT 35 35 9 1 0
PNT 44 35 6 1 7
PNT 52 35 8 1 7
PNT 60 35 1 1 6
PNT 61 35 5 1 0
PNT 66 35 1 1 5
PNT 67 35 1 1 0
PNT 68 35 1 1 6
PNT 69 35 1 1 5
PNT 70 35 1 1 6
PNT 71 35 1 1 4
PNT 72 35 1 1 0
PNT 73 35 1 1 2
PNT 75 35 2 1 5
PNT 77 35 2 1 4
PNT 79 35 1 1 6
PNT 80 35 2 1 4
PNT 85 35 1 1 6
PNT 86 35 1 1 7
PNT 87 35 1 1 2
PNT 89 35 3 1 6
PNT 93 35 3 1 6
PNT 96 35 18 1 0
PNT 116 35 12 1 0
PNT 38 36 1 1 2
PNT 40 36 4 1 7
PNT 44 36 14 1 6
PNT 58 36 1 1 2
PNT 59 36 1 1 6
PNT 60 36 4 1 7
PNT 64 36 1 1 4
PNT 65 36 1 1 0
PNT 66 36 1 1 6
PNT 67 36 1 1 5
PNT 68 36 1 1 6
PNT 69 36 1 1 4
PNT 70 36 1 1 0
PNT 71 36 1 1 2
PNT 73 36 4 1 4
PNT 77 36 1 1 6
PNT 78 36 2 1 4
PNT 80 36 1 1 6
PNT 81 36 1 1 5
PNT 82 36 3 1 6
PNT 86 36 1 1 7
PNT 87 36 1 1 2
PNT 88 36 6 1 6
PNT 34 37 1 1 2
PNT 36 37 4 1 7
PNT 40 37 2 1 6
PNT 42 37 1 1 2
PNT 43 37 1 1 6
PNT 44 37 1 1 2
PNT 45 37 1 1 6
PNT 46 37 1 1 2
PNT 47 37 15 1 6
PNT 62 37 1 1 2
PNT 63 37 1 1 0
PNT 64 37 4 1 7
PNT 68 37 1 1 0
PNT 69 37 1 1 2
PNT 71 37 2 1 4
PNT 73 37 1 1 3
PNT 74 37 1 1 4
PNT 75 37 1 1 6
PNT 76 37 2 1 4
PNT 78 37 4 1 5
PNT 83 37 1 1 6
PNT 85 37 2 1 7
PNT 87 37 2 1 6
PNT 89 37 1 1 5
PNT 91 37 3 1 6
PNT 0 38 10 1 0
PNT 10 38 1 1 2
PNT 11 38 19 1 0
PNT 30 38 1 1 2
PNT 31 38 1 1 0
PNT 32 38 4 1 7
PNT 36 38 2 1 6
PNT 38 38 1 1 2
PNT 39 38 1 1 6
PNT 40 38 1 1 2
PNT 41 38 1 1 6
PNT 42 38 1 1 7
PNT 43 38 1 1 0
PNT 44 38 3 1 7
PNT 47 38 1 1 0
PNT 48 38 3 1 7
PNT 51 38 1 1 0
PNT 52 38 1 1 7
PNT 54 38 1 1 7
PNT 55 38 1 1 0
PNT 56 38 1 1 6
PNT 58 38 1 1 6
PNT 60 38 1 1 6
PNT 61 38 1 1 0
PNT 62 38 1 1 5
PNT 64 38 1 1 5
PNT 65 38 1 1 4
PNT 66 38 1 1 0
PNT 67 38 1 1 2
PNT 69 38 3 1 7
PNT 72 38 1 1 3
PNT 73 38 1 1 6
PNT 74 38 2 1 4
PNT 76 38 2 1 0
PNT 78 38 1 1 6
PNT 79 38 3 1 5
PNT 84 38 1 1 3
PNT 85 38 1 1 7
PNT 86 38 1 1 3
PNT 87 38 1 1 6
PNT 88 38 4 1 5
PNT 92 38 36 1 0
PNT 0 39 9 1 0
PNT 9 39 1 1 3
PNT 10 39 18 1 0
PNT 29 39 3 1 7
PNT 32 39 2 1 4
PNT 34 39 1 1 2
PNT 35 39 1 1 6
PNT 36 39 1 1 2
PNT 37 39 1 1 6
PNT 38 39 1 1 7
PNT 39 39 1 1 0
PNT 40 39 5 1 7
PNT 45 39 1 1 0
PNT 46 39 2 1 7
PNT 48 39 1 1 0
PNT 49 39 2 1 7
PNT 51 39 1 1 0
PNT 52 39 2 1 7
PNT 54 39 1 1 0
PNT 55 39 4 1 7
PNT 59 39 1 1 0
PNT 60 39 2 1 6
PNT 62 39 1 1 5
PNT 63 39 2 1 3
PNT 65 39 1 1 2
PNT 67 39 2 1 4
PNT 69 39 1 1 3
PNT 70 39 1 1 2
PNT 71 39 1 1 5
PNT 72 39 4 1 7
PNT 76 39 2 1 0
PNT 78 39 2 1 5
PNT 81 39 2 1 5
PNT 83 39 1 1 2
PNT 84 39 1 1 7
PNT 85 39 1 1 5
PNT 86 39 1 1 6
PNT 87 39 1 1 5
PNT 89 39 3 1 5
PNT 92 39 36 1 0
PNT 6 40 1 1 4
PNT 8 40 1 1 3
PNT 11 40 1 1 6
PNT 25 40 2 1 6
PNT 27 40 2 1 7
PNT 29 40 3 1 4
PNT 32 40 1 1 2
PNT 33 40 1 1 6
PNT 34 40 1 1 7
PNT 35 40 1 1 0
PNT 36 40 3 1 7
PNT 39 40 1 1 0
PNT 40 40 1 1 7
PNT 42 40 1 1 7
PNT 43 40 1 1 6
PNT 44 40 1 1 2
PNT 45 40 1 1 5
PNT 46 40 1 1 7
PNT 48 40 2 1 5
PNT 50 40 1 1 7
PNT 51 40 2 1 5
PNT 54 40 1 1 7
PNT 55 40 1 1 5
PNT 56 40 1 1 7
PNT 57 40 1 1 0
PNT 58 40 2 1 7
PNT 60 40 1 1 4
PNT 61 40 1 1 5
PNT 62 40 1 1 7
PNT 63 40 1 1 2
PNT 65 40 2 1 3
PNT 67 40 2 1 6
PNT 70 40 1 1 6
PNT 73 40 2 1 5
PNT 75 40 1 1 6
PNT 76 40 3 1 7
PNT 79 40 3 1 5
PNT 82 40 1 1 2
PNT 83 40 1 1 7
PNT 84 40 1 1 5
PNT 85 40 1 1 2
PNT 86 40 2 1 5
PNT 89 40 1 1 5
PNT 5 41 1 1 4
PNT 7 41 1 1 4
PNT 9 41 1 1 6
PNT 12 41 1 1 6
PNT 23 41 2 1 6
PNT 25 41 2 1 7
PNT 27 41 1 1 4
PNT 28 41 1 1 2
PNT 29 41 1 1 6
PNT 30 41 1 1 2
PNT 31 41 1 1 0
PNT 32 41 4 1 7
PNT 36 41 1 1 0
PNT 37 41 2 1 7
PNT 39 41 2 1 6
PNT 41 41 4 1 5
PNT 45 41 1 1 2
PNT 46 41 1 1 5
PNT 47 41 1 1 2
PNT 48 41 1 1 5
PNT 49 41 1 1 2
PNT 50 41 1 1 5
PNT 51 41 1 1 2
PNT 52 41 1 1 5
PNT 53 41 1 1 2
PNT 54 41 1 1 5
PNT 55 41 2 1 2
PNT 57 41 1 1 5
PNT 58 41 1 1 7
PNT 59 41 1 1 5
PNT 60 41 1 1 3
PNT 61 41 1 1 5
PNT 63 41 1 1 0
PNT 64 41 2 1 7
PNT 66 41 1 1 6
PNT 67 41 1 1 0
PNT 68 41 1 1 3
PNT 69 41 4 1 6
PNT 74 41 1 1 2
PNT 75 41 1 1 6
PNT 77 41 2 1 5
PNT 79 41 2 1 7
PNT 81 41 1 1 5
PNT 82 41 2 1 7
PNT 84 41 1 1 6
PNT 85 41 1 1 5
PNT 87 41 2 1 5
PNT 89 41 1 1 2
PNT 0 42 4 1 0
PNT 4 42 1 1 5
PNT 5 42 1 1 0
PNT 6 42 4 1 4
PNT 10 42 1 1 6
PNT 11 42 1 1 0
PNT 12 42 1 1 6
PNT 13 42 8 1 0
PNT 21 42 1 1 7
PNT 22 42 1 1 6
PNT 23 42 2 1 7
PNT 25 42 1 1 5
PNT 26 42 1 1 2
PNT 27 42 1 1 0
PNT 28 42 1 1 6
PNT 29 42 1 1 7
PNT 30 42 2 1 6
PNT 32 42 1 1 7
PNT 33 42 1 1 0
PNT 34 42 1 1 7
PNT 36 42 1 1 6
PNT 37 42 3 1 5
PNT 40 42 1 1 0
PNT 42 42 1 1 5
PNT 43 42 1 1 0
PNT 44 42 1 1 5
PNT 46 42 1 1 0
PNT 47 42 2 1 5
PNT 49 42 1 1 0
PNT 50 42 2 1 5
PNT 52 42 2 1 0
PNT 54 42 1 1 5
PNT 55 42 1 1 0
PNT 56 42 1 1 5
PNT 57 42 1 1 2
PNT 58 42 1 1 0
PNT 59 42 1 1 2
PNT 60 42 1 1 5
PNT 61 42 1 1 2
PNT 62 42 1 1 7
PNT 63 42 1 1 5
PNT 64 42 1 1 7
PNT 65 42 1 1 2
PNT 66 42 1 1 0
PNT 67 42 1 1 7
PNT 68 42 1 1 6
PNT 69 42 1 1 2
PNT 70 42 1 1 6
PNT 71 42 1 1 0
PNT 72 42 2 1 6
PNT 77 42 4 1 5
PNT 81 42 1 1 7
PNT 82 42 2 1 6
PNT 84 42 1 1 3
PNT 85 42 1 1 5
PNT 86 42 1 1 2
PNT 88 42 1 1 2
PNT 89 42 39 1 0
PNT 0 43 3 1 0
PNT 3 43 4 1 5
PNT 7 43 2 1 4
PNT 9 43 1 1 0
PNT 10 43 2 1 4
PNT 12 43 1 1 0
PNT 13 43 1 1 6
PNT 14 43 1 1 0
PNT 15 43 1 1 7
PNT 16 43 3 1 6
PNT 19 43 2 1 7
PNT 21 43 1 1 2
PNT 22 43 1 1 7
PNT 23 43 1 1 5
PNT 24 43 1 1 2
PNT 25 43 1 1 5
PNT 26 43 1 1 6
PNT 27 43 1 1 7
PNT 28 43 2 1 6
PNT 30 43 1 1 7
PNT 31 43 1 1 6
PNT 32 43 1 1 2
PNT 33 43 2 1 6
PNT 35 43 2 1 5
PNT 37 43 1 1 0
PNT 38 43 2 1 5
PNT 40 43 1 1 3
PNT 41 43 1 1 5
PNT 43 43 1 1 5
PNT 44 43 1 1 3
PNT 45 43 1 1 6
PNT 47 43 1 1 5
PNT 48 43 1 1 3
PNT 49 43 1 1 6
PNT 51 43 1 1 5
PNT 52 43 1 1 3
PNT 53 43 1 1 6
PNT 55 43 1 1 5
PNT 56 43 1 1 3
PNT 58 43 2 1 5
PNT 60 43 3 1 2
PNT 63 43 1 1 5
PNT 64 43 1 1 2
PNT 65 43 1 1 5
PNT 66 43 1 1 7
PNT 67 43 3 1 4
PNT 70 43 1 1 3
PNT 71 43 1 1 6
PNT 73 43 2 1 6
PNT 75 43 1 1 0
PNT 76 43 1 1 6
PNT 78 43 1 1 2
PNT 79 43 1 1 6
PNT 81 43 2 1 6
PNT 83 43 1 1 2
PNT 84 43 1 1 5
PNT 85 43 1 1 2
PNT 86 43 1 1 5
PNT 87 43 1 1 2
PNT 88 43 2 1 4
PNT 90 43 38 1 0
PNT 2 44 1 1 5
PNT 3 44 3 1 4
PNT 6 44 1 1 5
PNT 7 44 1 1 0
PNT 8 44 5 1 4
PNT 13 44 1 1 7
PNT 14 44 1 1 2
PNT 15 44 4 1 6
PNT 19 44 1 1 2
PNT 20 44 1 1 7
PNT 21 44 1 1 3
PNT 22 44 2 1 5
PNT 24 44 1 1 6
PNT 25 44 2 1 7
PNT 27 44 1 1 6
PNT 29 44 1 1 2
PNT 30 44 2 1 5
PNT 32 44 1 1 6
PNT 34 44 1 1 0
PNT 35 44 1 1 5
PNT 36 44 1 1 3
PNT 37 44 1 1 5
PNT 39 44 1 1 5
PNT 40 44 1 1 6
PNT 41 44 1 1 2
PNT 42 44 1 1 5
PNT 44 44 1 1 3
PNT 45 44 1 1 6
PNT 46 44 1 1 5
PNT 48 44 2 1 6
PNT 52 44 1 1 6
PNT 53 44 1 1 2
PNT 54 44 1 1 5
PNT 57 44 1 1 6
PNT 59 44 1 1 2
PNT 60 44 1 1 3
PNT 62 44 1 1 0
PNT 63 44 1 1 2
PNT 64 44 1 1 3
PNT 65 44 1 1 4
PNT 66 44 2 1 2
PNT 68 44 1 1 7
PNT 69 44 1 1 2
PNT 70 44 1 1 7
PNT 71 44 1 1 2
PNT 72 44 1 1 4
PNT 73 44 5 1 6
PNT 78 44 1 1 7
PNT 80 44 1 1 2
PNT 81 44 1 1 6
PNT 82 44 1 1 3
PNT 83 44 1 1 5
PNT 84 44 1 1 2
PNT 85 44 1 1 4
PNT 86 44 1 1 2
PNT 87 44 1 1 3
PNT 88 44 2 1 4
PNT 91 44 2 1 5
PNT 2 45 2 1 4
PNT 4 45 1 1 5
PNT 5 45 1 1 0
PNT 6 45 2 1 4
PNT 8 45 2 1 5
PNT 10 45 1 1 4
PNT 11 45 1 1 7
PNT 12 45 1 1 2
PNT 14 45 3 1 6
PNT 17 45 1 1 2
PNT 18 45 1 1 3
PNT 19 45 1 1 7
PNT 20 45 2 1 5
PNT 22 45 1 1 2
PNT 23 45 1 1 7
PNT 24 45 2 1 6
PNT 27 45 1 1 7
PNT 28 45 3 1 5
PNT 32 45 1 1 3
PNT 33 45 1 1 2
PNT 35 45 1 1 2
PNT 36 45 2 1 6
PNT 38 45 1 1 2
PNT 40 45 2 1 6
PNT 42 45 2 1 5
PNT 45 45 1 1 2
PNT 46 45 2 1 5
PNT 49 45 3 1 5
PNT 53 45 3 1 5
PNT 57 45 1 1 5
PNT 58 45 1 1 2
PNT 60 45 2 1 6
PNT 62 45 1 1 4
PNT 63 45 1 1 2
PNT 64 45 6 1 6
PNT 70 45 1 1 2
PNT 71 45 1 1 7
PNT 72 45 1 1 3
PNT 73 45 1 1 6
PNT 74 45 1 1 7
PNT 75 45 1 1 6
PNT 77 45 1 1 2
PNT 78 45 1 1 0
PNT 79 45 1 1 2
PNT 80 45 1 1 6
PNT 81 45 1 1 2
PNT 82 45 1 1 5
PNT 83 45 1 1 2
PNT 84 45 1 1 3
PNT 85 45 1 1 2
PNT 86 45 2 1 4
PNT 88 45 1 1 2
PNT 89 45 2 1 5
PNT 0 46 1 1 0
PNT 1 46 1 1 5
PNT 2 46 1 1 6
PNT 3 46 1 1 0
PNT 4 46 2 1 4
PNT 6 46 2 1 5
PNT 8 46 1 1 4
PNT 9 46 1 1 7
PNT 10 46 1 1 2
PNT 12 46 1 1 7
PNT 13 46 1 1 6
PNT 14 46 1 1 4
PNT 15 46 1 1 6
PNT 16 46 1 1 3
PNT 17 46 1 1 6
PNT 18 46 1 1 7
PNT 19 46 1 1 5
PNT 20 46 1 1 6
PNT 21 46 1 1 7
PNT 22 46 1 1 6
PNT 23 46 1 1 3
PNT 25 46 1 1 7
PNT 26 46 3 1 5
PNT 30 46 2 1 5
PNT 32 46 1 1 2
PNT 33 46 1 1 6
PNT 34 46 1 1 5
PNT 36 46 1 1 6
PNT 37 46 1 1 2
PNT 38 46 2 1 5
PNT 41 46 1 1 5
PNT 43 46 2 1 5
PNT 46 46 1 1 3
PNT 47 46 2 1 5
PNT 51 46 2 1 5
PNT 55 46 2 1 5
PNT 59 46 1 1 5
PNT 61 46 1 1 4
PNT 62 46 1 1 3
PNT 63 46 2 1 6
PNT 65 46 1 1 7
PNT 66 46 1 1 6
PNT 67 46 1 1 7
PNT 68 46 5 1 6
PNT 73 46 1 1 2
PNT 75 46 2 1 4
PNT 77 46 1 1 6
PNT 78 46 1 1 2
PNT 79 46 1 1 6
PNT 80 46 2 1 3
PNT 82 46 1 1 2
PNT 83 46 1 1 5
PNT 84 46 1 1 3
PNT 85 46 1 1 2
PNT 86 46 2 1 4
PNT 88 46 1 1 5
PNT 89 46 1 1 4
PNT 90 46 1 1 0
PNT 91 46 2 1 4
PNT 93 46 35 1 0
PNT 0 47 2 1 0
PNT 2 47 2 1 4
PNT 4 47 2 1 5
PNT 6 47 1 1 4
PNT 7 47 1 1 6
PNT 8 47 1 1 2
PNT 10 47 1 1 7
PNT 11 47 1 1 6
PNT 12 47 2 1 4
PNT 14 47 1 1 6
PNT 15 47 1 1 2
PNT 16 47 1 1 6
PNT 17 47 1 1 5
PNT 18 47 1 1 4
PNT 19 47 1 1 7
PNT 20 47 2 1 6
PNT 24 47 1 1 2
PNT 25 47 2 1 5
PNT 28 47 4 1 5
PNT 32 47 1 1 2
PNT 33 47 1 1 6
PNT 34 47 2 1 5
PNT 37 47 1 1 5
PNT 39 47 2 1 5
PNT 42 47 2 1 5
PNT 44 47 1 1 6
PNT 45 47 1 1 2
PNT 46 47 1 1 6
PNT 47 47 1 1 2
PNT 48 47 1 1 6
PNT 49 47 1 1 2
PNT 50 47 3 1 6
PNT 53 47 1 1 2
PNT 54 47 3 1 6
PNT 57 47 1 1 2
PNT 58 47 2 1 6
PNT 60 47 1 1 4
PNT 61 47 1 1 2
PNT 62 47 1 1 6
PNT 63 47 1 1 7
PNT 64 47 3 1 2
PNT 67 47 5 1 6
PNT 73 47 1 1 6
PNT 74 47 1 1 3
PNT 75 47 1 1 2
PNT 76 47 1 1 6
PNT 77 47 1 1 4
PNT 78 47 1 1 0
PNT 79 47 1 1 2
PNT 80 47 2 1 6
PNT 82 47 1 1 2
PNT 83 47 1 1 5
PNT 84 47 1 1 2
PNT 86 47 5 1 4
PNT 91 47 37 1 0
PNT 0 48 1 1 7
PNT 1 48 1 1 5
PNT 2 48 1 1 4
PNT 3 48 3 1 5
PNT 8 48 1 1 7
PNT 9 48 1 1 5
PNT 10 48 2 1 4
PNT 12 48 1 1 6
PNT 13 48 1 1 4
PNT 14 48 1 1 3
PNT 15 48 2 1 5
PNT 17 48 1 1 2
PNT 18 48 1 1 7
PNT 19 48 1 1 4
PNT 23 48 2 1 5
PNT 25 48 1 1 3
PNT 26 48 4 1 5
PNT 30 48 2 1 2
PNT 33 48 1 1 5
PNT 35 48 2 1 2
PNT 38 48 2 1 5
PNT 40 48 1 1 2
PNT 41 48 3 1 6
PNT 44 48 1 1 2
PNT 45 48 3 1 6
PNT 48 48 1 1 3
PNT 49 48 3 1 6
PNT 52 48 1 1 2
PNT 53 48 3 1 6
PNT 56 48 1 1 2
PNT 57 48 2 1 6
PNT 59 48 1 1 2
PNT 60 48 1 1 3
PNT 61 48 1 1 7
PNT 62 48 2 1 2
PNT 64 48 3 1 6
PNT 67 48 3 1 5
PNT 71 48 1 1 2
PNT 72 48 3 1 6
PNT 75 48 2 1 2
PNT 78 48 1 1 3
PNT 79 48 1 1 4
PNT 80 48 1 1 3
PNT 81 48 1 1 6
PNT 84 48 2 1 5
PNT 87 48 3 1 4
PNT 0 49 3 1 4
PNT 3 49 2 1 5
PNT 5 49 1 1 6
PNT 6 49 1 1 2
PNT 7 49 1 1 5
PNT 8 49 2 1 4
PNT 10 49 1 1 5
PNT 11 49 1 1 4
PNT 12 49 2 1 3
PNT 14 49 1 1 6
PNT 15 49 2 1 2
PNT 17 49 1 1 5
PNT 18 49 1 1 7
PNT 20 49 1 1 7
PNT 21 49 2 1 5
PNT 25 49 1 1 5
PNT 26 49 1 1 2
PNT 27 49 3 1 5
PNT 30 49 1 1 2
PNT 31 49 2 1 5
PNT 34 49 2 1 2
PNT 36 49 2 1 6
PNT 38 49 1 1 5
PNT 39 49 2 1 2
PNT 41 49 1 1 6
PNT 42 49 1 1 5
PNT 43 49 2 1 2
PNT 45 49 1 1 6
PNT 46 49 1 1 5
PNT 47 49 3 1 2
PNT 50 49 1 1 5
PNT 51 49 2 1 2
PNT 53 49 1 1 6
PNT 54 49 1 1 5
PNT 55 49 2 1 2
PNT 57 49 1 1 6
PNT 59 49 1 1 2
PNT 60 49 1 1 6
PNT 61 49 1 1 2
PNT 62 49 2 1 6
PNT 64 49 4 1 5
PNT 69 49 3 1 5
PNT 73 49 1 1 2
PNT 74 49 2 1 6
PNT 76 49 1 1 3
PNT 77 49 1 1 2
PNT 78 49 2 1 5
PNT 82 49 1 1 5
PNT 83 49 2 1 7
PNT 85 49 1 1 5
PNT 86 49 1 1 4
PNT 88 49 2 1 4
PNT 0 50 1 1 4
PNT 1 50 4 1 5
PNT 6 50 2 1 4
PNT 8 50 1 1 5
PNT 9 50 1 1 4
PNT 10 50 3 1 3
PNT 13 50 2 1 2
PNT 16 50 1 1 0
PNT 18 50 1 1 3
PNT 19 50 2 1 7
PNT 21 50 1 1 4
PNT 22 50 1 1 7
PNT 23 50 3 1 5
PNT 27 50 1 1 3
PNT 28 50 1 1 5
PNT 29 50 2 1 2
PNT 31 50 3 1 4
PNT 34 50 1 1 2
PNT 35 50 1 1 5
PNT 36 50 2 1 4
PNT 38 50 2 1 2
PNT 40 50 2 1 0
PNT 42 50 2 1 2
PNT 44 50 2 1 0
PNT 46 50 2 1 2
PNT 48 50 2 1 0
PNT 50 50 1 1 3
PNT 51 50 1 1 2
PNT 52 50 2 1 0
PNT 54 50 2 1 2
PNT 56 50 2 1 0
PNT 58 50 1 1 3
PNT 60 50 1 1 0
PNT 62 50 1 1 3
PNT 63 50 1 1 5
PNT 65 50 1 1 4
PNT 68 50 2 1 4
PNT 70 50 5 1 5
PNT 75 50 1 1 4
PNT 77 50 3 1 5
PNT 80 50 3 1 7
PNT 83 50 1 1 5
PNT 85 50 1 1 5
PNT 86 50 2 1 0
PNT 89 50 39 1 0
PNT 0 51 1 1 4
PNT 1 51 3 1 5
PNT 4 51 1 1 2
PNT 5 51 1 1 4
PNT 6 51 1 1 5
PNT 7 51 1 1 4
PNT 8 51 3 1 3
PNT 11 51 1 1 2
PNT 12 51 1 1 3
PNT 13 51 1 1 4
PNT 14 51 1 1 0
PNT 16 51 2 1 5
PNT 18 51 1 1 6
PNT 20 51 1 1 5
PNT 21 51 2 1 7
PNT 23 51 1 1 5
PNT 24 51 1 1 7
PNT 25 51 3 1 5
PNT 29 51 1 1 5
PNT 30 51 1 1 2
PNT 32 51 1 1 4
PNT 33 51 2 1 2
PNT 35 51 3 1 4
PNT 38 51 1 1 2
PNT 39 51 3 1 4
PNT 42 51 1 1 2
PNT 43 51 3 1 4
PNT 46 51 1 1 2
PNT 47 51 3 1 4
PNT 50 51 2 1 2
PNT 52 51 2 1 4
PNT 54 51 1 1 2
PNT 55 51 2 1 4
PNT 57 51 1 1 2
PNT 58 51 2 1 4
PNT 61 51 1 1 4
PNT 63 51 1 1 3
PNT 65 51 2 1 4
PNT 67 51 1 1 2
PNT 70 51 1 1 2
PNT 71 51 1 1 4
PNT 73 51 2 1 4
PNT 75 51 1 1 5
PNT 76 51 1 1 7
PNT 77 51 1 1 5
PNT 78 51 3 1 7
PNT 81 51 1 1 3
PNT 82 51 1 1 4
PNT 83 51 2 1 0
PNT 86 51 3 1 0
PNT 90 51 38 1 0
PNT 0 52 2 1 5
PNT 2 52 1 1 3
PNT 4 52 2 1 4
PNT 6 52 3 1 3
PNT 9 52 1 1 5
PNT 10 52 2 1 3
PNT 12 52 1 1 0
PNT 14 52 1 1 4
PNT 15 52 1 1 5
PNT 16 52 1 1 6
PNT 18 52 2 1 5
PNT 20 52 2 1 3
PNT 22 52 1 1 5
PNT 23 52 2 1 7
PNT 25 52 4 1 5
PNT 29 52 1 1 3
PNT 31 52 1 1 4
PNT 32 52 1 1 2
PNT 34 52 1 1 5
PNT 36 52 3 1 2
PNT 39 52 2 1 4
PNT 41 52 2 1 2
PNT 43 52 2 1 4
PNT 45 52 2 1 2
PNT 47 52 2 1 4
PNT 49 52 2 1 2
PNT 51 52 1 1 4
PNT 52 52 1 1 3
PNT 53 52 1 1 2
PNT 54 52 2 1 4
PNT 56 52 1 1 3
PNT 58 52 2 1 4
PNT 60 52 1 1 2
PNT 64 52 2 1 3
PNT 66 52 1 1 5
PNT 67 52 5 1 4
PNT 72 52 1 1 7
PNT 74 52 4 1 7
PNT 78 52 1 1 6
PNT 79 52 1 1 3
PNT 80 52 2 1 5
PNT 1 53 1 1 3
PNT 2 53 1 1 2
PNT 3 53 1 1 4
PNT 4 53 3 1 3
PNT 7 53 1 1 4
PNT 8 53 2 1 3
PNT 10 53 1 1 0
PNT 11 53 1 1 3
PNT 13 53 1 1 4
PNT 14 53 1 1 5
PNT 15 53 1 1 4
PNT 16 53 2 1 6
PNT 18 53 2 1 5
PNT 22 53 2 1 3
PNT 24 53 1 1 6
PNT 25 53 2 1 7
PNT 27 53 1 1 5
PNT 28 53 1 1 7
PNT 29 53 1 1 5
PNT 30 53 1 1 2
PNT 31 53 1 1 5
PNT 33 53 2 1 3
PNT 35 53 1 1 5
PNT 36 53 1 1 2
PNT 37 53 2 1 5
PNT 40 53 1 1 2
PNT 41 53 1 1 4
PNT 42 53 1 1 2
PNT 44 53 1 1 2
PNT 46 53 1 1 4
PNT 48 53 1 1 2
PNT 49 53 2 1 4
PNT 52 53 2 1 2
PNT 54 53 1 1 3
PNT 55 53 1 1 2
PNT 56 53 4 1 4
PNT 61 53 1 1 5
PNT 63 53 1 1 5
PNT 65 53 1 1 5
PNT 66 53 2 1 3
PNT 68 53 1 1 7
PNT 69 53 1 1 6
PNT 70 53 4 1 7
PNT 74 53 2 1 6
PNT 76 53 3 1 3
PNT 80 53 2 1 5
PNT 0 54 1 1 5
PNT 2 54 1 1 4
PNT 3 54 2 1 3
PNT 5 54 1 1 4
PNT 6 54 2 1 3
PNT 8 54 1 1 0
PNT 9 54 2 1 3
PNT 12 54 1 1 4
PNT 13 54 3 1 5
PNT 16 54 2 1 6
PNT 18 54 5 1 0
PNT 23 54 1 1 7
PNT 24 54 1 1 6
PNT 25 54 2 1 3
PNT 27 54 3 1 7
PNT 30 54 2 1 3
PNT 32 54 1 1 7
PNT 33 54 1 1 5
PNT 35 54 8 1 5
PNT 43 54 1 1 0
PNT 44 54 3 1 5
PNT 47 54 1 1 0
PNT 48 54 3 1 5
PNT 51 54 1 1 0
PNT 52 54 3 1 5
PNT 55 54 1 1 4
PNT 57 54 1 1 5
PNT 59 54 5 1 5
PNT 64 54 1 1 7
PNT 66 54 2 1 7
PNT 68 54 1 1 2
PNT 69 54 1 1 7
PNT 70 54 6 1 3
PNT 76 54 2 1 5
PNT 78 54 1 1 0
PNT 79 54 2 1 4
PNT 81 54 47 1 0
PNT 0 55 1 1 3
PNT 1 55 1 1 2
PNT 2 55 1 1 3
PNT 3 55 1 1 4
PNT 4 55 2 1 3
PNT 6 55 1 1 0
PNT 7 55 1 1 3
PNT 8 55 2 1 0
PNT 11 55 1 1 0
PNT 12 55 1 1 5
PNT 13 55 1 1 0
PNT 14 55 2 1 5
PNT 16 55 1 1 0
PNT 17 55 1 1 4
PNT 18 55 5 1 0
PNT 23 55 1 1 7
PNT 24 55 1 1 2
PNT 25 55 1 1 4
PNT 26 55 2 1 5
PNT 28 55 1 1 4
PNT 29 55 1 1 5
PNT 30 55 3 1 7
PNT 33 55 1 1 3
PNT 34 55 1 1 2
PNT 35 55 1 1 6
PNT 36 55 1 1 7
PNT 37 55 1 1 5
PNT 39 55 7 1 5
PNT 47 55 1 1 5
PNT 49 55 1 1 5
PNT 51 55 1 1 5
PNT 53 55 1 1 5
PNT 55 55 1 1 4
PNT 56 55 4 1 5
PNT 60 55 1 1 7
PNT 61 55 1 1 5
PNT 62 55 4 1 7
PNT 66 55 3 1 6
PNT 70 55 1 1 4
PNT 71 55 4 1 5
PNT 75 55 2 1 4
PNT 78 55 50 1 0
PNT 1 56 3 1 3
PNT 4 56 1 1 0
PNT 6 56 1 1 4
PNT 7 56 5 1 3
PNT 12 56 4 1 5
PNT 22 56 1 1 5
PNT 24 56 1 1 6
PNT 26 56 2 1 4
PNT 28 56 1 1 5
PNT 29 56 2 1 4
PNT 32 56 2 1 4
PNT 34 56 1 1 5
PNT 35 56 1 1 3
PNT 36 56 1 1 2
PNT 37 56 1 1 3
PNT 38 56 1 1 4
PNT 39 56 1 1 5
PNT 40 56 1 1 7
PNT 41 56 1 1 5
PNT 43 56 1 1 5
PNT 44 56 1 1 7
PNT 45 56 3 1 5
PNT 48 56 1 1 7
PNT 49 56 3 1 5
PNT 52 56 1 1 7
PNT 53 56 1 1 5
PNT 54 56 2 1 4
PNT 56 56 1 1 7
PNT 57 56 1 1 5
PNT 58 56 1 1 2
PNT 59 56 3 1 7
PNT 62 56 2 1 6
PNT 64 56 1 1 5
PNT 65 56 2 1 4
PNT 67 56 1 1 5
PNT 68 56 1 1 2
PNT 69 56 2 1 5
PNT 71 56 3 1 4
PNT 0 57 1 1 4
PNT 1 57 1 1 3
PNT 2 57 1 1 0
PNT 3 57 1 1 4
PNT 4 57 1 1 3
PNT 5 57 1 1 4
PNT 6 57 1 1 3
PNT 8 57 4 1 3
PNT 12 57 2 1 5
PNT 22 57 1 1 5
PNT 24 57 1 1 2
PNT 25 57 1 1 6
PNT 26 57 2 1 5
PNT 28 57 4 1 4
PNT 32 57 1 1 5
PNT 33 57 1 1 4
PNT 34 57 1 1 2
PNT 35 57 1 1 5
PNT 36 57 2 1 4
PNT 38 57 1 1 2
PNT 39 57 1 1 3
PNT 40 57 1 1 2
PNT 41 57 17 1 7
PNT 58 57 1 1 5
PNT 60 57 1 1 5
PNT 61 57 2 1 4
PNT 64 57 2 1 5
PNT 66 57 1 1 6
PNT 67 57 1 1 4
PNT 68 57 1 1 6
PNT 70 57 3 1 5
PNT 73 57 1 1 4
PNT 74 57 1 1 5
PNT 0 58 1 1 0
PNT 1 58 1 1 2
PNT 2 58 2 1 3
PNT 4 58 1 1 4
PNT 5 58 4 1 3
PNT 9 58 1 1 0
PNT 10 58 2 1 3
PNT 12 58 2 1 5
PNT 14 58 8 1 0
PNT 22 58 1 1 5
PNT 23 58 1 1 0
PNT 24 58 1 1 6
PNT 26 58 3 1 5
PNT 29 58 1 1 4
PNT 30 58 1 1 0
PNT 31 58 2 1 4
PNT 33 58 2 1 5
PNT 36 58 1 1 5
PNT 37 58 2 1 4
PNT 39 58 1 1 0
PNT 40 58 1 1 4
PNT 41 58 1 1 0
PNT 42 58 2 1 6
PNT 44 58 1 1 4
PNT 45 58 1 1 0
PNT 46 58 2 1 6
PNT 48 58 1 1 4
PNT 49 58 1 1 0
PNT 50 58 2 1 6
PNT 52 58 1 1 4
PNT 53 58 1 1 0
PNT 54 58 2 1 6
PNT 56 58 2 1 4
PNT 58 58 1 1 2
PNT 59 58 3 1 5
PNT 62 58 3 1 4
PNT 65 58 1 1 6
PNT 66 58 1 1 5
PNT 67 58 1 1 0
PNT 68 58 1 1 2
PNT 69 58 1 1 6
PNT 70 58 4 1 5
PNT 74 58 1 1 4
PNT 75 58 1 1 5
PNT 76 58 52 1 0
PNT 0 59 2 1 0
PNT 2 59 1 1 4
PNT 3 59 2 1 3
PNT 5 59 1 1 4
PNT 6 59 5 1 3
PNT 11 59 1 1 4
PNT 12 59 10 1 0
PNT 22 59 1 1 5
PNT 23 59 1 1 0
PNT 24 59 1 1 2
PNT 25 59 1 1 6
PNT 26 59 4 1 5
PNT 30 59 1 1 4
PNT 31 59 1 1 0
PNT 32 59 1 1 4
PNT 33 59 1 1 5
PNT 34 59 1 1 2
PNT 35 59 1 1 5
PNT 36 59 4 1 4
PNT 40 59 1 1 5
PNT 41 59 2 1 4
PNT 43 59 1 1 0
PNT 44 59 1 1 5
PNT 45 59 2 1 4
PNT 47 59 1 1 0
PNT 48 59 1 1 5
PNT 49 59 2 1 4
PNT 51 59 1 1 0
PNT 52 59 1 1 5
PNT 53 59 3 1 4
PNT 56 59 2 1 5
PNT 58 59 1 1 4
PNT 60 59 2 1 4
PNT 62 59 1 1 0
PNT 63 59 1 1 4
PNT 64 59 1 1 0
PNT 65 59 1 1 6
PNT 66 59 1 1 5
PNT 67 59 1 1 0
PNT 68 59 1 1 6
PNT 70 59 4 1 5
PNT 74 59 1 1 4
PNT 75 59 1 1 5
PNT 76 59 52 1 0
PNT 3 60 1 1 4
PNT 4 60 7 1 3
PNT 11 60 1 1 4
PNT 22 60 1 1 5
PNT 24 60 1 1 6
PNT 26 60 4 1 5
PNT 30 60 1 1 4
PNT 32 60 1 1 4
PNT 33 60 2 1 5
PNT 36 60 5 1 4
PNT 42 60 3 1 4
PNT 46 60 3 1 4
PNT 50 60 3 1 4
PNT 54 60 3 1 4
PNT 57 60 2 1 5
PNT 59 60 1 1 2
PNT 60 60 1 1 5
PNT 62 60 2 1 4
PNT 65 60 1 1 6
PNT 66 60 1 1 5
PNT 68 60 1 1 2
PNT 69 60 1 1 6
PNT 70 60 4 1 5
PNT 74 60 1 1 4
PNT 75 60 1 1 5
PNT 4 61 1 1 4
PNT 5 61 1 1 3
PNT 7 61 4 1 3
PNT 22 61 1 1 5
PNT 24 61 1 1 2
PNT 25 61 1 1 6
PNT 26 61 4 1 5
PNT 30 61 1 1 4
PNT 32 61 1 1 4
PNT 33 61 1 1 5
PNT 34 61 1 1 2
PNT 35 61 1 1 5
PNT 36 61 4 1 4
PNT 54 61 3 1 4
PNT 57 61 1 1 2
PNT 58 61 2 1 5
PNT 62 61 2 1 4
PNT 65 61 1 1 6
PNT 66 61 1 1 5
PNT 68 61 2 1 6
PNT 70 61 4 1 5
PNT 74 61 1 1 4
PNT 75 61 1 1 5
PNT 0 62 4 1 0
PNT 4 62 4 1 3
PNT 8 62 1 1 0
PNT 9 62 2 1 3
PNT 11 62 11 1 0
PNT 22 62 1 1 5
PNT 23 62 1 1 0
PNT 24 62 1 1 6
PNT 26 62 4 1 5
PNT 30 62 1 1 4
PNT 31 62 1 1 0
PNT 32 62 1 1 4
PNT 33 62 2 1 5
PNT 36 62 4 1 4
PNT 40 62 14 1 0
PNT 54 62 3 1 4
PNT 57 62 2 1 5
PNT 59 62 1 1 2
PNT 60 62 1 1 5
PNT 61 62 1 1 0
PNT 62 62 2 1 4
PNT 64 62 1 1 0
PNT 65 62 1 1 6
PNT 66 62 1 1 5
PNT 67 62 1 1 0
PNT 68 62 1 1 2
PNT 69 62 1 1 6
PNT 70 62 4 1 5
PNT 74 62 1 1 4
PNT 75 62 1 1 5
PNT 76 62 52 1 0
PNT 0 63 6 1 0
PNT 6 63 3 1 3
PNT 9 63 1 1 0
PNT 10 63 1 1 3
PNT 11 63 11 1 0
PNT 22 63 1 1 5
PNT 23 63 1 1 0
PNT 24 63 1 1 2
PNT 25 63 1 1 6
PNT 26 63 4 1 5
PNT 30 63 1 1 4
PNT 31 63 1 1 0
PNT 32 63 1 1 4
PNT 33 63 1 1 5
PNT 34 63 1 1 2
PNT 35 63 1 1 5
PNT 36 63 4 1 4
PNT 40 63 15 1 0
PNT 55 63 2 1 4
PNT 57 63 3 1 5
PNT 61 63 1 1 0
PNT 62 63 2 1 4
PNT 64 63 1 1 0
PNT 65 63 1 1 6
PNT 66 63 1 1 5
PNT 67 63 1 1 0
PNT 68 63 2 1 6
PNT 70 63 4 1 5
PNT 74 63 1 1 4
PNT 75 63 1 1 5
PNT 76 63 52 1 0
PNT 5 64 1 1 3
PNT 7 64 3 1 3
PNT 22 64 1 1 5
PNT 24 64 1 1 6
PNT 26 64 4 1 5
PNT 30 64 1 1 4
PNT 32 64 1 1 4
PNT 33 64 2 1 5
PNT 36 64 4 1 4
PNT 55 64 3 1 4
PNT 58 64 2 1 5
PNT 60 64 1 1 2
PNT 61 64 1 1 5
PNT 62 64 2 1 4
PNT 65 64 1 1 6
PNT 66 64 1 1 5
PNT 68 64 1 1 2
PNT 69 64 1 1 6
PNT 70 64 4 1 5
PNT 74 64 1 1 4
PNT 75 64 1 1 5
PNT 8 65 2 1 3
PNT 22 65 1 1 5
PNT 24 65 1 1 2
PNT 25 65 1 1 6
PNT 26 65 4 1 5
PNT 30 65 1 1 4
PNT 32 65 1 1 4
PNT 33 65 1 1 5
PNT 34 65 1 1 2
PNT 35 65 1 1 5
PNT 36 65 4 1 4
PNT 55 65 3 1 4
PNT 58 65 1 1 3
PNT 59 65 2 1 5
PNT 62 65 2 1 4
PNT 65 65 1 1 6
PNT 66 65 1 1 5
PNT 67 65 2 1 6
PNT 69 65 4 1 5
PNT 73 65 1 1 4
PNT 75 65 1 1 5
PNT 0 66 6 1 0
PNT 6 66 1 1 2
PNT 7 66 2 1 0
PNT 9 66 1 1 3
PNT 10 66 12 1 0
PNT 22 66 1 1 5
PNT 23 66 1 1 0
PNT 24 66 1 1 6
PNT 26 66 4 1 5
PNT 30 66 1 1 4
PNT 31 66 1 1 0
PNT 32 66 1 1 4
PNT 33 66 2 1 5
PNT 36 66 4 1 4
PNT 40 66 15 1 0
PNT 55 66 3 1 4
PNT 58 66 2 1 5
PNT 60 66 1 1 2
PNT 61 66 1 1 5
PNT 62 66 3 1 4
PNT 65 66 1 1 6
PNT 66 66 1 1 5
PNT 67 66 1 1 2
PNT 68 66 1 1 6
PNT 69 66 4 1 5
PNT 73 66 1 1 4
PNT 74 66 1 1 5
PNT 75 66 53 1 0
PNT 0 67 22 1 0
PNT 22 67 1 1 5
PNT 23 67 1 1 0
PNT 24 67 1 1 2
PNT 25 67 1 1 6
PNT 26 67 4 1 5
PNT 30 67 1 1 4
PNT 31 67 1 1 0
PNT 32 67 1 1 4
PNT 33 67 1 1 5
PNT 34 67 1 1 2
PNT 35 67 1 1 5
PNT 36 67 4 1 4
PNT 40 67 16 1 0
PNT 56 67 2 1 4
PNT 58 67 1 1 5
PNT 59 67 1 1 4
PNT 60 67 1 1 5
PNT 62 67 2 1 4
PNT 64 67 1 1 0
PNT 65 67 1 1 6
PNT 66 67 1 1 5
PNT 67 67 2 1 6
PNT 69 67 4 1 5
PNT 73 67 1 1 4
PNT 74 67 1 1 5
PNT 75 67 53 1 0
PNT 22 68 1 1 5
PNT 23 68 1 1 6
PNT 24 68 1 1 7
PNT 25 68 1 1 6
PNT 26 68 5 1 5
PNT 32 68 1 1 4
PNT 33 68 1 1 5
PNT 34 68 1 1 6
PNT 35 68 1 1 5
PNT 36 68 4 1 4
PNT 56 68 3 1 4
PNT 59 68 2 1 5
PNT 61 68 1 1 2
PNT 62 68 1 1 4
PNT 65 68 1 1 6
PNT 66 68 1 1 5
PNT 67 68 1 1 2
PNT 68 68 1 1 6
PNT 69 68 4 1 5
PNT 73 68 1 1 4
PNT 74 68 1 1 5
PNT 22 69 1 1 5
PNT 23 69 2 1 7
PNT 25 69 1 1 6
PNT 26 69 2 1 5
PNT 28 69 1 1 6
PNT 29 69 2 1 5
PNT 31 69 2 1 4
PNT 33 69 2 1 6
PNT 35 69 1 1 5
PNT 36 69 1 1 4
PNT 37 69 1 1 6
PNT 38 69 1 1 5
PNT 39 69 1 1 4
PNT 56 69 8 1 6
PNT 65 69 2 1 5
PNT 67 69 1 1 7
PNT 68 69 1 1 6
PNT 69 69 1 1 5
PNT 70 69 1 1 6
PNT 71 69 1 1 5
PNT 72 69 1 1 4
PNT 73 69 1 1 5
PNT 0 70 21 1 2
PNT 21 70 1 1 6
PNT 22 70 6 1 7
PNT 28 70 2 1 5
PNT 30 70 1 1 2
PNT 31 70 1 1 4
PNT 32 70 6 1 6
PNT 38 70 2 1 5
PNT 40 70 17 1 2
PNT 57 70 1 1 5
PNT 58 70 6 1 6
PNT 64 70 1 1 2
PNT 65 70 6 1 7
PNT 71 70 1 1 6
PNT 72 70 1 1 4
PNT 73 70 1 1 5
PNT 74 70 54 1 2
PNT 0 71 16 1 2
PNT 19 71 3 1 2
PNT 22 71 6 1 7
PNT 28 71 4 1 2
PNT 32 71 6 1 6
PNT 38 71 11 1 2
PNT 51 71 8 1 2
PNT 59 71 1 1 4
PNT 60 71 5 1 2
PNT 65 71 8 1 7
PNT 73 71 1 1 6
PNT 74 71 7 1 2
PNT 83 71 13 1 2
PNT 99 71 13 1 2
PNT 115 71 9 1 2
PNT 127 71 1 1 2
PNT 0 72 18 1 3
PNT 18 72 71 1 2
PNT 89 72 39 1 3
PNT 0 73 20 1 2
PNT 87 73 41 1 2
PNT 16 76 2 1 2
PNT 22 76 2 1 2
PNT 27 76 5 1 2
PNT 50 76 14 1 2
PNT 82 76 6 1 2
PNT 90 76 6 1 2
PNT 112 76 8 1 2
PNT 123 76 5 1 2
PNT 0 80 24 1 2
PNT 26 80 38 1 2
PNT 66 80 38 1 2
PNT 106 80 22 1 2
PNT 0 82 8 1 2
PNT 18 82 54 1 2
PNT 80 82 14 1 2
PNT 98 82 30 1 2
PNT 0 83 24 1 2
PNT 32 83 2 1 2
PNT 38 83 18 1 2
PNT 64 83 10 1 2
PNT 78 83 10 1 2
PNT 96 83 18 1 2
PNT 118 83 2 1 2
PNT 0 86 24 1 2
PNT 30 86 50 1 2
PNT 86 86 42 1 2
PNT 0 87 52 1 2
PNT 58 87 50 1 2
PNT 114 87 14 1 2
PNT 0 88 128 1 2
PNT 0 89 128 1 2
PNT 0 90 128 1 2
PNT 0 91 128 1 2
PNT 0 92 128 1 2
PNT 0 93 128 1 2
PNT 0 94 128 1 2
PNT 0 95 128 1 2
REC 1
C FRAME 15
CLR 1
PNT 0 6 128 1 0
PNT 0 7 128 1 0
PNT 110 8 1 1 5
PNT 109 9 1 1 5
PNT 116 9 1 1 5
PNT 0 10 20 1 0
PNT 22 10 62 1 0
PNT 86 10 19 1 0
PNT 105 10 1 1 5
PNT 106 10 1 1 0
PNT 107 10 1 1 7
PNT 108 10 2 1 5
PNT 110 10 5 1 0
PNT 115 10 1 1 5
PNT 116 10 12 1 0
PNT 0 11 105 1 0
PNT 105 11 1 1 5
PNT 106 11 2 1 0
PNT 108 11 1 1 5
PNT 109 11 3 1 0
PNT 112 11 1 1 5
PNT 113 11 1 1 0
PNT 114 11 1 1 7
PNT 115 11 2 1 5
PNT 117 11 11 1 0
PNT 106 12 2 1 5
PNT 108 12 1 1 6
PNT 109 12 1 1 5
PNT 112 12 1 1 5
PNT 114 12 2 1 5
PNT 106 13 2 1 5
PNT 108 13 1 1 6
PNT 109 13 1 1 5
PNT 113 13 1 1 5
PNT 114 13 1 1 6
PNT 115 13 1 1 5
PNT 0 14 105 1 0
PNT 105 14 2 1 5
PNT 107 14 1 1 7
PNT 108 14 1 1 5
PNT 109 14 4 1 0
PNT 113 14 3 1 5
PNT 116 14 12 1 0
PNT 0 15 105 1 0
PNT 105 15 4 1 5
PNT 109 15 4 1 0
PNT 113 15 1 1 7
PNT 114 15 1 1 5
PNT 115 15 13 1 0
PNT 106 16 2 1 5
PNT 113 16 3 1 5
PNT 86 17 1 1 4
PNT 106 17 2 1 5
PNT 108 17 3 1 6
PNT 112 17 1 1 5
PNT 114 17 1 1 5
PNT 0 18 6 1 0
PNT 10 18 52 1 0
PNT 64 18 2 1 0
PNT 66 18 1 1 3
PNT 67 18 18 1 0
PNT 85 18 1 1 4
PNT 86 18 1 1 0
PNT 87 18 1 1 4
PNT 88 18 6 1 0
PNT 96 18 7 1 0
PNT 103 18 11 1 7
PNT 114 18 1 1 6
PNT 115 18 13 1 0
PNT 0 19 10 1 0
PNT 13 19 17 1 0
PNT 32 19 35 1 0
PNT 67 19 2 1 3
PNT 69 19 15 1 0
PNT 84 19 1 1 5
PNT 85 19 1 1 0
PNT 86 19 1 1 4
PNT 87 19 1 1 0
PNT 88 19 1 1 4
PNT 89 19 12 1 0
PNT 101 19 2 1 7
PNT 103 19 1 1 6
PNT 104 19 1 1 7
PNT 105 19 5 1 5
PNT 110 19 1 1 7
PNT 111 19 1 1 5
PNT 113 19 1 1 5
PNT 114 19 2 1 7
PNT 116 19 2 1 0
PNT 118 19 2 1 4
PNT 120 19 8 1 0
PNT 68 20 2 1 3
PNT 70 20 1 1 4
PNT 84 20 1 1 5
PNT 98 20 1 1 3
PNT 99 20 1 1 2
PNT 100 20 1 1 3
PNT 101 20 3 1 2
PNT 104 20 2 1 5
PNT 106 20 5 1 3
PNT 111 20 3 1 5
PNT 114 20 1 1 2
PNT 115 20 1 1 5
PNT 116 20 2 1 7
PNT 74 21 1 1 4
PNT 83 21 1 1 5
PNT 85 21 1 1 5
PNT 87 21 1 1 4
PNT 97 21 1 1 2
PNT 98 21 1 1 7
PNT 99 21 1 1 6
PNT 101 21 1 1 2
PNT 106 21 5 1 5
PNT 111 21 2 1 3
PNT 113 21 3 1 5
PNT 116 21 1 1 7
PNT 117 21 1 1 4
PNT 118 21 1 1 7
PNT 0 22 22 1 0
PNT 26 22 16 1 0
PNT 45 22 27 1 0
PNT 72 22 2 1 4
PNT 77 22 6 1 0
PNT 83 22 1 1 5
PNT 84 22 1 1 0
PNT 85 22 1 1 5
PNT 86 22 8 1 0
PNT 95 22 1 1 0
PNT 96 22 1 1 3
PNT 97 22 1 1 6
PNT 99 22 2 1 2
PNT 103 22 3 1 2
PNT 109 22 2 1 0
PNT 111 22 1 1 7
PNT 112 22 1 1 6
PNT 113 22 3 1 5
PNT 116 22 2 1 4
PNT 118 22 1 1 2
PNT 119 22 1 1 7
PNT 120 22 8 1 0
PNT 0 23 26 1 0
PNT 29 23 17 1 0
PNT 48 23 26 1 0
PNT 74 23 2 1 4
PNT 76 23 1 1 0
PNT 77 23 1 1 5
PNT 80 23 2 1 0
PNT 82 23 1 1 5
PNT 83 23 1 1 0
PNT 84 23 1 1 5
PNT 85 23 1 1 0
PNT 86 23 1 1 5
PNT 87 23 7 1 0
PNT 94 23 2 1 2
PNT 97 23 1 1 2
PNT 98 23 1 1 6
PNT 100 23 1 1 3
PNT 101 23 2 1 5
PNT 104 23 1 1 3
PNT 105 23 1 1 5
PNT 106 23 1 1 4
PNT 107 23 1 1 3
PNT 108 23 1 1 2
PNT 112 23 2 1 2
PNT 114 23 1 1 3
PNT 115 23 5 1 4
PNT 121 23 1 1 4
PNT 122 23 6 1 0
PNT 76 24 1 1 4
PNT 77 24 1 1 5
PNT 79 24 2 1 5
PNT 82 24 1 1 5
PNT 84 24 1 1 5
PNT 94 24 1 1 3
PNT 95 24 1 1 2
PNT 96 24 1 1 6
PNT 98 24 1 1 3
PNT 99 24 1 1 2
PNT 102 24 4 1 4
PNT 106 24 1 1 3
PNT 107 24 1 1 2
PNT 114 24 2 1 2
PNT 116 24 1 1 5
PNT 117 24 5 1 4
PNT 122 24 1 1 2
PNT 78 25 2 1 5
PNT 81 25 3 1 5
PNT 85 25 1 1 5
PNT 93 25 1 1 2
PNT 94 25 1 1 7
PNT 95 25 2 1 6
PNT 97 25 1 1 2
PNT 99 25 1 1 6
PNT 100 25 1 1 5
PNT 101 25 1 1 6
PNT 102 25 3 1 4
PNT 105 25 1 1 3
PNT 106 25 1 1 2
PNT 109 25 1 1 2
PNT 112 25 1 1 2
PNT 113 25 2 1 3
PNT 116 25 1 1 2
PNT 117 25 1 1 4
PNT 118 25 1 1 7
PNT 119 25 1 1 4
PNT 120 25 1 1 7
PNT 0 26 80 1 0
PNT 80 26 2 1 5
PNT 82 26 1 1 0
PNT 83 26 2 1 5
PNT 85 26 5 1 0
PNT 91 26 1 1 0
PNT 92 26 1 1 3
PNT 93 26 1 1 2
PNT 94 26 1 1 6
PNT 96 26 1 1 3
PNT 97 26 5 1 6
PNT 102 26 2 1 7
PNT 104 26 1 1 3
PNT 105 26 1 1 4
PNT 109 26 3 1 6
PNT 112 26 1 1 5
PNT 113 26 1 1 2
PNT 118 26 2 1 4
PNT 120 26 1 1 3
PNT 121 26 7 1 0
PNT 0 27 80 1 0
PNT 80 27 1 1 5
PNT 81 27 1 1 0
PNT 82 27 4 1 5
PNT 86 27 4 1 0
PNT 90 27 1 1 2
PNT 91 27 1 1 7
PNT 93 27 2 1 6
PNT 95 27 1 1 2
PNT 97 27 1 1 5
PNT 98 27 2 1 6
PNT 101 27 2 1 6
PNT 103 27 2 1 4
PNT 105 27 1 1 7
PNT 106 27 2 1 5
PNT 108 27 1 1 3
PNT 112 27 1 1 3
PNT 113 27 3 1 5
PNT 116 27 1 1 4
PNT 117 27 1 1 5
PNT 118 27 1 1 4
PNT 119 27 1 1 7
PNT 120 27 8 1 0
PNT 80 28 1 1 6
PNT 81 28 1 1 0
PNT 82 28 1 1 7
PNT 83 28 1 1 6
PNT 84 28 2 1 5
PNT 90 28 1 1 6
PNT 91 28 1 1 2
PNT 92 28 1 1 6
PNT 94 28 1 1 3
PNT 95 28 1 1 6
PNT 96 28 1 1 5
PNT 97 28 5 1 6
PNT 104 28 1 1 4
PNT 105 28 1 1 5
PNT 106 28 2 1 7
PNT 108 28 1 1 5
PNT 109 28 1 1 2
PNT 110 28 1 1 3
PNT 111 28 1 1 2
PNT 112 28 2 1 5
PNT 114 28 1 1 4
PNT 116 28 1 1 4
PNT 117 28 2 1 7
PNT 78 29 1 1 6
PNT 79 29 1 1 0
PNT 80 29 1 1 7
PNT 81 29 1 1 6
PNT 82 29 1 1 7
PNT 83 29 1 1 6
PNT 84 29 1 1 0
PNT 86 29 1 1 5
PNT 89 29 1 1 6
PNT 90 29 1 1 7
PNT 91 29 2 1 6
PNT 93 29 1 1 2
PNT 95 29 1 1 5
PNT 96 29 2 1 6
PNT 99 29 3 1 6
PNT 103 29 1 1 4
PNT 106 29 1 1 4
PNT 107 29 1 1 5
PNT 108 29 3 1 7
PNT 114 29 1 1 4
PNT 115 29 2 1 7
PNT 117 29 1 1 4
PNT 0 30 10 1 0
PNT 12 30 54 1 0
PNT 68 30 8 1 0
PNT 76 30 1 1 6
PNT 77 30 1 1 0
PNT 78 30 1 1 7
PNT 79 30 1 1 6
PNT 80 30 1 1 7
PNT 81 30 1 1 5
PNT 82 30 1 1 0
PNT 83 30 1 1 2
PNT 84 30 1 1 6
PNT 85 30 1 1 0
PNT 87 30 2 1 6
PNT 89 30 1 1 7
PNT 90 30 1 1 3
PNT 92 30 1 1 3
PNT 93 30 2 1 5
PNT 95 30 3 1 6
PNT 100 30 2 1 0
PNT 102 30 1 1 4
PNT 103 30 2 1 0
PNT 105 30 1 1 4
PNT 106 30 4 1 0
PNT 110 30 1 1 5
PNT 111 30 4 1 7
PNT 115 30 1 1 4
PNT 116 30 2 1 0
PNT 118 30 1 1 4
PNT 119 30 9 1 0
PNT 0 31 14 1 0
PNT 16 31 18 1 0
PNT 36 31 38 1 0
PNT 74 31 1 1 6
PNT 75 31 1 1 0
PNT 76 31 1 1 7
PNT 77 31 1 1 6
PNT 78 31 1 1 7
PNT 79 31 1 1 5
PNT 80 31 1 1 0
PNT 81 31 1 1 2
PNT 83 31 2 1 5
PNT 85 31 1 1 4
PNT 86 31 1 1 2
PNT 87 31 1 1 6
PNT 89 31 2 1 7
PNT 91 31 1 1 2
PNT 93 31 3 1 6
PNT 97 31 3 1 6
PNT 100 31 4 1 0
PNT 104 31 1 1 4
PNT 105 31 11 1 0
PNT 116 31 1 1 4
PNT 117 31 11 1 0
PNT 72 32 1 1 6
PNT 73 32 1 1 0
PNT 74 32 1 1 7
PNT 75 32 1 1 6
PNT 76 32 1 1 7
PNT 77 32 1 1 5
PNT 78 32 1 1 0
PNT 79 32 1 1 2
PNT 81 32 2 1 5
PNT 83 32 1 1 4
PNT 85 32 2 1 6
PNT 87 32 1 1 2
PNT 88 32 1 1 7
PNT 89 32 1 1 2
PNT 92 32 2 1 6
PNT 96 32 2 1 6
PNT 70 33 1 1 5
PNT 71 33 1 1 0
PNT 72 33 2 1 6
PNT 76 33 1 1 0
PNT 77 33 1 1 2
PNT 80 33 1 1 5
PNT 81 33 2 1 4
PNT 83 33 1 1 7
PNT 85 33 1 1 6
PNT 87 33 1 1 7
PNT 88 33 1 1 5
PNT 89 33 1 1 2
PNT 91 33 3 1 6
PNT 95 33 1 1 6
PNT 0 34 26 1 0
PNT 28 34 2 1 0
PNT 32 34 16 1 0
PNT 51 34 17 1 0
PNT 68 34 1 1 5
PNT 69 34 1 1 0
PNT 70 34 1 1 6
PNT 71 34 1 1 5
PNT 72 34 1 1 6
PNT 73 34 1 1 5
PNT 74 34 1 1 0
PNT 75 34 1 1 2
PNT 77 34 2 1 5
PNT 79 34 1 1 4
PNT 83 34 1 1 4
PNT 84 34 1 1 6
PNT 85 34 1 1 2
PNT 86 34 1 1 6
PNT 87 34 1 1 7
PNT 88 34 1 1 3
PNT 89 34 1 1 5
PNT 90 34 6 1 6
PNT 96 34 16 1 0
PNT 115 34 13 1 0
PNT 0 35 32 1 0
PNT 35 35 9 1 0
PNT 44 35 6 1 7
PNT 52 35 8 1 7
PNT 60 35 1 1 6
PNT 61 35 5 1 0
PNT 66 35 1 1 5
PNT 67 35 1 1 0
PNT 68 35 1 1 6
PNT 69 35 1 1 5
PNT 70 35 1 1 6
PNT 71 35 1 1 4
PNT 72 35 1 1 0
PNT 73 35 1 1 2
PNT 75 35 2 1 5
PNT 77 35 2 1 4
PNT 79 35 1 1 6
PNT 80 35 2 1 4
PNT 85 35 1 1 6
PNT 86 35 1 1 7
PNT 87 35 1 1 2
PNT 89 35 3 1 6
PNT 93 35 3 1 6
PNT 96 35 18 1 0
PNT 116 35 12 1 0
PNT 38 36 1 1 2
PNT 40 36 4 1 7
PNT 44 36 14 1 6
PNT 58 36 1 1 2
PNT 59 36 1 1 6
PNT 60 36 4 1 7
PNT 64 36 1 1 4
PNT 65 36 1 1 0
PNT 66 36 1 1 6
PNT 67 36 1 1 5
PNT 68 36 1 1 6
PNT 69 36 1 1 4
PNT 70 36 1 1 0
PNT 71 36 1 1 2
PNT 73 36 4 1 4
PNT 77 36 1 1 6
PNT 78 36 2 1 4
PNT 80 36 1 1 6
PNT 81 36 1 1 5
PNT 82 36 3 1 6
PNT 86 36 1 1 7
PNT 87 36 1 1 2
PNT 88 36 6 1 6
PNT 34 37 1 1 2
PNT 36 37 4 1 7
PNT 40 37 2 1 6
PNT 42 37 1 1 2
PNT 43 37 1 1 6
PNT 44 37 1 1 2
PNT 45 37 1 1 6
PNT 46 37 1 1 2
PNT 47 37 15 1 6
PNT 62 37 1 1 2
PNT 63 37 1 1 0
PNT 64 37 4 1 7
PNT 68 37 1 1 0
PNT 69 37 1 1 2
PNT 71 37 2 1 4
PNT 73 37 1 1 3
PNT 74 37 1 1 4
PNT 75 37 1 1 6
PNT 76 37 2 1 4
PNT 78 37 4 1 5
PNT 83 37 1 1 6
PNT 85 37 2 1 7
PNT 87 37 2 1 6
PNT 89 37 1 1 5
PNT 91 37 3 1 6
PNT 0 38 10 1 0
PNT 10 38 1 1 2
PNT 11 38 19 1 0
PNT 30 38 1 1 2
PNT 31 38 1 1 0
PNT 32 38 4 1 7
PNT 36 38 2 1 6
PNT 38 38 1 1 2
PNT 39 38 1 1 6
PNT 40 38 1 1 2
PNT 41 38 1 1 6
PNT 42 38 1 1 7
PNT 43 38 1 1 0
PNT 44 38 3 1 7
PNT 47 38 1 1 0
PNT 48 38 3 1 7
PNT 51 38 1 1 0
PNT 52 38 1 1 7
PNT 54 38 1 1 7
PNT 55 38 1 1 0
PNT 56 38 1 1 6
PNT 58 38 1 1 6
PNT 60 38 1 1 6
PNT 61 38 1 1 0
PNT 62 38 1 1 5
PNT 64 38 1 1 5
PNT 65 38 1 1 4
PNT 66 38 1 1 0
PNT 67 38 1 1 2
PNT 69 38 3 1 7
PNT 72 38 1 1 3
PNT 73 38 1 1 6
PNT 74 38 2 1 4
PNT 76 38 2 1 0
PNT 78 38 1 1 6
PNT 79 38 3 1 5
PNT 84 38 1 1 3
PNT 85 38 1 1 7
PNT 86 38 1 1 3
PNT 87 38 1 1 6
PNT 88 38 4 1 5
PNT 92 38 36 1 0
PNT 0 39 9 1 0
PNT 9 39 1 1 3
PNT 10 39 18 1 0
PNT 29 39 3 1 7
PNT 32 39 2 1 4
PNT 34 39 1 1 2
PNT 35 39 1 1 6
PNT 36 39 1 1 2
PNT 37 39 1 1 6
PNT 38 39 1 1 7
PNT 39 39 1 1 0
PNT 40 39 5 1 7
PNT 45 39 1 1 0
PNT 46 39 2 1 7
PNT 48 39 1 1 0
PNT 49 39 2 1 7
PNT 51 39 1 1 0
PNT 52 39 2 1 7
PNT 54 39 1 1 0
PNT 55 39 4 1 7
PNT 59 39 1 1 0
PNT 60 39 2 1 6
PNT 62 39 1 1 5
PNT 63 39 2 1 3
PNT 65 39 1 1 2
PNT 67 39 2 1 4
PNT 69 39 1 1 3
PNT 70 39 1 1 2
PNT 71 39 1 1 5
PNT 72 39 4 1 7
PNT 76 39 2 1 0
PNT 78 39 2 1 5
PNT 81 39 2 1 5
PNT 83 39 1 1 2
PNT 84 39 1 1 7
PNT 85 39 1 1 5
PNT 86 39 1 1 6
PNT 87 39 1 1 5
PNT 89 39 3 1 5
PNT 92 39 36 1 0
PNT 6 40 1 1 4
PNT 8 40 1 1 3
PNT 11 40 1 1 6
PNT 25 40 2 1 6
PNT 27 40 2 1 7
PNT 29 40 3 1 4
PNT 32 40 1 1 2
PNT 33 40 1 1 6
PNT 34 40 1 1 7
PNT 35 40 1 1 0
PNT 36 40 3 1 7
PNT 39 40 1 1 0
PNT 40 40 1 1 7
PNT 42 40 1 1 7
PNT 43 40 1 1 6
PNT 44 40 1 1 2
PNT 45 40 1 1 5
PNT 46 40 1 1 7
PNT 48 40 2 1 5
PNT 50 40 1 1 7
PNT 51 40 2 1 5
PNT 54 40 1 1 7
PNT 55 40 1 1 5
PNT 56 40 1 1 7
PNT 57 40 1 1 0
PNT 58 40 2 1 7
PNT 60 40 1 1 4
PNT 61 40 1 1 5
PNT 62 40 1 1 7
PNT 63 40 1 1 2
PNT 65 40 2 1 3
PNT 67 40 2 1 6
PNT 70 40 1 1 6
PNT 73 40 2 1 5
PNT 75 40 1 1 6
PNT 76 40 3 1 7
PNT 79 40 3 1 5
PNT 82 40 1 1 2
PNT 83 40 1 1 7
PNT 84 40 1 1 5
PNT 85 40 1 1 2
PNT 86 40 2 1 5
PNT 89 40 1 1 5
PNT 5 41 1 1 4
PNT 7 41 1 1 4
PNT 9 41 1 1 6
PNT 12 41 1 1 6
PNT 23 41 2 1 6
PNT 25 41 2 1 7
PNT 27 41 1 1 4
PNT 28 41 1 1 2
PNT 29 41 1 1 6
PNT 30 41 1 1 2
PNT 31 41 1 1 0
PNT 32 41 4 1 7
PNT 36 41 1 1 0
PNT 37 41 2 1 7
PNT 39 41 2 1 6
PNT 41 41 4 1 5
PNT 45 41 1 1 2
PNT 46 41 1 1 5
PNT 47 41 1 1 2
PNT 48 41 1 1 5
PNT 49 41 1 1 2
PNT 50 41 1 1 5
PNT 51 41 1 1 2
PNT 52 41 1 1 5
PNT 53 41 1 1 2
PNT 54 41 1 1 5
PNT 55 41 2 1 2
PNT 57 41 1 1 5
PNT 58 41 1 1 7
PNT 59 41 1 1 5
PNT 60 41 1 1 3
PNT 61 41 1 1 5
PNT 63 41 1 1 0
PNT 64 41 2 1 7
PNT 66 41 1 1 6
PNT 67 41 1 1 0
PNT 68 41 1 1 3
PNT 69 41 4 1 6
PNT 74 41 1 1 2
PNT 75 41 1 1 6
PNT 77 41 2 1 5
PNT 79 41 2 1 7
PNT 81 41 1 1 5
PNT 82 41 2 1 7
PNT 84 41 1 1 6
PNT 85 41 1 1 5
PNT 87 41 2 1 5
PNT 89 41 1 1 2
PNT 0 42 4 1 0
PNT 4 42 1 1 5
PNT 5 42 1 1 0
PNT 6 42 4 1 4
PNT 10 42 1 1 6
PNT 11 42 1 1 0
PNT 12 42 1 1 6
PNT 13 42 8 1 0
PNT 21 42 1 1 7
PNT 22 42 1 1 6
PNT 23 42 2 1 7
PNT 25 42 1 1 5
PNT 26 42 1 1 2
PNT 27 42 1 1 0
PNT 28 42 1 1 6
PNT 29 42 1 1 7
PNT 30 42 2 1 6
PNT 32 42 1 1 7
PNT 33 42 1 1 0
PNT 34 42 1 1 7
PNT 36 42 1 1 6
PNT 37 42 3 1 5
PNT 40 42 1 1 0
PNT 42 42 1 1 5
PNT 43 42 1 1 0
PNT 44 42 1 1 5
PNT 46 42 1 1 0
PNT 47 42 2 1 5
PNT 49 42 1 1 0
PNT 50 42 2 1 5
PNT 52 42 2 1 0
PNT 54 42 1 1 5
PNT 55 42 1 1 0
PNT 56 42 1 1 5
PNT 57 42 1 1 2
PNT 58 42 1 1 0
PNT 59 42 1 1 2
PNT 60 42 1 1 5
PNT 61 42 1 1 2
PNT 62 42 1 1 7
PNT 63 42 1 1 5
PNT 64 42 1 1 7
PNT 65 42 1 1 2
PNT 66 42 1 1 0
PNT 67 42 1 1 7
PNT 68 42 1 1 6
PNT 69 42 1 1 2
PNT 70 42 1 1 6
PNT 71 42 1 1 0
PNT 72 42 2 1 6
PNT 77 42 4 1 5
PNT 81 42 1 1 7
PNT 82 42 2 1 6
PNT 84 42 1 1 3
PNT 85 42 1 1 5
PNT 86 42 1 1 2
PNT 88 42 1 1 2
PNT 89 42 39 1 0
PNT 0 43 3 1 0
PNT 3 43 4 1 5
PNT 7 43 2 1 4
PNT 9 43 1 1 0
PNT 10 43 2 1 4
PNT 12 43 1 1 0
PNT 13 43 1 1 6
PNT 14 43 1 1 0
PNT 15 43 1 1 7
PNT 16 43 3 1 6
PNT 19 43 2 1 7
PNT 21 43 1 1 2
PNT 22 43 1 1 7
PNT 23 43 1 1 5
PNT 24 43 1 1 2
PNT 25 43 1 1 5
PNT 26 43 1 1 6
PNT 27 43 1 1 7
PNT 28 43 2 1 6
PNT 30 43 1 1 7
PNT 31 43 1 1 6
PNT 32 43 1 1 2
PNT 33 43 2 1 6
PNT 35 43 2 1 5
PNT 37 43 1 1 0
PNT 38 43 2 1 5
PNT 40 43 1 1 3
PNT 41 43 1 1 5
PNT 43 43 1 1 5
PNT 44 43 1 1 3
PNT 45 43 1 1 6
PNT 47 43 1 1 5
PNT 48 43 1 1 3
PNT 49 43 1 1 6
PNT 51 43 1 1 5
PNT 52 43 1 1 3
PNT 53 43 1 1 6
PNT 55 43 1 1 5
PNT 56 43 1 1 3
PNT 58 43 2 1 5
PNT 60 43 3 1 2
PNT 63 43 1 1 5
PNT 64 43 1 1 2
PNT 65 43 1 1 5
PNT 66 43 1 1 7
PNT 67 43 3 1 4
PNT 70 43 1 1 3
PNT 71 43 1 1 6
PNT 73 43 2 1 6
PNT 75 43 1 1 0
PNT 76 43 1 1 6
PNT 78 43 1 1 2
PNT 79 43 1 1 6
PNT 81 43 2 1 6
PNT 83 43 1 1 2
PNT 84 43 1 1 5
PNT 85 43 1 1 2
PNT 86 43 1 1 5
PNT 87 43 1 1 2
PNT 88 43 2 1 4
PNT 90 43 38 1 0
PNT 2 44 1 1 5
PNT 3 44 3 1 4
PNT 6 44 1 1 5
PNT 7 44 1 1 0
PNT 8 44 5 1 4
PNT 13 44 1 1 7
PNT 14 44 1 1 2
PNT 15 44 4 1 6
PNT 19 44 1 1 2
PNT 20 44 1 1 7
PNT 21 44 1 1 3
PNT 22 44 2 1 5
PNT 24 44 1 1 6
PNT 25 44 2 1 7
PNT 27 44 1 1 6
PNT 29 44 1 1 2
PNT 30 44 2 1 5
PNT 32 44 1 1 6
PNT 34 44 1 1 0
PNT 35 44 1 1 5
PNT 36 44 1 1 3
PNT 37 44 1 1 5
PNT 39 44 1 1 5
PNT 40 44 1 1 6
PNT 41 44 1 1 2
PNT 42 44 1 1 5
PNT 44 44 1 1 3
PNT 45 44 1 1 6
PNT 46 44 1 1 5
PNT 48 44 2 1 6
PNT 52 44 1 1 6
PNT 53 44 1 1 2
PNT 54 44 1 1 5
PNT 57 44 1 1 6
PNT 59 44 1 1 2
PNT 60 44 1 1 3
PNT 62 44 1 1 0
PNT 63 44 1 1 2
PNT 64 44 1 1 3
PNT 65 44 1 1 4
PNT 66 44 2 1 2
PNT 68 44 1 1 7
PNT 69 44 1 1 2
PNT 70 44 1 1 7
PNT 71 44 1 1 2
PNT 72 44 1 1 4
PNT 73 44 5 1 6
PNT 78 44 1 1 7
PNT 80 44 1 1 2
PNT 81 44 1 1 6
PNT 82 44 1 1 3
PNT 83 44 1 1 5
PNT 84 44 1 1 2
PNT 85 44 1 1 4
PNT 86 44 1 1 2
PNT 87 44 1 1 3
PNT 88 44 2 1 4
PNT 91 44 2 1 5
PNT 2 45 2 1 4
PNT 4 45 1 1 5
PNT 5 45 1 1 0
PNT 6 45 2 1 4
PNT 8 45 2 1 5
PNT 10 45 1 1 4
PNT 11 45 1 1 7
PNT 12 45 1 1 2
PNT 14 45 3 1 6
PNT 17 45 1 1 2
PNT 18 45 1 1 3
PNT 19 45 1 1 7
PNT 20 45 2 1 5
PNT 22 45 1 1 2
PNT 23 45 1 1 7
PNT 24 45 2 1 6
PNT 27 45 1 1 7
PNT 28 45 3 1 5
PNT 32 45 1 1 3
PNT 33 45 1 1 2
PNT 35 45 1 1 2
PNT 36 45 2 1 6
PNT 38 45 1 1 2
PNT 40 45 2 1 6
PNT 42 45 2 1 5
PNT 45 45 1 1 2
PNT 46 45 2 1 5
PNT 49 45 3 1 5
PNT 53 45 3 1 5
PNT 57 45 1 1 5
PNT 58 45 1 1 2
PNT 60 45 2 1 6
PNT 62 45 1 1 4
PNT 63 45 1 1 2
PNT 64 45 6 1 6
PNT 70 45 1 1 2
PNT 71 45 1 1 7
PNT 72 45 1 1 3
PNT 73 45 1 1 6
PNT 74 45 1 1 7
PNT 75 45 1 1 6
PNT 77 45 1 1 2
PNT 78 45 1 1 0
PNT 79 45 1 1 2
PNT 80 45 1 1 6
PNT 81 45 1 1 2
PNT 82 45 1 1 5
PNT 83 45 1 1 2
PNT 84 45 1 1 3
PNT 85 45 1 1 2
PNT 86 45 2 1 4
PNT 88 45 1 1 2
PNT 89 45 2 1 5
PNT 0 46 1 1 0
PNT 1 46 1 1 5
PNT 2 46 1 1 6
PNT 3 46 1 1 0
PNT 4 46 2 1 4
PNT 6 46 2 1 5
PNT 8 46 1 1 4
PNT 9 46 1 1 7
PNT 10 46 1 1 2
PNT 12 46 1 1 7
PNT 13 46 1 1 6
PNT 14 46 1 1 4
PNT 15 46 1 1 6
PNT 16 46 1 1 3
PNT 17 46 1 1 6
PNT 18 46 1 1 7
PNT 19 46 1 1 5
PNT 20 46 1 1 6
PNT 21 46 1 1 7
PNT 22 46 1 1 6
PNT 23 46 1 1 3
PNT 25 46 1 1 7
PNT 26 46 3 1 5
PNT 30 46 2 1 5
PNT 32 46 1 1 2
PNT 33 46 1 1 6
PNT 34 46 1 1 5
PNT 36 46 1 1 6
PNT 37 46 1 1 2
PNT 38 46 2 1 5
PNT 41 46 1 1 5
PNT 43 46 2 1 5
PNT 46 46 1 1 3
PNT 47 46 2 1 5
PNT 51 46 2 1 5
PNT 55 46 2 1 5
PNT 59 46 1 1 5
PNT 61 46 1 1 4
PNT 62 46 1 1 3
PNT 63 46 2 1 6
PNT 65 46 1 1 7
PNT 66 46 1 1 6
PNT 67 46 1 1 7
PNT 68 46 5 1 6
PNT 73 46 1 1 2
PNT 75 46 2 1 4
PNT 77 46 1 1 6
PNT 78 46 1 1 2
PNT 79 46 1 1 6
PNT 80 46 2 1 3
PNT 82 46 1 1 2
PNT 83 46 1 1 5
PNT 84 46 1 1 3
PNT 85 46 1 1 2
PNT 86 46 2 1 4
PNT 88 46 1 1 5
PNT 89 46 1 1 4
PNT 90 46 1 1 0
PNT 91 46 2 1 4
PNT 93 46 35 1 0
PNT 0 47 2 1 0
PNT 2 47 2 1 4
PNT 4 47 2 1 5
PNT 6 47 1 1 4
PNT 7 47 1 1 6
PNT 8 47 1 1 2
PNT 10 47 1 1 7
PNT 11 47 1 1 6
PNT 12 47 2 1 4
PNT 14 47 1 1 6
PNT 15 47 1 1 2
PNT 16 47 1 1 6
PNT 17 47 1 1 5
PNT 18 47 1 1 4
PNT 19 47 1 1 7
PNT 20 47 2 1 6
PNT 24 47 1 1 2
PNT 25 47 2 1 5
PNT 28 47 4 1 5
PNT 32 47 1 1 2
PNT 33 47 1 1 6
PNT 34 47 2 1 5
PNT 37 47 1 1 5
PNT 39 47 2 1 5
PNT 42 47 2 1 5
PNT 44 47 1 1 6
PNT 45 47 1 1 2
PNT 46 47 1 1 6
PNT 47 47 1 1 2
PNT 48 47 1 1 6
PNT 49 47 1 1 2
PNT 50 47 3 1 6
PNT 53 47 1 1 2
PNT 54 47 3 1 6
PNT 57 47 1 1 2
PNT 58 47 2 1 6
PNT 60 47 1 1 4
PNT 61 47 1 1 2
PNT 62 47 1 1 6
PNT 63 47 1 1 7
PNT 64 47 3 1 2
PNT 67 47 5 1 6
PNT 73 47 1 1 6
PNT 74 47 1 1 3
PNT 75 47 1 1 2
PNT 76 47 1 1 6
PNT 77 47 1 1 4
PNT 78 47 1 1 0
PNT 79 47 1 1 2
PNT 80 47 2 1 6
PNT 82 47 1 1 2
PNT 83 47 1 1 5
PNT 84 47 1 1 2
PNT 86 47 5 1 4
PNT 91 47 37 1 0
PNT 0 48 1 1 7
PNT 1 48 1 1 5
PNT 2 48 1 1 4
PNT 3 48 3 1 5
PNT 8 48 1 1 7
PNT 9 48 1 1 5
PNT 10 48 2 1 4
PNT 12 48 1 1 6
PNT 13 48 1 1 4
PNT 14 48 1 1 3
PNT 15 48 2 1 5
PNT 17 48 1 1 2
PNT 18 48 1 1 7
PNT 19 48 1 1 4
PNT 23 48 2 1 5
PNT 25 48 1 1 3
PNT 26 48 4 1 5
PNT 30 48 2 1 2
PNT 33 48 1 1 5
PNT 35 48 2 1 2
PNT 38 48 2 1 5
PNT 40 48 1 1 2
PNT 41 48 3 1 6
PNT 44 48 1 1 2
PNT 45 48 3 1 6
PNT 48 48 1 1 3
PNT 49 48 3 1 6
PNT 52 48 1 1 2
PNT 53 48 3 1 6
PNT 56 48 1 1 2
PNT 57 48 2 1 6
PNT 59 48 1 1 2
PNT 60 48 1 1 3
PNT 61 48 1 1 7
PNT 62 48 2 1 2
PNT 64 48 3 1 6
PNT 67 48 3 1 5
PNT 71 48 1 1 2
PNT 72 48 3 1 6
PNT 75 48 2 1 2
PNT 78 48 1 1 3
PNT 79 48 1 1 4
PNT 80 48 1 1 3
PNT 81 48 1 1 6
PNT 84 48 2 1 5
PNT 87 48 3 1 4
PNT 0 49 3 1 4
PNT 3 49 2 1 5
PNT 5 49 1 1 6
PNT 6 49 1 1 2
PNT 7 49 1 1 5
PNT 8 49 2 1 4
PNT 10 49 1 1 5
PNT 11 49 1 1 4
PNT 12 49 2 1 3
PNT 14 49 1 1 6
PNT 15 49 2 1 2
PNT 17 49 1 1 5
PNT 18 49 1 1 7
PNT 20 49 1 1 7
PNT 21 49 2 1 5
PNT 25 49 1 1 5
PNT 26 49 1 1 2
PNT 27 49 3 1 5
PNT 30 49 1 1 2
PNT 31 49 2 1 5
PNT 34 49 2 1 2
PNT 36 49 2 1 6
PNT 38 49 1 1 5
PNT 39 49 2 1 2
PNT 41 49 1 1 6
PNT 42 49 1 1 5
PNT 43 49 2 1 2
PNT 45 49 1 1 6
PNT 46 49 1 1 5
PNT 47 49 3 1 2
PNT 50 49 1 1 5
PNT 51 49 2 1 2
PNT 53 49 1 1 6
PNT 54 49 1 1 5
PNT 55 49 2 1 2
PNT 57 49 1 1 6
PNT 59 49 1 1 2
PNT 60 49 1 1 6
PNT 61 49 1 1 2
PNT 62 49 2 1 6
PNT 64 49 4 1 5
PNT 69 49 3 1 5
PNT 73 49 1 1 2
PNT 74 49 2 1 6
PNT 76 49 1 1 3
PNT 77 49 1 1 2
PNT 78 49 2 1 5
PNT 82 49 1 1 5
PNT 83 49 2 1 7
PNT 85 49 1 1 5
PNT 86 49 1 1 4
PNT 88 49 2 1 4
PNT 0 50 1 1 4
PNT 1 50 4 1 5
PNT 6 50 2 1 4
PNT 8 50 1 1 5
PNT 9 50 1 1 4
PNT 10 50 3 1 3
PNT 13 50 2 1 2
PNT 16 50 1 1 0
PNT 18 50 1 1 3
PNT 19 50 2 1 7
PNT 21 50 1 1 4
PNT 22 50 1 1 7
PNT 23 50 3 1 5
PNT 27 50 1 1 3
PNT 28 50 1 1 5
PNT 29 50 2 1 2
PNT 31 50 3 1 4
PNT 34 50 1 1 2
PNT 35 50 1 1 5
PNT 36 50 2 1 4
PNT 38 50 2 1 2
PNT 40 50 2 1 0
PNT 42 50 2 1 2
PNT 44 50 2 1 0
PNT 46 50 2 1 2
PNT 48 50 2 1 0
PNT 50 50 1 1 3
PNT 51 50 1 1 2
PNT 52 50 2 1 0
PNT 54 50 2 1 2
PNT 56 50 2 1 0
PNT 58 50 1 1 3
PNT 60 50 1 1 0
PNT 62 50 1 1 3
PNT 63 50 1 1 5
PNT 65 50 1 1 4
PNT 68 50 2 1 4
PNT 70 50 5 1 5
PNT 75 50 1 1 4
PNT 77 50 3 1 5
PNT 80 50 3 1 7
PNT 83 50 1 1 5
PNT 85 50 1 1 5
PNT 86 50 2 1 0
PNT 89 50 39 1 0
PNT 0 51 1 1 4
PNT 1 51 3 1 5
PNT 4 51 1 1 2
PNT 5 51 1 1 4
PNT 6 51 1 1 5
PNT 7 51 1 1 4
PNT 8 51 3 1 3
PNT 11 51 1 1 2
PNT 12 51 1 1 3
PNT 13 51 1 1 4
PNT 14 51 1 1 0
PNT 16 51 2 1 5
PNT 18 51 1 1 6
PNT 20 51 1 1 5
PNT 21 51 2 1 7
PNT 23 51 1 1 5
PNT 24 51 1 1 7
PNT 25 51 3 1 5
PNT 29 51 1 1 5
PNT 30 51 1 1 2
PNT 32 51 1 1 4
PNT 33 51 2 1 2
PNT 35 51 3 1 4
PNT 38 51 1 1 2
PNT 39 51 3 1 4
PNT 42 51 1 1 2
PNT 43 51 3 1 4
PNT 46 51 1 1 2
PNT 47 51 3 1 4
PNT 50 51 2 1 2
PNT 52 51 2 1 4
PNT 54 51 1 1 2
PNT 55 51 2 1 4
PNT 57 51 1 1 2
PNT 58 51 2 1 4
PNT 61 51 1 1 4
PNT 63 51 1 1 3
PNT 65 51 2 1 4
PNT 67 51 1 1 2
PNT 70 51 1 1 2
PNT 71 51 1 1 4
PNT 73 51 2 1 4
PNT 75 51 1 1 5
PNT 76 51 1 1 7
PNT 77 51 1 1 5
PNT 78 51 3 1 7
PNT 81 51 1 1 3
PNT 82 51 1 1 4
PNT 83 51 2 1 0
PNT 86 51 3 1 0
PNT 90 51 38 1 0
PNT 0 52 2 1 5
PNT 2 52 1 1 3
PNT 4 52 2 1 4
PNT 6 52 3 1 3
PNT 9 52 1 1 5
PNT 10 52 2 1 3
PNT 12 52 1 1 0
PNT 14 52 1 1 4
PNT 15 52 1 1 5
PNT 16 52 1 1 6
PNT 18 52 2 1 5
PNT 20 52 2 1 3
PNT 22 52 1 1 5
PNT 23 52 2 1 7
PNT 25 52 4 1 5
PNT 29 52 1 1 3
PNT 31 52 1 1 4
PNT 32 52 1 1 2
PNT 34 52 1 1 5
PNT 36 52 3 1 2
PNT 39 52 2 1 4
PNT 41 52 2 1 2
PNT 43 52 2 1 4
PNT 45 52 2 1 2
PNT 47 52 2 1 4
PNT 49 52 2 1 2
PNT 51 52 1 1 4
PNT 52 52 1 1 3
PNT 53 52 1 1 2
PNT 54 52 2 1 4
PNT 56 52 1 1 3
PNT 58 52 2 1 4
PNT 60 52 1 1 2
PNT 64 52 2 1 3
PNT 66 52 1 1 5
PNT 67 52 5 1 4
PNT 72 52 1 1 7
PNT 74 52 4 1 7
PNT 78 52 1 1 6
PNT 79 52 1 1 3
PNT 80 52 2 1 5
PNT 1 53 1 1 3
PNT 2 53 1 1 2
PNT 3 53 1 1 4
PNT 4 53 3 1 3
PNT 7 53 1 1 4
PNT 8 53 2 1 3
PNT 10 53 1 1 0
PNT 11 53 1 1 3
PNT 13 53 1 1 4
PNT 14 53 1 1 5
PNT 15 53 1 1 4
PNT 16 53 2 1 6
PNT 18 53 2 1 5
PNT 22 53 2 1 3
PNT 24 53 1 1 6
PNT 25 53 2 1 7
PNT 27 53 1 1 5
PNT 28 53 1 1 7
PNT 29 53 1 1 5
PNT 30 53 1 1 2
PNT 31 53 1 1 5
PNT 33 53 2 1 3
PNT 35 53 1 1 5
PNT 36 53 1 1 2
PNT 37 53 2 1 5
PNT 40 53 1 1 2
PNT 41 53 1 1 4
PNT 42 53 1 1 2
PNT 44 53 1 1 2
PNT 46 53 1 1 4
PNT 48 53 1 1 2
PNT 49 53 2 1 4
PNT 52 53 2 1 2
PNT 54 53 1 1 3
PNT 55 53 1 1 2
PNT 56 53 4 1 4
PNT 61 53 1 1 5
PNT 63 53 1 1 5
PNT 65 53 1 1 5
PNT 66 53 2 1 3
PNT 68 53 1 1 7
PNT 69 53 1 1 6
PNT 70 53 4 1 7
PNT 74 53 2 1 6
PNT 76 53 3 1 3
PNT 80 53 2 1 5
PNT 0 54 1 1 5
PNT 2 54 1 1 4
PNT 3 54 2 1 3
PNT 5 54 1 1 4
PNT 6 54 2 1 3
PNT 8 54 1 1 0
PNT 9 54 2 1 3
PNT 12 54 1 1 4
PNT 13 54 3 1 5
PNT 16 54 2 1 6
PNT 18 54 5 1 0
PNT 23 54 1 1 7
PNT 24 54 1 1 6
PNT 25 54 2 1 3
PNT 27 54 3 1 7
PNT 30 54 2 1 3
PNT 32 54 1 1 7
PNT 33 54 1 1 5
PNT 35 54 8 1 5
PNT 43 54 1 1 0
PNT 44 54 3 1 5
PNT 47 54 1 1 0
PNT 48 54 3 1 5
PNT 51 54 1 1 0
PNT 52 54 3 1 5
PNT 55 54 1 1 4
PNT 57 54 1 1 5
PNT 59 54 5 1 5
PNT 64 54 1 1 7
PNT 66 54 2 1 7
PNT 68 54 1 1 2
PNT 69 54 1 1 7
PNT 70 54 6 1 3
PNT 76 54 2 1 5
PNT 78 54 1 1 0
PNT 79 54 2 1 4
PNT 81 54 47 1 0
PNT 0 55 1 1 3
PNT 1 55 1 1 2
PNT 2 55 1 1 3
PNT 3 55 1 1 4
PNT 4 55 2 1 3
PNT 6 55 1 1 0
PNT 7 55 1 1 3
PNT 8 55 2 1 0
PNT 11 55 1 1 0
PNT 12 55 1 1 5
PNT 13 55 1 1 0
PNT 14 55 2 1 5
PNT 16 55 1 1 0
PNT 17 55 1 1 4
PNT 18 55 5 1 0
PNT 23 55 1 1 7
PNT 24 55 1 1 2
PNT 25 55 1 1 4
PNT 26 55 2 1 5
PNT 28 55 1 1 4
PNT 29 55 1 1 5
PNT 30 55 3 1 7
PNT 33 55 1 1 3
PNT 34 55 1 1 2
PNT 35 55 1 1 6
PNT 36 55 1 1 7
PNT 37 55 1 1 5
PNT 39 55 7 1 5
PNT 47 55 1 1 5
PNT 49 55 1 1 5
PNT 51 55 1 1 5
PNT 53 55 1 1 5
PNT 55 55 1 1 4
PNT 56 55 4 1 5
PNT 60 55 1 1 7
PNT 61 55 1 1 5
PNT 62 55 4 1 7
PNT 66 55 3 1 6
PNT 70 55 1 1 4
PNT 71 55 4 1 5
PNT 75 55 2 1 4
PNT 78 55 50 1 0
PNT 1 56 3 1 3
PNT 4 56 1 1 0
PNT 6 56 1 1 4
PNT 7 56 5 1 3
PNT 12 56 4 1 5
PNT 22 56 1 1 5
PNT 24 56 1 1 6
PNT 26 56 2 1 4
PNT 28 56 1 1 5
PNT 29 56 2 1 4
PNT 32 56 2 1 4
PNT 34 56 1 1 5
PNT 35 56 1 1 3
PNT 36 56 1 1 2
PNT 37 56 1 1 3
PNT 38 56 1 1 4
PNT 39 56 1 1 5
PNT 40 56 1 1 7
PNT 41 56 1 1 5
PNT 43 56 1 1 5
PNT 44 56 1 1 7
PNT 45 56 3 1 5
PNT 48 56 1 1 7
PNT 49 56 3 1 5
PNT 52 56 1 1 7
PNT 53 56 1 1 5
PNT 54 56 2 1 4
PNT 56 56 1 1 7
PNT 57 56 1 1 5
PNT 58 56 1 1 2
PNT 59 56 3 1 7
PNT 62 56 2 1 6
PNT 64 56 1 1 5
PNT 65 56 2 1 4
PNT 67 56 1 1 5
PNT 68 56 1 1 2
PNT 69 56 2 1 5
PNT 71 56 3 1 4
PNT 0 57 1 1 4
PNT 1 57 1 1 3
PNT 2 57 1 1 0
PNT 3 57 1 1 4
PNT 4 57 1 1 3
PNT 5 57 1 1 4
PNT 6 57 1 1 3
PNT 8 57 4 1 3
PNT 12 57 2 1 5
PNT 22 57 1 1 5
PNT 24 57 1 1 2
PNT 25 57 1 1 6
PNT 26 57 2 1 5
PNT 28 57 4 1 4
PNT 32 57 1 1 5
PNT 33 57 1 1 4
PNT 34 57 1 1 2
PNT 35 57 1 1 5
PNT 36 57 2 1 4
PNT 38 57 1 1 2
PNT 39 57 1 1 3
PNT 40 57 1 1 2
PNT 41 57 17 1 7
PNT 58 57 1 1 5
PNT 60 57 1 1 5
PNT 61 57 2 1 4
PNT 64 57 2 1 5
PNT 66 57 1 1 6
PNT 67 57 1 1 4
PNT 68 57 1 1 6
PNT 70 57 3 1 5
PNT 73 57 1 1 4
PNT 74 57 1 1 5
PNT 0 58 1 1 0
PNT 1 58 1 1 2
PNT 2 58 2 1 3
PNT 4 58 1 1 4
PNT 5 58 4 1 3
PNT 9 58 1 1 0
PNT 10 58 2 1 3
PNT 12 58 2 1 5
PNT 14 58 8 1 0
PNT 22 58 1 1 5
PNT 23 58 1 1 0
PNT 24 58 1 1 6
PNT 26 58 3 1 5
PNT 29 58 1 1 4
PNT 30 58 1 1 0
PNT 31 58 2 1 4
PNT 33 58 2 1 5
PNT 36 58 1 1 5
PNT 37 58 2 1 4
PNT 39 58 1 1 0
PNT 40 58 1 1 4
PNT 41 58 1 1 0
PNT 42 58 2 1 6
PNT 44 58 1 1 4
PNT 45 58 1 1 0
PNT 46 58 2 1 6
PNT 48 58 1 1 4
PNT 49 58 1 1 0
PNT 50 58 2 1 6
PNT 52 58 1 1 4
PNT 53 58 1 1 0
PNT 54 58 2 1 6
PNT 56 58 2 1 4
PNT 58 58 1 1 2
PNT 59 58 3 1 5
PNT 62 58 3 1 4
PNT 65 58 1 1 6
PNT 66 58 1 1 5
PNT 67 58 1 1 0
PNT 68 58 1 1 2
PNT 69 58 1 1 6
PNT 70 58 4 1 5
PNT 74 58 1 1 4
PNT 75 58 1 1 5
PNT 76 58 52 1 0
PNT 0 59 2 1 0
PNT 2 59 1 1 4
PNT 3 59 2 1 3
PNT 5 59 1 1 4
PNT 6 59 5 1 3
PNT 11 59 1 1 4
PNT 12 59 10 1 0
PNT 22 59 1 1 5
PNT 23 59 1 1 0
PNT 24 59 1 1 2
PNT 25 59 1 1 6
PNT 26 59 4 1 5
PNT 30 59 1 1 4
PNT 31 59 1 1 0
PNT 32 59 1 1 4
PNT 33 59 1 1 5
PNT 34 59 1 1 2
PNT 35 59 1 1 5
PNT 36 59 4 1 4
PNT 40 59 1 1 5
PNT 41 59 2 1 4
PNT 43 59 1 1 0
PNT 44 59 1 1 5
PNT 45 59 2 1 4
PNT 47 59 1 1 0
PNT 48 59 1 1 5
PNT 49 59 2 1 4
PNT 51 59 1 1 0
PNT 52 59 1 1 5
PNT 53 59 3 1 4
PNT 56 59 2 1 5
PNT 58 59 1 1 4
PNT 60 59 2 1 4
PNT 62 59 1 1 0
PNT 63 59 1 1 4
PNT 64 59 1 1 0
PNT 65 59 1 1 6
PNT 66 59 1 1 5
PNT 67 59 1 1 0
PNT 68 59 1 1 6
PNT 70 59 4 1 5
PNT 74 59 1 1 4
PNT 75 59 1 1 5
PNT 76 59 52 1 0
PNT 3 60 1 1 4
PNT 4 60 7 1 3
PNT 11 60 1 1 4
PNT 22 60 1 1 5
PNT 24 60 1 1 6
PNT 26 60 4 1 5
PNT 30 60 1 1 4
PNT 32 60 1 1 4
PNT 33 60 2 1 5
PNT 36 60 5 1 4
PNT 42 60 3 1 4
PNT 46 60 3 1 4
PNT 50 60 3 1 4
PNT 54 60 3 1 4
PNT 57 60 2 1 5
PNT 59 60 1 1 2
PNT 60 60 1 1 5
PNT 62 60 2 1 4
PNT 65 60 1 1 6
PNT 66 60 1 1 5
PNT 68 60 1 1 2
PNT 69 60 1 1 6
PNT 70 60 4 1 5
PNT 74 60 1 1 4
PNT 75 60 1 1 5
PNT 4 61 1 1 4
PNT 5 61 1 1 3
PNT 7 61 4 1 3
PNT 22 61 1 1 5
PNT 24 61 1 1 2
PNT 25 61 1 1 6
PNT 26 61 4 1 5
PNT 30 61 1 1 4
PNT 32 61 1 1 4
PNT 33 61 1 1 5
PNT 34 61 1 1 2
PNT 35 61 1 1 5
PNT 36 61 4 1 4
PNT 54 61 3 1 4
PNT 57 61 1 1 2
PNT 58 61 2 1 5
PNT 62 61 2 1 4
PNT 65 61 1 1 6
PNT 66 61 1 1 5
PNT 68 61 2 1 6
PNT 70 61 4 1 5
PNT 74 61 1 1 4
PNT 75 61 1 1 5
PNT 0 62 4 1 0
PNT 4 62 4 1 3
PNT 8 62 1 1 0
PNT 9 62 2 1 3
PNT 11 62 11 1 0
PNT 22 62 1 1 5
PNT 23 62 1 1 0
PNT 24 62 1 1 6
PNT 26 62 4 1 5
PNT 30 62 1 1 4
PNT 31 62 1 1 0
PNT 32 62 1 1 4
PNT 33 62 2 1 5
PNT 36 62 4 1 4
PNT 40 62 14 1 0
PNT 54 62 3 1 4
PNT 57 62 2 1 5
PNT 59 62 1 1 2
PNT 60 62 1 1 5
PNT 61 62 1 1 0
PNT 62 62 2 1 4
PNT 64 62 1 1 0
PNT 65 62 1 1 6
PNT 66 62 1 1 5
PNT 67 62 1 1 0
PNT 68 62 1 1 2
PNT 69 62 1 1 6
PNT 70 62 4 1 5
PNT 74 62 1 1 4
PNT 75 62 1 1 5
PNT 76 62 52 1 0
PNT 0 63 6 1 0
PNT 6 63 3 1 3
PNT 9 63 1 1 0
PNT 10 63 1 1 3
PNT 11 63 11 1 0
PNT 22 63 1 1 5
PNT 23 63 1 1 0
PNT 24 63 1 1 2
PNT 25 63 1 1 6
PNT 26 63 4 1 5
PNT 30 63 1 1 4
PNT 31 63 1 1 0
PNT 32 63 1 1 4
PNT 33 63 1 1 5
PNT 34 63 1 1 2
PNT 35 63 1 1 5
PNT 36 63 4 1 4
PNT 40 63 15 1 0
PNT 55 63 2 1 4
PNT 57 63 3 1 5
PNT 61 63 1 1 0
PNT 62 63 2 1 4
PNT 64 63 1 1 0
PNT 65 63 1 1 6
PNT 66 63 1 1 5
PNT 67 63 1 1 0
PNT 68 63 2 1 6
PNT 70 63 4 1 5
PNT 74 63 1 1 4
PNT 75 63 1 1 5
PNT 76 63 52 1 0
PNT 5 64 1 1 3
PNT 7 64 3 1 3
PNT 22 64 1 1 5
PNT 24 64 1 1 6
PNT 26 64 4 1 5
PNT 30 64 1 1 4
PNT 32 64 1 1 4
PNT 33 64 2 1 5
PNT 36 64 4 1 4
PNT 55 64 3 1 4
PNT 58 64 2 1 5
PNT 60 64 1 1 2
PNT 61 64 1 1 5
PNT 62 64 2 1 4
PNT 65 64 1 1 6
PNT 66 64 1 1 5
PNT 68 64 1 1 2
PNT 69 64 1 1 6
PNT 70 64 4 1 5
PNT 74 64 1 1 4
PNT 75 64 1 1 5
PNT 8 65 2 1 3
PNT 22 65 1 1 5
PNT 24 65 1 1 2
PNT 25 65 1 1 6
PNT 26 65 4 1 5
PNT 30 65 1 1 4
PNT 32 65 1 1 4
PNT 33 65 1 1 5
PNT 34 65 1 1 2
PNT 35 65 1 1 5
PNT 36 65 4 1 4
PNT 55 65 3 1 4
PNT 58 65 1 1 3
PNT 59 65 2 1 5
PNT 62 65 2 1 4
PNT 65 65 1 1 6
PNT 66 65 1 1 5
PNT 67 65 2 1 6
PNT 69 65 4 1 5
PNT 73 65 1 1 4
PNT 75 65 1 1 5
PNT 0 66 6 1 0
PNT 6 66 1 1 2
PNT 7 66 2 1 0
PNT 9 66 1 1 3
PNT 10 66 12 1 0
PNT 22 66 1 1 5
PNT 23 66 1 1 0
PNT 24 66 1 1 6
PNT 26 66 4 1 5
PNT 30 66 1 1 4
PNT 31 66 1 1 0
PNT 32 66 1 1 4
PNT 33 66 2 1 5
PNT 36 66 4 1 4
PNT 40 66 15 1 0
PNT 55 66 3 1 4
PNT 58 66 2 1 5
PNT 60 66 1 1 2
PNT 61 66 1 1 5
PNT 62 66 3 1 4
PNT 65 66 1 1 6
PNT 66 66 1 1 5
PNT 67 66 1 1 2
PNT 68 66 1 1 6
PNT 69 66 4 1 5
PNT 73 66 1 1 4
PNT 74 66 1 1 5
PNT 75 66 53 1 0
PNT 0 67 22 1 0
PNT 22 67 1 1 5
PNT 23 67 1 1 0
PNT 24 67 1 1 2
PNT 25 67 1 1 6
PNT 26 67 4 1 5
PNT 30 67 1 1 4
PNT 31 67 1 1 0
PNT 32 67 1 1 4
PNT 33 67 1 1 5
PNT 34 67 1 1 2
PNT 35 67 1 1 5
PNT 36 67 4 1 4
PNT 40 67 16 1 0
PNT 56 67 2 1 4
PNT 58 67 1 1 5
PNT 59 67 1 1 4
PNT 60 67 1 1 5
PNT 62 67 2 1 4
PNT 64 67 1 1 0
PNT 65 67 1 1 6
PNT 66 67 1 1 5
PNT 67 67 2 1 6
PNT 69 67 4 1 5
PNT 73 67 1 1 4
PNT 74 67 1 1 5
PNT 75 67 53 1 0
PNT 22 68 1 1 5
PNT 23 68 1 1 6
PNT 24 68 1 1 7
PNT 25 68 1 1 6
PNT 26 68 5 1 5
PNT 32 68 1 1 4
PNT 33 68 1 1 5
PNT 34 68 1 1 6
PNT 35 68 1 1 5
PNT 36 68 4 1 4
PNT 56 68 3 1 4
PNT 59 68 2 1 5
PNT 61 68 1 1 2
PNT 62 68 1 1 4
PNT 65 68 1 1 6
PNT 66 68 1 1 5
PNT 67 68 1 1 2
PNT 68 68 1 1 6
PNT 69 68 4 1 5
PNT 73 68 1 1 4
PNT 74 68 1 1 5
PNT 22 69 1 1 5
PNT 23 69 2 1 7
PNT 25 69 1 1 6
PNT 26 69 2 1 5
PNT 28 69 1 1 6
PNT 29 69 2 1 5
PNT 31 69 2 1 4
PNT 33 69 2 1 6
PNT 35 69 1 1 5
PNT 36 69 1 1 4
PNT 37 69 1 1 6
PNT 38 69 1 1 5
PNT 39 69 1 1 4
PNT 56 69 8 1 6
PNT 65 69 2 1 5
PNT 67 69 1 1 7
PNT 68 69 1 1 6
PNT 69 69 1 1 5
PNT 70 69 1 1 6
PNT 71 69 1 1 5
PNT 72 69 1 1 4
PNT 73 69 1 1 5
PNT 0 70 21 1 2
PNT 21 70 1 1 6
PNT 22 70 6 1 7
PNT 28 70 2 1 5
PNT 30 70 1 1 2
PNT 31 70 1 1 4
PNT 32 70 6 1 6
PNT 38 70 2 1 5
PNT 40 70 17 1 2
PNT 57 70 1 1 5
PNT 58 70 6 1 6
PNT 64 70 1 1 2
PNT 65 70 6 1 7
PNT 71 70 1 1 6
PNT 72 70 1 1 4
PNT 73 70 1 1 5
PNT 74 70 54 1 2
PNT 0 71 16 1 2
PNT 19 71 3 1 2
PNT 22 71 6 1 7
PNT 28 71 4 1 2
PNT 32 71 6 1 6
PNT 38 71 11 1 2
PNT 51 71 8 1 2
PNT 59 71 1 1 4
PNT 60 71 5 1 2
PNT 65 71 8 1 7
PNT 73 71 1 1 6
PNT 74 71 7 1 2
PNT 83 71 13 1 2
PNT 99 71 13 1 2
PNT 115 71 9 1 2
PNT 127 71 1 1 2
PNT 0 72 18 1 3
PNT 18 72 71 1 2
PNT 89 72 39 1 3
PNT 0 73 20 1 2
PNT 87 73 41 1 2
PNT 16 76 2 1 2
PNT 22 76 2 1 2
PNT 27 76 5 1 2
PNT 50 76 14 1 2
PNT 82 76 6 1 2
PNT 90 76 6 1 2
PNT 112 76 8 1 2
PNT 123 76 5 1 2
PNT 0 80 24 1 2
PNT 26 80 38 1 2
PNT 66 80 38 1 2
PNT 106 80 22 1 2
PNT 0 82 8 1 2
PNT 18 82 54 1 2
PNT 80 82 14 1 2
PNT 98 82 30 1 2
PNT 0 83 24 1 2
PNT 32 83 2 1 2
PNT 38 83 18 1 2
PNT 64 83 10 1 2
PNT 78 83 10 1 2
PNT 96 83 18 1 2
PNT 118 83 2 1 2
PNT 0 86 24 1 2
PNT 30 86 50 1 2
PNT 86 86 42 1 2
PNT 0 87 52 1 2
PNT 58 87 50 1 2
PNT 114 87 14 1 2
PNT 0 88 128 1 2
PNT 0 89 128 1 2
PNT 0 90 128 1 2
PNT 0 91 128 1 2
PNT 0 92 128 1 2
PNT 0 93 128 1 2
PNT 0 94 128 1 2
PNT 0 95 128 1 2
REC 1
;
; @END
